firstName,middleName,lastName,DOB,gender,guardianName,guardianPhone,guardianAddress,guardianEmail,guardianRelationship,classId,sectionId,sectionName,academicYearId,admissionDate,nationality,createParentPortal
Amina,Ali,Abdullahi,2017-01-01,Female,Abdullahi Abdullahi,+252610000201,House 0201 Hodan District Mogadishu,guardian0201@example.com,Mother,6a76266063e146a4e41f686e,,,6a7621e463e146a4e41f6852,2026-08-07,Somali,false
Ahmed,Ibrahim,Abdullahi,2016-02-02,Male,Halima Abdullahi,+252610000202,House 0202 Waberi District Mogadishu,guardian0202@example.com,Father,6a76266063e146a4e41f686e,,,6a7621e463e146a4e41f6852,2026-08-07,Somali,false
Hodan,Abdullahi,Abdullahi,2017-03-03,Female,Jama Abdullahi,+252610000203,House 0203 Hamar Weyne District Mogadishu,guardian0203@example.com,Mother,6a76266063e146a4e41f686e,,,6a7621e463e146a4e41f6852,2026-08-07,Somali,false
Mohamed,Samatar,Abdullahi,2016-04-04,Male,Ruqiya Abdullahi,+252610000204,House 0204 Yaqshid District Mogadishu,guardian0204@example.com,Father,6a76266063e146a4e41f686e,,,6a7621e463e146a4e41f6852,2026-08-07,Somali,false
Sahra,Elmi,Abdullahi,2017-05-05,Female,Ahmed Abdullahi,+252610000205,House 0205 Karaan District Mogadishu,guardian0205@example.com,Mother,6a76266063e146a4e41f686e,,,6a7621e463e146a4e41f6852,2026-08-07,Somali,false
Abdi,Mohamed,Abdullahi,2016-06-06,Male,Deqa Abdullahi,+252610000206,House 0206 Wadajir District Mogadishu,guardian0206@example.com,Father,6a76266063e146a4e41f686e,,,6a7621e463e146a4e41f6852,2026-08-07,Somali,false
Fadumo,Farah,Abdullahi,2017-07-07,Female,Adan Abdullahi,+252610000207,House 0207 Dharkenley District Mogadishu,guardian0207@example.com,Mother,6a76266063e146a4e41f686e,,,6a7621e463e146a4e41f6852,2026-08-07,Somali,false
Yusuf,Muse,Abdullahi,2016-08-08,Male,Ikram Abdullahi,+252610000208,House 0208 Shangani District Mogadishu,guardian0208@example.com,Father,6a76266063e146a4e41f686e,,,6a7621e463e146a4e41f6852,2026-08-07,Somali,false
Maryan,Roble,Abdullahi,2017-09-09,Female,Ali Abdullahi,+252610000209,House 0209 Bondhere District Mogadishu,guardian0209@example.com,Mother,6a76266063e146a4e41f686e,,,6a7621e463e146a4e41f6852,2026-08-07,Somali,false
Hassan,Omar,Abdullahi,2016-10-10,Male,Yasmin Abdullahi,+252610000210,House 0210 Daynile District Mogadishu,guardian0210@example.com,Father,6a76266063e146a4e41f686e,,,6a7621e463e146a4e41f6852,2026-08-07,Somali,false
Halima,Osman,Abdullahi,2017-11-11,Female,Muse Abdullahi,+252610000211,House 0211 Hodan District Mogadishu,guardian0211@example.com,Mother,6a76266063e146a4e41f686e,,,6a7621e463e146a4e41f6852,2026-08-07,Somali,false
Omar,Bashir,Abdullahi,2016-12-12,Male,Khadra Abdullahi,+252610000212,House 0212 Waberi District Mogadishu,guardian0212@example.com,Father,6a76266063e146a4e41f686e,,,6a7621e463e146a4e41f6852,2026-08-07,Somali,false
Yasmin,Khalif,Abdullahi,2017-01-13,Female,Omar Abdullahi,+252610000213,House 0213 Hamar Weyne District Mogadishu,guardian0213@example.com,Mother,6a76266063e146a4e41f686e,,,6a7621e463e146a4e41f6852,2026-08-07,Somali,false
Ali,Hassan,Abdullahi,2016-02-14,Male,Ifrah Abdullahi,+252610000214,House 0214 Yaqshid District Mogadishu,guardian0214@example.com,Father,6a76266063e146a4e41f686e,,,6a7621e463e146a4e41f6852,2026-08-07,Somali,false
Ikram,Ismail,Abdullahi,2017-03-15,Female,Said Abdullahi,+252610000215,House 0215 Karaan District Mogadishu,guardian0215@example.com,Mother,6a76266063e146a4e41f686e,,,6a7621e463e146a4e41f6852,2026-08-07,Somali,false
Ismail,Mahad,Abdullahi,2016-04-16,Male,Sahra Abdullahi,+252610000216,House 0216 Wadajir District Mogadishu,guardian0216@example.com,Father,6a76266063e146a4e41f686e,,,6a7621e463e146a4e41f6852,2026-08-07,Somali,false
Nasteho,Abshir,Abdullahi,2017-05-17,Female,Ismail Abdullahi,+252610000217,House 0217 Dharkenley District Mogadishu,guardian0217@example.com,Mother,6a76266063e146a4e41f686e,,,6a7621e463e146a4e41f6852,2026-08-07,Somali,false
Ibrahim,Aden,Abdullahi,2016-06-18,Male,Sumaya Abdullahi,+252610000218,House 0218 Shangani District Mogadishu,guardian0218@example.com,Father,6a76266063e146a4e41f686e,,,6a7621e463e146a4e41f6852,2026-08-07,Somali,false
Deqa,Ahmed,Abdullahi,2017-07-19,Female,Samatar Abdullahi,+252610000219,House 0219 Bondhere District Mogadishu,guardian0219@example.com,Mother,6a76266063e146a4e41f686e,,,6a7621e463e146a4e41f6852,2026-08-07,Somali,false
Zakariya,Warsame,Abdullahi,2016-08-20,Male,Maryan Abdullahi,+252610000220,House 0220 Daynile District Mogadishu,guardian0220@example.com,Father,6a76266063e146a4e41f686e,,,6a7621e463e146a4e41f6852,2026-08-07,Somali,false
Asha,Daud,Abdullahi,2017-09-21,Female,Osman Abdullahi,+252610000221,House 0221 Hodan District Mogadishu,guardian0221@example.com,Mother,6a76266063e146a4e41f686e,,,6a7621e463e146a4e41f6852,2026-08-07,Somali,false
Abdullahi,Guled,Abdullahi,2016-10-22,Male,Muna Abdullahi,+252610000222,House 0222 Waberi District Mogadishu,guardian0222@example.com,Father,6a76266063e146a4e41f686e,,,6a7621e463e146a4e41f6852,2026-08-07,Somali,false
Khadija,Yusuf,Abdullahi,2017-11-23,Female,Mohamed Abdullahi,+252610000223,House 0223 Hamar Weyne District Mogadishu,guardian0223@example.com,Mother,6a76266063e146a4e41f686e,,,6a7621e463e146a4e41f6852,2026-08-07,Somali,false
Bashir,Jama,Abdullahi,2016-12-24,Male,Asha Abdullahi,+252610000224,House 0224 Yaqshid District Mogadishu,guardian0224@example.com,Father,6a76266063e146a4e41f686e,,,6a7621e463e146a4e41f6852,2026-08-07,Somali,false
Hibo,Said,Abdullahi,2017-01-25,Female,Farah Abdullahi,+252610000225,House 0225 Karaan District Mogadishu,guardian0225@example.com,Mother,6a76266063e146a4e41f686e,,,6a7621e463e146a4e41f6852,2026-08-07,Somali,false
Mahad,Shire,Abdullahi,2016-02-26,Male,Amal Abdullahi,+252610000226,House 0226 Wadajir District Mogadishu,guardian0226@example.com,Father,6a76266063e146a4e41f686e,,,6a7621e463e146a4e41f6852,2026-08-07,Somali,false
Rahma,Abdi,Abdullahi,2017-03-27,Female,Yusuf Abdullahi,+252610000227,House 0227 Dharkenley District Mogadishu,guardian0227@example.com,Mother,6a76266063e146a4e41f686e,,,6a7621e463e146a4e41f6852,2026-08-07,Somali,false
Adan,Nur,Abdullahi,2016-04-28,Male,Nasteho Abdullahi,+252610000228,House 0228 Shangani District Mogadishu,guardian0228@example.com,Father,6a76266063e146a4e41f686e,,,6a7621e463e146a4e41f6852,2026-08-07,Somali,false
Ifrah,Adan,Abdullahi,2017-05-01,Female,Bashir Abdullahi,+252610000229,House 0229 Bondhere District Mogadishu,guardian0229@example.com,Mother,6a76266063e146a4e41f686e,,,6a7621e463e146a4e41f6852,2026-08-07,Somali,false
Farah,Liban,Abdullahi,2016-06-02,Male,Khadija Abdullahi,+252610000230,House 0230 Daynile District Mogadishu,guardian0230@example.com,Father,6a76266063e146a4e41f686e,,,6a7621e463e146a4e41f6852,2026-08-07,Somali,false
Sumaya,Ali,Abdullahi,2017-07-03,Female,Hassan Abdullahi,+252610000231,House 0231 Hodan District Mogadishu,guardian0231@example.com,Mother,6a76266063e146a4e41f686e,,,6a7621e463e146a4e41f6852,2026-08-07,Somali,false
Jama,Ibrahim,Abdullahi,2016-08-04,Male,Rahma Abdullahi,+252610000232,House 0232 Waberi District Mogadishu,guardian0232@example.com,Father,6a76266063e146a4e41f686e,,,6a7621e463e146a4e41f6852,2026-08-07,Somali,false
Muna,Abdullahi,Abdullahi,2017-09-05,Female,Warsame Abdullahi,+252610000233,House 0233 Hamar Weyne District Mogadishu,guardian0233@example.com,Mother,6a76266063e146a4e41f686e,,,6a7621e463e146a4e41f6852,2026-08-07,Somali,false
Osman,Samatar,Abdullahi,2016-10-06,Male,Hawa Abdullahi,+252610000234,House 0234 Yaqshid District Mogadishu,guardian0234@example.com,Father,6a76266063e146a4e41f686e,,,6a7621e463e146a4e41f6852,2026-08-07,Somali,false
Ruqiya,Elmi,Abdullahi,2017-11-07,Female,Ibrahim Abdullahi,+252610000235,House 0235 Karaan District Mogadishu,guardian0235@example.com,Mother,6a76266063e146a4e41f686e,,,6a7621e463e146a4e41f6852,2026-08-07,Somali,false
Said,Mohamed,Abdullahi,2016-12-08,Male,Hibo Abdullahi,+252610000236,House 0236 Wadajir District Mogadishu,guardian0236@example.com,Father,6a76266063e146a4e41f686e,,,6a7621e463e146a4e41f6852,2026-08-07,Somali,false
Luul,Farah,Abdullahi,2017-01-09,Female,Daud Abdullahi,+252610000237,House 0237 Dharkenley District Mogadishu,guardian0237@example.com,Mother,6a76266063e146a4e41f686e,,,6a7621e463e146a4e41f6852,2026-08-07,Somali,false
Muse,Muse,Abdullahi,2016-02-10,Male,Fadumo Abdullahi,+252610000238,House 0238 Shangani District Mogadishu,guardian0238@example.com,Father,6a76266063e146a4e41f686e,,,6a7621e463e146a4e41f6852,2026-08-07,Somali,false
Amal,Roble,Abdullahi,2017-03-11,Female,Mahad Abdullahi,+252610000239,House 0239 Bondhere District Mogadishu,guardian0239@example.com,Mother,6a76266063e146a4e41f686e,,,6a7621e463e146a4e41f6852,2026-08-07,Somali,false
Warsame,Omar,Abdullahi,2016-04-12,Male,Luul Abdullahi,+252610000240,House 0240 Daynile District Mogadishu,guardian0240@example.com,Father,6a76266063e146a4e41f686e,,,6a7621e463e146a4e41f6852,2026-08-07,Somali,false
Amina,Osman,Hassan,2017-05-13,Female,Abdullahi Hassan,+252610000241,House 0241 Hodan District Mogadishu,guardian0241@example.com,Mother,6a76266063e146a4e41f686e,,,6a7621e463e146a4e41f6852,2026-08-07,Somali,false
Ahmed,Bashir,Hassan,2016-06-14,Male,Halima Hassan,+252610000242,House 0242 Waberi District Mogadishu,guardian0242@example.com,Father,6a76266063e146a4e41f686e,,,6a7621e463e146a4e41f6852,2026-08-07,Somali,false
Hodan,Khalif,Hassan,2017-07-15,Female,Jama Hassan,+252610000243,House 0243 Hamar Weyne District Mogadishu,guardian0243@example.com,Mother,6a76266063e146a4e41f686e,,,6a7621e463e146a4e41f6852,2026-08-07,Somali,false
Mohamed,Hassan,Hassan,2016-08-16,Male,Ruqiya Hassan,+252610000244,House 0244 Yaqshid District Mogadishu,guardian0244@example.com,Father,6a76266063e146a4e41f686e,,,6a7621e463e146a4e41f6852,2026-08-07,Somali,false
Sahra,Ismail,Hassan,2017-09-17,Female,Ahmed Hassan,+252610000245,House 0245 Karaan District Mogadishu,guardian0245@example.com,Mother,6a76266063e146a4e41f686e,,,6a7621e463e146a4e41f6852,2026-08-07,Somali,false
Abdi,Mahad,Hassan,2016-10-18,Male,Deqa Hassan,+252610000246,House 0246 Wadajir District Mogadishu,guardian0246@example.com,Father,6a76266063e146a4e41f686e,,,6a7621e463e146a4e41f6852,2026-08-07,Somali,false
Fadumo,Abshir,Hassan,2017-11-19,Female,Adan Hassan,+252610000247,House 0247 Dharkenley District Mogadishu,guardian0247@example.com,Mother,6a76266063e146a4e41f686e,,,6a7621e463e146a4e41f6852,2026-08-07,Somali,false
Yusuf,Aden,Hassan,2016-12-20,Male,Ikram Hassan,+252610000248,House 0248 Shangani District Mogadishu,guardian0248@example.com,Father,6a76266063e146a4e41f686e,,,6a7621e463e146a4e41f6852,2026-08-07,Somali,false
Maryan,Ahmed,Hassan,2017-01-21,Female,Ali Hassan,+252610000249,House 0249 Bondhere District Mogadishu,guardian0249@example.com,Mother,6a76266063e146a4e41f686e,,,6a7621e463e146a4e41f6852,2026-08-07,Somali,false
Hassan,Warsame,Hassan,2016-02-22,Male,Yasmin Hassan,+252610000250,House 0250 Daynile District Mogadishu,guardian0250@example.com,Father,6a76266063e146a4e41f686e,,,6a7621e463e146a4e41f6852,2026-08-07,Somali,false
Halima,Daud,Hassan,2017-03-23,Female,Muse Hassan,+252610000251,House 0251 Hodan District Mogadishu,guardian0251@example.com,Mother,6a76266063e146a4e41f686e,,,6a7621e463e146a4e41f6852,2026-08-07,Somali,false
Omar,Guled,Hassan,2016-04-24,Male,Khadra Hassan,+252610000252,House 0252 Waberi District Mogadishu,guardian0252@example.com,Father,6a76266063e146a4e41f686e,,,6a7621e463e146a4e41f6852,2026-08-07,Somali,false
Yasmin,Yusuf,Hassan,2017-05-25,Female,Omar Hassan,+252610000253,House 0253 Hamar Weyne District Mogadishu,guardian0253@example.com,Mother,6a76266063e146a4e41f686e,,,6a7621e463e146a4e41f6852,2026-08-07,Somali,false
Ali,Jama,Hassan,2016-06-26,Male,Ifrah Hassan,+252610000254,House 0254 Yaqshid District Mogadishu,guardian0254@example.com,Father,6a76266063e146a4e41f686e,,,6a7621e463e146a4e41f6852,2026-08-07,Somali,false
Ikram,Said,Hassan,2017-07-27,Female,Said Hassan,+252610000255,House 0255 Karaan District Mogadishu,guardian0255@example.com,Mother,6a76266063e146a4e41f686e,,,6a7621e463e146a4e41f6852,2026-08-07,Somali,false
Ismail,Shire,Hassan,2016-08-28,Male,Sahra Hassan,+252610000256,House 0256 Wadajir District Mogadishu,guardian0256@example.com,Father,6a76266063e146a4e41f686e,,,6a7621e463e146a4e41f6852,2026-08-07,Somali,false
Nasteho,Abdi,Hassan,2017-09-01,Female,Ismail Hassan,+252610000257,House 0257 Dharkenley District Mogadishu,guardian0257@example.com,Mother,6a76266063e146a4e41f686e,,,6a7621e463e146a4e41f6852,2026-08-07,Somali,false
Ibrahim,Nur,Hassan,2016-10-02,Male,Sumaya Hassan,+252610000258,House 0258 Shangani District Mogadishu,guardian0258@example.com,Father,6a76266063e146a4e41f686e,,,6a7621e463e146a4e41f6852,2026-08-07,Somali,false
Deqa,Adan,Hassan,2017-11-03,Female,Samatar Hassan,+252610000259,House 0259 Bondhere District Mogadishu,guardian0259@example.com,Mother,6a76266063e146a4e41f686e,,,6a7621e463e146a4e41f6852,2026-08-07,Somali,false
Zakariya,Liban,Hassan,2016-12-04,Male,Maryan Hassan,+252610000260,House 0260 Daynile District Mogadishu,guardian0260@example.com,Father,6a76266063e146a4e41f686e,,,6a7621e463e146a4e41f6852,2026-08-07,Somali,false
Asha,Ali,Hassan,2017-01-05,Female,Osman Hassan,+252610000261,House 0261 Hodan District Mogadishu,guardian0261@example.com,Mother,6a76266063e146a4e41f686e,,,6a7621e463e146a4e41f6852,2026-08-07,Somali,false
Abdullahi,Ibrahim,Hassan,2016-02-06,Male,Muna Hassan,+252610000262,House 0262 Waberi District Mogadishu,guardian0262@example.com,Father,6a76266063e146a4e41f686e,,,6a7621e463e146a4e41f6852,2026-08-07,Somali,false
Khadija,Abdullahi,Hassan,2017-03-07,Female,Mohamed Hassan,+252610000263,House 0263 Hamar Weyne District Mogadishu,guardian0263@example.com,Mother,6a76266063e146a4e41f686e,,,6a7621e463e146a4e41f6852,2026-08-07,Somali,false
Bashir,Samatar,Hassan,2016-04-08,Male,Asha Hassan,+252610000264,House 0264 Yaqshid District Mogadishu,guardian0264@example.com,Father,6a76266063e146a4e41f686e,,,6a7621e463e146a4e41f6852,2026-08-07,Somali,false
Hibo,Elmi,Hassan,2017-05-09,Female,Farah Hassan,+252610000265,House 0265 Karaan District Mogadishu,guardian0265@example.com,Mother,6a76266063e146a4e41f686e,,,6a7621e463e146a4e41f6852,2026-08-07,Somali,false
Mahad,Mohamed,Hassan,2016-06-10,Male,Amal Hassan,+252610000266,House 0266 Wadajir District Mogadishu,guardian0266@example.com,Father,6a76266063e146a4e41f686e,,,6a7621e463e146a4e41f6852,2026-08-07,Somali,false
Rahma,Farah,Hassan,2017-07-11,Female,Yusuf Hassan,+252610000267,House 0267 Dharkenley District Mogadishu,guardian0267@example.com,Mother,6a76266063e146a4e41f686e,,,6a7621e463e146a4e41f6852,2026-08-07,Somali,false
Adan,Muse,Hassan,2016-08-12,Male,Nasteho Hassan,+252610000268,House 0268 Shangani District Mogadishu,guardian0268@example.com,Father,6a76266063e146a4e41f686e,,,6a7621e463e146a4e41f6852,2026-08-07,Somali,false
Ifrah,Roble,Hassan,2017-09-13,Female,Bashir Hassan,+252610000269,House 0269 Bondhere District Mogadishu,guardian0269@example.com,Mother,6a76266063e146a4e41f686e,,,6a7621e463e146a4e41f6852,2026-08-07,Somali,false
Farah,Omar,Hassan,2016-10-14,Male,Khadija Hassan,+252610000270,House 0270 Daynile District Mogadishu,guardian0270@example.com,Father,6a76266063e146a4e41f686e,,,6a7621e463e146a4e41f6852,2026-08-07,Somali,false
Sumaya,Osman,Hassan,2017-11-15,Female,Hassan Hassan,+252610000271,House 0271 Hodan District Mogadishu,guardian0271@example.com,Mother,6a76266063e146a4e41f686e,,,6a7621e463e146a4e41f6852,2026-08-07,Somali,false
Jama,Bashir,Hassan,2016-12-16,Male,Rahma Hassan,+252610000272,House 0272 Waberi District Mogadishu,guardian0272@example.com,Father,6a76266063e146a4e41f686e,,,6a7621e463e146a4e41f6852,2026-08-07,Somali,false
Muna,Khalif,Hassan,2017-01-17,Female,Warsame Hassan,+252610000273,House 0273 Hamar Weyne District Mogadishu,guardian0273@example.com,Mother,6a76266063e146a4e41f686e,,,6a7621e463e146a4e41f6852,2026-08-07,Somali,false
Osman,Hassan,Hassan,2016-02-18,Male,Hawa Hassan,+252610000274,House 0274 Yaqshid District Mogadishu,guardian0274@example.com,Father,6a76266063e146a4e41f686e,,,6a7621e463e146a4e41f6852,2026-08-07,Somali,false
Ruqiya,Ismail,Hassan,2017-03-19,Female,Ibrahim Hassan,+252610000275,House 0275 Karaan District Mogadishu,guardian0275@example.com,Mother,6a76266063e146a4e41f686e,,,6a7621e463e146a4e41f6852,2026-08-07,Somali,false
Said,Mahad,Hassan,2016-04-20,Male,Hibo Hassan,+252610000276,House 0276 Wadajir District Mogadishu,guardian0276@example.com,Father,6a76266063e146a4e41f686e,,,6a7621e463e146a4e41f6852,2026-08-07,Somali,false
Luul,Abshir,Hassan,2017-05-21,Female,Daud Hassan,+252610000277,House 0277 Dharkenley District Mogadishu,guardian0277@example.com,Mother,6a76266063e146a4e41f686e,,,6a7621e463e146a4e41f6852,2026-08-07,Somali,false
Muse,Aden,Hassan,2016-06-22,Male,Fadumo Hassan,+252610000278,House 0278 Shangani District Mogadishu,guardian0278@example.com,Father,6a76266063e146a4e41f686e,,,6a7621e463e146a4e41f6852,2026-08-07,Somali,false
Amal,Ahmed,Hassan,2017-07-23,Female,Mahad Hassan,+252610000279,House 0279 Bondhere District Mogadishu,guardian0279@example.com,Mother,6a76266063e146a4e41f686e,,,6a7621e463e146a4e41f6852,2026-08-07,Somali,false
Warsame,Warsame,Hassan,2016-08-24,Male,Luul Hassan,+252610000280,House 0280 Daynile District Mogadishu,guardian0280@example.com,Father,6a76266063e146a4e41f686e,,,6a7621e463e146a4e41f6852,2026-08-07,Somali,false
Amina,Daud,Mohamed,2017-09-25,Female,Abdullahi Mohamed,+252610000281,House 0281 Hodan District Mogadishu,guardian0281@example.com,Mother,6a76266063e146a4e41f686e,,,6a7621e463e146a4e41f6852,2026-08-07,Somali,false
Ahmed,Guled,Mohamed,2016-10-26,Male,Halima Mohamed,+252610000282,House 0282 Waberi District Mogadishu,guardian0282@example.com,Father,6a76266063e146a4e41f686e,,,6a7621e463e146a4e41f6852,2026-08-07,Somali,false
Hodan,Yusuf,Mohamed,2017-11-27,Female,Jama Mohamed,+252610000283,House 0283 Hamar Weyne District Mogadishu,guardian0283@example.com,Mother,6a76266063e146a4e41f686e,,,6a7621e463e146a4e41f6852,2026-08-07,Somali,false
Mohamed,Jama,Mohamed,2016-12-28,Male,Ruqiya Mohamed,+252610000284,House 0284 Yaqshid District Mogadishu,guardian0284@example.com,Father,6a76266063e146a4e41f686e,,,6a7621e463e146a4e41f6852,2026-08-07,Somali,false
Sahra,Said,Mohamed,2017-01-01,Female,Ahmed Mohamed,+252610000285,House 0285 Karaan District Mogadishu,guardian0285@example.com,Mother,6a76266063e146a4e41f686e,,,6a7621e463e146a4e41f6852,2026-08-07,Somali,false
Abdi,Shire,Mohamed,2016-02-02,Male,Deqa Mohamed,+252610000286,House 0286 Wadajir District Mogadishu,guardian0286@example.com,Father,6a76266063e146a4e41f686e,,,6a7621e463e146a4e41f6852,2026-08-07,Somali,false
Fadumo,Abdi,Mohamed,2017-03-03,Female,Adan Mohamed,+252610000287,House 0287 Dharkenley District Mogadishu,guardian0287@example.com,Mother,6a76266063e146a4e41f686e,,,6a7621e463e146a4e41f6852,2026-08-07,Somali,false
Yusuf,Nur,Mohamed,2016-04-04,Male,Ikram Mohamed,+252610000288,House 0288 Shangani District Mogadishu,guardian0288@example.com,Father,6a76266063e146a4e41f686e,,,6a7621e463e146a4e41f6852,2026-08-07,Somali,false
Maryan,Adan,Mohamed,2017-05-05,Female,Ali Mohamed,+252610000289,House 0289 Bondhere District Mogadishu,guardian0289@example.com,Mother,6a76266063e146a4e41f686e,,,6a7621e463e146a4e41f6852,2026-08-07,Somali,false
Hassan,Liban,Mohamed,2016-06-06,Male,Yasmin Mohamed,+252610000290,House 0290 Daynile District Mogadishu,guardian0290@example.com,Father,6a76266063e146a4e41f686e,,,6a7621e463e146a4e41f6852,2026-08-07,Somali,false
Halima,Ali,Mohamed,2017-07-07,Female,Muse Mohamed,+252610000291,House 0291 Hodan District Mogadishu,guardian0291@example.com,Mother,6a76266063e146a4e41f686e,,,6a7621e463e146a4e41f6852,2026-08-07,Somali,false
Omar,Ibrahim,Mohamed,2016-08-08,Male,Khadra Mohamed,+252610000292,House 0292 Waberi District Mogadishu,guardian0292@example.com,Father,6a76266063e146a4e41f686e,,,6a7621e463e146a4e41f6852,2026-08-07,Somali,false
Yasmin,Abdullahi,Mohamed,2017-09-09,Female,Omar Mohamed,+252610000293,House 0293 Hamar Weyne District Mogadishu,guardian0293@example.com,Mother,6a76266063e146a4e41f686e,,,6a7621e463e146a4e41f6852,2026-08-07,Somali,false
Ali,Samatar,Mohamed,2016-10-10,Male,Ifrah Mohamed,+252610000294,House 0294 Yaqshid District Mogadishu,guardian0294@example.com,Father,6a76266063e146a4e41f686e,,,6a7621e463e146a4e41f6852,2026-08-07,Somali,false
Ikram,Elmi,Mohamed,2017-11-11,Female,Said Mohamed,+252610000295,House 0295 Karaan District Mogadishu,guardian0295@example.com,Mother,6a76266063e146a4e41f686e,,,6a7621e463e146a4e41f6852,2026-08-07,Somali,false
Ismail,Mohamed,Mohamed,2016-12-12,Male,Sahra Mohamed,+252610000296,House 0296 Wadajir District Mogadishu,guardian0296@example.com,Father,6a76266063e146a4e41f686e,,,6a7621e463e146a4e41f6852,2026-08-07,Somali,false
Nasteho,Farah,Mohamed,2017-01-13,Female,Ismail Mohamed,+252610000297,House 0297 Dharkenley District Mogadishu,guardian0297@example.com,Mother,6a76266063e146a4e41f686e,,,6a7621e463e146a4e41f6852,2026-08-07,Somali,false
Ibrahim,Muse,Mohamed,2016-02-14,Male,Sumaya Mohamed,+252610000298,House 0298 Shangani District Mogadishu,guardian0298@example.com,Father,6a76266063e146a4e41f686e,,,6a7621e463e146a4e41f6852,2026-08-07,Somali,false
Deqa,Roble,Mohamed,2017-03-15,Female,Samatar Mohamed,+252610000299,House 0299 Bondhere District Mogadishu,guardian0299@example.com,Mother,6a76266063e146a4e41f686e,,,6a7621e463e146a4e41f6852,2026-08-07,Somali,false
Zakariya,Omar,Mohamed,2016-04-16,Male,Maryan Mohamed,+252610000300,House 0300 Daynile District Mogadishu,guardian0300@example.com,Father,6a76266063e146a4e41f686e,,,6a7621e463e146a4e41f6852,2026-08-07,Somali,false
Asha,Osman,Mohamed,2017-05-17,Female,Osman Mohamed,+252610000301,House 0301 Hodan District Mogadishu,guardian0301@example.com,Mother,6a76266063e146a4e41f686e,,,6a7621e463e146a4e41f6852,2026-08-07,Somali,false
Abdullahi,Bashir,Mohamed,2016-06-18,Male,Muna Mohamed,+252610000302,House 0302 Waberi District Mogadishu,guardian0302@example.com,Father,6a76266063e146a4e41f686e,,,6a7621e463e146a4e41f6852,2026-08-07,Somali,false
Khadija,Khalif,Mohamed,2017-07-19,Female,Mohamed Mohamed,+252610000303,House 0303 Hamar Weyne District Mogadishu,guardian0303@example.com,Mother,6a76266063e146a4e41f686e,,,6a7621e463e146a4e41f6852,2026-08-07,Somali,false
Bashir,Hassan,Mohamed,2016-08-20,Male,Asha Mohamed,+252610000304,House 0304 Yaqshid District Mogadishu,guardian0304@example.com,Father,6a76266063e146a4e41f686e,,,6a7621e463e146a4e41f6852,2026-08-07,Somali,false
Hibo,Ismail,Mohamed,2017-09-21,Female,Farah Mohamed,+252610000305,House 0305 Karaan District Mogadishu,guardian0305@example.com,Mother,6a76266063e146a4e41f686e,,,6a7621e463e146a4e41f6852,2026-08-07,Somali,false
Mahad,Mahad,Mohamed,2016-10-22,Male,Amal Mohamed,+252610000306,House 0306 Wadajir District Mogadishu,guardian0306@example.com,Father,6a76266063e146a4e41f686e,,,6a7621e463e146a4e41f6852,2026-08-07,Somali,false
Rahma,Abshir,Mohamed,2017-11-23,Female,Yusuf Mohamed,+252610000307,House 0307 Dharkenley District Mogadishu,guardian0307@example.com,Mother,6a76266063e146a4e41f686e,,,6a7621e463e146a4e41f6852,2026-08-07,Somali,false
Adan,Aden,Mohamed,2016-12-24,Male,Nasteho Mohamed,+252610000308,House 0308 Shangani District Mogadishu,guardian0308@example.com,Father,6a76266063e146a4e41f686e,,,6a7621e463e146a4e41f6852,2026-08-07,Somali,false
Ifrah,Ahmed,Mohamed,2017-01-25,Female,Bashir Mohamed,+252610000309,House 0309 Bondhere District Mogadishu,guardian0309@example.com,Mother,6a76266063e146a4e41f686e,,,6a7621e463e146a4e41f6852,2026-08-07,Somali,false
Farah,Warsame,Mohamed,2016-02-26,Male,Khadija Mohamed,+252610000310,House 0310 Daynile District Mogadishu,guardian0310@example.com,Father,6a76266063e146a4e41f686e,,,6a7621e463e146a4e41f6852,2026-08-07,Somali,false
Sumaya,Daud,Mohamed,2017-03-27,Female,Hassan Mohamed,+252610000311,House 0311 Hodan District Mogadishu,guardian0311@example.com,Mother,6a76266063e146a4e41f686e,,,6a7621e463e146a4e41f6852,2026-08-07,Somali,false
Jama,Guled,Mohamed,2016-04-28,Male,Rahma Mohamed,+252610000312,House 0312 Waberi District Mogadishu,guardian0312@example.com,Father,6a76266063e146a4e41f686e,,,6a7621e463e146a4e41f6852,2026-08-07,Somali,false
Muna,Yusuf,Mohamed,2017-05-01,Female,Warsame Mohamed,+252610000313,House 0313 Hamar Weyne District Mogadishu,guardian0313@example.com,Mother,6a76266063e146a4e41f686e,,,6a7621e463e146a4e41f6852,2026-08-07,Somali,false
Osman,Jama,Mohamed,2016-06-02,Male,Hawa Mohamed,+252610000314,House 0314 Yaqshid District Mogadishu,guardian0314@example.com,Father,6a76266063e146a4e41f686e,,,6a7621e463e146a4e41f6852,2026-08-07,Somali,false
Ruqiya,Said,Mohamed,2017-07-03,Female,Ibrahim Mohamed,+252610000315,House 0315 Karaan District Mogadishu,guardian0315@example.com,Mother,6a76266063e146a4e41f686e,,,6a7621e463e146a4e41f6852,2026-08-07,Somali,false
Said,Shire,Mohamed,2016-08-04,Male,Hibo Mohamed,+252610000316,House 0316 Wadajir District Mogadishu,guardian0316@example.com,Father,6a76266063e146a4e41f686e,,,6a7621e463e146a4e41f6852,2026-08-07,Somali,false
Luul,Abdi,Mohamed,2017-09-05,Female,Daud Mohamed,+252610000317,House 0317 Dharkenley District Mogadishu,guardian0317@example.com,Mother,6a76266063e146a4e41f686e,,,6a7621e463e146a4e41f6852,2026-08-07,Somali,false
Muse,Nur,Mohamed,2016-10-06,Male,Fadumo Mohamed,+252610000318,House 0318 Shangani District Mogadishu,guardian0318@example.com,Father,6a76266063e146a4e41f686e,,,6a7621e463e146a4e41f6852,2026-08-07,Somali,false
Amal,Adan,Mohamed,2017-11-07,Female,Mahad Mohamed,+252610000319,House 0319 Bondhere District Mogadishu,guardian0319@example.com,Mother,6a76266063e146a4e41f686e,,,6a7621e463e146a4e41f6852,2026-08-07,Somali,false
Warsame,Liban,Mohamed,2016-12-08,Male,Luul Mohamed,+252610000320,House 0320 Daynile District Mogadishu,guardian0320@example.com,Father,6a76266063e146a4e41f686e,,,6a7621e463e146a4e41f6852,2026-08-07,Somali,false
Amina,Ali,Yusuf,2017-01-09,Female,Abdullahi Yusuf,+252610000321,House 0321 Hodan District Mogadishu,guardian0321@example.com,Mother,6a76266063e146a4e41f686e,,,6a7621e463e146a4e41f6852,2026-08-07,Somali,false
Ahmed,Ibrahim,Yusuf,2016-02-10,Male,Halima Yusuf,+252610000322,House 0322 Waberi District Mogadishu,guardian0322@example.com,Father,6a76266063e146a4e41f686e,,,6a7621e463e146a4e41f6852,2026-08-07,Somali,false
Hodan,Abdullahi,Yusuf,2017-03-11,Female,Jama Yusuf,+252610000323,House 0323 Hamar Weyne District Mogadishu,guardian0323@example.com,Mother,6a76266063e146a4e41f686e,,,6a7621e463e146a4e41f6852,2026-08-07,Somali,false
Mohamed,Samatar,Yusuf,2016-04-12,Male,Ruqiya Yusuf,+252610000324,House 0324 Yaqshid District Mogadishu,guardian0324@example.com,Father,6a76266063e146a4e41f686e,,,6a7621e463e146a4e41f6852,2026-08-07,Somali,false
Sahra,Elmi,Yusuf,2017-05-13,Female,Ahmed Yusuf,+252610000325,House 0325 Karaan District Mogadishu,guardian0325@example.com,Mother,6a76266063e146a4e41f686e,,,6a7621e463e146a4e41f6852,2026-08-07,Somali,false
Abdi,Mohamed,Yusuf,2016-06-14,Male,Deqa Yusuf,+252610000326,House 0326 Wadajir District Mogadishu,guardian0326@example.com,Father,6a76266063e146a4e41f686e,,,6a7621e463e146a4e41f6852,2026-08-07,Somali,false
Fadumo,Farah,Yusuf,2017-07-15,Female,Adan Yusuf,+252610000327,House 0327 Dharkenley District Mogadishu,guardian0327@example.com,Mother,6a76266063e146a4e41f686e,,,6a7621e463e146a4e41f6852,2026-08-07,Somali,false
Yusuf,Muse,Yusuf,2016-08-16,Male,Ikram Yusuf,+252610000328,House 0328 Shangani District Mogadishu,guardian0328@example.com,Father,6a76266063e146a4e41f686e,,,6a7621e463e146a4e41f6852,2026-08-07,Somali,false
Maryan,Roble,Yusuf,2017-09-17,Female,Ali Yusuf,+252610000329,House 0329 Bondhere District Mogadishu,guardian0329@example.com,Mother,6a76266063e146a4e41f686e,,,6a7621e463e146a4e41f6852,2026-08-07,Somali,false
Hassan,Omar,Yusuf,2016-10-18,Male,Yasmin Yusuf,+252610000330,House 0330 Daynile District Mogadishu,guardian0330@example.com,Father,6a76266063e146a4e41f686e,,,6a7621e463e146a4e41f6852,2026-08-07,Somali,false
Halima,Osman,Yusuf,2017-11-19,Female,Muse Yusuf,+252610000331,House 0331 Hodan District Mogadishu,guardian0331@example.com,Mother,6a76266063e146a4e41f686e,,,6a7621e463e146a4e41f6852,2026-08-07,Somali,false
Omar,Bashir,Yusuf,2016-12-20,Male,Khadra Yusuf,+252610000332,House 0332 Waberi District Mogadishu,guardian0332@example.com,Father,6a76266063e146a4e41f686e,,,6a7621e463e146a4e41f6852,2026-08-07,Somali,false
Yasmin,Khalif,Yusuf,2017-01-21,Female,Omar Yusuf,+252610000333,House 0333 Hamar Weyne District Mogadishu,guardian0333@example.com,Mother,6a76266063e146a4e41f686e,,,6a7621e463e146a4e41f6852,2026-08-07,Somali,false
Ali,Hassan,Yusuf,2016-02-22,Male,Ifrah Yusuf,+252610000334,House 0334 Yaqshid District Mogadishu,guardian0334@example.com,Father,6a76266063e146a4e41f686e,,,6a7621e463e146a4e41f6852,2026-08-07,Somali,false
Ikram,Ismail,Yusuf,2017-03-23,Female,Said Yusuf,+252610000335,House 0335 Karaan District Mogadishu,guardian0335@example.com,Mother,6a76266063e146a4e41f686e,,,6a7621e463e146a4e41f6852,2026-08-07,Somali,false
Ismail,Mahad,Yusuf,2016-04-24,Male,Sahra Yusuf,+252610000336,House 0336 Wadajir District Mogadishu,guardian0336@example.com,Father,6a76266063e146a4e41f686e,,,6a7621e463e146a4e41f6852,2026-08-07,Somali,false
Nasteho,Abshir,Yusuf,2017-05-25,Female,Ismail Yusuf,+252610000337,House 0337 Dharkenley District Mogadishu,guardian0337@example.com,Mother,6a76266063e146a4e41f686e,,,6a7621e463e146a4e41f6852,2026-08-07,Somali,false
Ibrahim,Aden,Yusuf,2016-06-26,Male,Sumaya Yusuf,+252610000338,House 0338 Shangani District Mogadishu,guardian0338@example.com,Father,6a76266063e146a4e41f686e,,,6a7621e463e146a4e41f6852,2026-08-07,Somali,false
Deqa,Ahmed,Yusuf,2017-07-27,Female,Samatar Yusuf,+252610000339,House 0339 Bondhere District Mogadishu,guardian0339@example.com,Mother,6a76266063e146a4e41f686e,,,6a7621e463e146a4e41f6852,2026-08-07,Somali,false
Zakariya,Warsame,Yusuf,2016-08-28,Male,Maryan Yusuf,+252610000340,House 0340 Daynile District Mogadishu,guardian0340@example.com,Father,6a76266063e146a4e41f686e,,,6a7621e463e146a4e41f6852,2026-08-07,Somali,false
Asha,Daud,Yusuf,2017-09-01,Female,Osman Yusuf,+252610000341,House 0341 Hodan District Mogadishu,guardian0341@example.com,Mother,6a76266063e146a4e41f686e,,,6a7621e463e146a4e41f6852,2026-08-07,Somali,false
Abdullahi,Guled,Yusuf,2016-10-02,Male,Muna Yusuf,+252610000342,House 0342 Waberi District Mogadishu,guardian0342@example.com,Father,6a76266063e146a4e41f686e,,,6a7621e463e146a4e41f6852,2026-08-07,Somali,false
Khadija,Yusuf,Yusuf,2017-11-03,Female,Mohamed Yusuf,+252610000343,House 0343 Hamar Weyne District Mogadishu,guardian0343@example.com,Mother,6a76266063e146a4e41f686e,,,6a7621e463e146a4e41f6852,2026-08-07,Somali,false
Bashir,Jama,Yusuf,2016-12-04,Male,Asha Yusuf,+252610000344,House 0344 Yaqshid District Mogadishu,guardian0344@example.com,Father,6a76266063e146a4e41f686e,,,6a7621e463e146a4e41f6852,2026-08-07,Somali,false
Hibo,Said,Yusuf,2017-01-05,Female,Farah Yusuf,+252610000345,House 0345 Karaan District Mogadishu,guardian0345@example.com,Mother,6a76266063e146a4e41f686e,,,6a7621e463e146a4e41f6852,2026-08-07,Somali,false
Mahad,Shire,Yusuf,2016-02-06,Male,Amal Yusuf,+252610000346,House 0346 Wadajir District Mogadishu,guardian0346@example.com,Father,6a76266063e146a4e41f686e,,,6a7621e463e146a4e41f6852,2026-08-07,Somali,false
Rahma,Abdi,Yusuf,2017-03-07,Female,Yusuf Yusuf,+252610000347,House 0347 Dharkenley District Mogadishu,guardian0347@example.com,Mother,6a76266063e146a4e41f686e,,,6a7621e463e146a4e41f6852,2026-08-07,Somali,false
Adan,Nur,Yusuf,2016-04-08,Male,Nasteho Yusuf,+252610000348,House 0348 Shangani District Mogadishu,guardian0348@example.com,Father,6a76266063e146a4e41f686e,,,6a7621e463e146a4e41f6852,2026-08-07,Somali,false
Ifrah,Adan,Yusuf,2017-05-09,Female,Bashir Yusuf,+252610000349,House 0349 Bondhere District Mogadishu,guardian0349@example.com,Mother,6a76266063e146a4e41f686e,,,6a7621e463e146a4e41f6852,2026-08-07,Somali,false
Farah,Liban,Yusuf,2016-06-10,Male,Khadija Yusuf,+252610000350,House 0350 Daynile District Mogadishu,guardian0350@example.com,Father,6a76266063e146a4e41f686e,,,6a7621e463e146a4e41f6852,2026-08-07,Somali,false
Sumaya,Ali,Yusuf,2017-07-11,Female,Hassan Yusuf,+252610000351,House 0351 Hodan District Mogadishu,guardian0351@example.com,Mother,6a76266063e146a4e41f686e,,,6a7621e463e146a4e41f6852,2026-08-07,Somali,false
Jama,Ibrahim,Yusuf,2016-08-12,Male,Rahma Yusuf,+252610000352,House 0352 Waberi District Mogadishu,guardian0352@example.com,Father,6a76266063e146a4e41f686e,,,6a7621e463e146a4e41f6852,2026-08-07,Somali,false
Muna,Abdullahi,Yusuf,2017-09-13,Female,Warsame Yusuf,+252610000353,House 0353 Hamar Weyne District Mogadishu,guardian0353@example.com,Mother,6a76266063e146a4e41f686e,,,6a7621e463e146a4e41f6852,2026-08-07,Somali,false
Osman,Samatar,Yusuf,2016-10-14,Male,Hawa Yusuf,+252610000354,House 0354 Yaqshid District Mogadishu,guardian0354@example.com,Father,6a76266063e146a4e41f686e,,,6a7621e463e146a4e41f6852,2026-08-07,Somali,false
Ruqiya,Elmi,Yusuf,2017-11-15,Female,Ibrahim Yusuf,+252610000355,House 0355 Karaan District Mogadishu,guardian0355@example.com,Mother,6a76266063e146a4e41f686e,,,6a7621e463e146a4e41f6852,2026-08-07,Somali,false
Said,Mohamed,Yusuf,2016-12-16,Male,Hibo Yusuf,+252610000356,House 0356 Wadajir District Mogadishu,guardian0356@example.com,Father,6a76266063e146a4e41f686e,,,6a7621e463e146a4e41f6852,2026-08-07,Somali,false
Luul,Farah,Yusuf,2017-01-17,Female,Daud Yusuf,+252610000357,House 0357 Dharkenley District Mogadishu,guardian0357@example.com,Mother,6a76266063e146a4e41f686e,,,6a7621e463e146a4e41f6852,2026-08-07,Somali,false
Muse,Muse,Yusuf,2016-02-18,Male,Fadumo Yusuf,+252610000358,House 0358 Shangani District Mogadishu,guardian0358@example.com,Father,6a76266063e146a4e41f686e,,,6a7621e463e146a4e41f6852,2026-08-07,Somali,false
Amal,Roble,Yusuf,2017-03-19,Female,Mahad Yusuf,+252610000359,House 0359 Bondhere District Mogadishu,guardian0359@example.com,Mother,6a76266063e146a4e41f686e,,,6a7621e463e146a4e41f6852,2026-08-07,Somali,false
Warsame,Omar,Yusuf,2016-04-20,Male,Luul Yusuf,+252610000360,House 0360 Daynile District Mogadishu,guardian0360@example.com,Father,6a76266063e146a4e41f686e,,,6a7621e463e146a4e41f6852,2026-08-07,Somali,false
Amina,Osman,Ali,2017-05-21,Female,Abdullahi Ali,+252610000361,House 0361 Hodan District Mogadishu,guardian0361@example.com,Mother,6a76266063e146a4e41f686e,,,6a7621e463e146a4e41f6852,2026-08-07,Somali,false
Ahmed,Bashir,Ali,2016-06-22,Male,Halima Ali,+252610000362,House 0362 Waberi District Mogadishu,guardian0362@example.com,Father,6a76266063e146a4e41f686e,,,6a7621e463e146a4e41f6852,2026-08-07,Somali,false
Hodan,Khalif,Ali,2017-07-23,Female,Jama Ali,+252610000363,House 0363 Hamar Weyne District Mogadishu,guardian0363@example.com,Mother,6a76266063e146a4e41f686e,,,6a7621e463e146a4e41f6852,2026-08-07,Somali,false
Mohamed,Hassan,Ali,2016-08-24,Male,Ruqiya Ali,+252610000364,House 0364 Yaqshid District Mogadishu,guardian0364@example.com,Father,6a76266063e146a4e41f686e,,,6a7621e463e146a4e41f6852,2026-08-07,Somali,false
Sahra,Ismail,Ali,2017-09-25,Female,Ahmed Ali,+252610000365,House 0365 Karaan District Mogadishu,guardian0365@example.com,Mother,6a76266063e146a4e41f686e,,,6a7621e463e146a4e41f6852,2026-08-07,Somali,false
Abdi,Mahad,Ali,2016-10-26,Male,Deqa Ali,+252610000366,House 0366 Wadajir District Mogadishu,guardian0366@example.com,Father,6a76266063e146a4e41f686e,,,6a7621e463e146a4e41f6852,2026-08-07,Somali,false
Fadumo,Abshir,Ali,2017-11-27,Female,Adan Ali,+252610000367,House 0367 Dharkenley District Mogadishu,guardian0367@example.com,Mother,6a76266063e146a4e41f686e,,,6a7621e463e146a4e41f6852,2026-08-07,Somali,false
Yusuf,Aden,Ali,2016-12-28,Male,Ikram Ali,+252610000368,House 0368 Shangani District Mogadishu,guardian0368@example.com,Father,6a76266063e146a4e41f686e,,,6a7621e463e146a4e41f6852,2026-08-07,Somali,false
Maryan,Ahmed,Ali,2017-01-01,Female,Ali Ali,+252610000369,House 0369 Bondhere District Mogadishu,guardian0369@example.com,Mother,6a76266063e146a4e41f686e,,,6a7621e463e146a4e41f6852,2026-08-07,Somali,false
Hassan,Warsame,Ali,2016-02-02,Male,Yasmin Ali,+252610000370,House 0370 Daynile District Mogadishu,guardian0370@example.com,Father,6a76266063e146a4e41f686e,,,6a7621e463e146a4e41f6852,2026-08-07,Somali,false
Halima,Daud,Ali,2017-03-03,Female,Muse Ali,+252610000371,House 0371 Hodan District Mogadishu,guardian0371@example.com,Mother,6a76266063e146a4e41f686e,,,6a7621e463e146a4e41f6852,2026-08-07,Somali,false
Omar,Guled,Ali,2016-04-04,Male,Khadra Ali,+252610000372,House 0372 Waberi District Mogadishu,guardian0372@example.com,Father,6a76266063e146a4e41f686e,,,6a7621e463e146a4e41f6852,2026-08-07,Somali,false
Yasmin,Yusuf,Ali,2017-05-05,Female,Omar Ali,+252610000373,House 0373 Hamar Weyne District Mogadishu,guardian0373@example.com,Mother,6a76266063e146a4e41f686e,,,6a7621e463e146a4e41f6852,2026-08-07,Somali,false
Ali,Jama,Ali,2016-06-06,Male,Ifrah Ali,+252610000374,House 0374 Yaqshid District Mogadishu,guardian0374@example.com,Father,6a76266063e146a4e41f686e,,,6a7621e463e146a4e41f6852,2026-08-07,Somali,false
Ikram,Said,Ali,2017-07-07,Female,Said Ali,+252610000375,House 0375 Karaan District Mogadishu,guardian0375@example.com,Mother,6a76266063e146a4e41f686e,,,6a7621e463e146a4e41f6852,2026-08-07,Somali,false
Ismail,Shire,Ali,2016-08-08,Male,Sahra Ali,+252610000376,House 0376 Wadajir District Mogadishu,guardian0376@example.com,Father,6a76266063e146a4e41f686e,,,6a7621e463e146a4e41f6852,2026-08-07,Somali,false
Nasteho,Abdi,Ali,2017-09-09,Female,Ismail Ali,+252610000377,House 0377 Dharkenley District Mogadishu,guardian0377@example.com,Mother,6a76266063e146a4e41f686e,,,6a7621e463e146a4e41f6852,2026-08-07,Somali,false
Ibrahim,Nur,Ali,2016-10-10,Male,Sumaya Ali,+252610000378,House 0378 Shangani District Mogadishu,guardian0378@example.com,Father,6a76266063e146a4e41f686e,,,6a7621e463e146a4e41f6852,2026-08-07,Somali,false
Deqa,Adan,Ali,2017-11-11,Female,Samatar Ali,+252610000379,House 0379 Bondhere District Mogadishu,guardian0379@example.com,Mother,6a76266063e146a4e41f686e,,,6a7621e463e146a4e41f6852,2026-08-07,Somali,false
Zakariya,Liban,Ali,2016-12-12,Male,Maryan Ali,+252610000380,House 0380 Daynile District Mogadishu,guardian0380@example.com,Father,6a76266063e146a4e41f686e,,,6a7621e463e146a4e41f6852,2026-08-07,Somali,false
Asha,Ali,Ali,2017-01-13,Female,Osman Ali,+252610000381,House 0381 Hodan District Mogadishu,guardian0381@example.com,Mother,6a76266063e146a4e41f686e,,,6a7621e463e146a4e41f6852,2026-08-07,Somali,false
Abdullahi,Ibrahim,Ali,2016-02-14,Male,Muna Ali,+252610000382,House 0382 Waberi District Mogadishu,guardian0382@example.com,Father,6a76266063e146a4e41f686e,,,6a7621e463e146a4e41f6852,2026-08-07,Somali,false
Khadija,Abdullahi,Ali,2017-03-15,Female,Mohamed Ali,+252610000383,House 0383 Hamar Weyne District Mogadishu,guardian0383@example.com,Mother,6a76266063e146a4e41f686e,,,6a7621e463e146a4e41f6852,2026-08-07,Somali,false
Bashir,Samatar,Ali,2016-04-16,Male,Asha Ali,+252610000384,House 0384 Yaqshid District Mogadishu,guardian0384@example.com,Father,6a76266063e146a4e41f686e,,,6a7621e463e146a4e41f6852,2026-08-07,Somali,false
Hibo,Elmi,Ali,2017-05-17,Female,Farah Ali,+252610000385,House 0385 Karaan District Mogadishu,guardian0385@example.com,Mother,6a76266063e146a4e41f686e,,,6a7621e463e146a4e41f6852,2026-08-07,Somali,false
Mahad,Mohamed,Ali,2016-06-18,Male,Amal Ali,+252610000386,House 0386 Wadajir District Mogadishu,guardian0386@example.com,Father,6a76266063e146a4e41f686e,,,6a7621e463e146a4e41f6852,2026-08-07,Somali,false
Rahma,Farah,Ali,2017-07-19,Female,Yusuf Ali,+252610000387,House 0387 Dharkenley District Mogadishu,guardian0387@example.com,Mother,6a76266063e146a4e41f686e,,,6a7621e463e146a4e41f6852,2026-08-07,Somali,false
Adan,Muse,Ali,2016-08-20,Male,Nasteho Ali,+252610000388,House 0388 Shangani District Mogadishu,guardian0388@example.com,Father,6a76266063e146a4e41f686e,,,6a7621e463e146a4e41f6852,2026-08-07,Somali,false
Ifrah,Roble,Ali,2017-09-21,Female,Bashir Ali,+252610000389,House 0389 Bondhere District Mogadishu,guardian0389@example.com,Mother,6a76266063e146a4e41f686e,,,6a7621e463e146a4e41f6852,2026-08-07,Somali,false
Farah,Omar,Ali,2016-10-22,Male,Khadija Ali,+252610000390,House 0390 Daynile District Mogadishu,guardian0390@example.com,Father,6a76266063e146a4e41f686e,,,6a7621e463e146a4e41f6852,2026-08-07,Somali,false
Sumaya,Osman,Ali,2017-11-23,Female,Hassan Ali,+252610000391,House 0391 Hodan District Mogadishu,guardian0391@example.com,Mother,6a76266063e146a4e41f686e,,,6a7621e463e146a4e41f6852,2026-08-07,Somali,false
Jama,Bashir,Ali,2016-12-24,Male,Rahma Ali,+252610000392,House 0392 Waberi District Mogadishu,guardian0392@example.com,Father,6a76266063e146a4e41f686e,,,6a7621e463e146a4e41f6852,2026-08-07,Somali,false
Muna,Khalif,Ali,2017-01-25,Female,Warsame Ali,+252610000393,House 0393 Hamar Weyne District Mogadishu,guardian0393@example.com,Mother,6a76266063e146a4e41f686e,,,6a7621e463e146a4e41f6852,2026-08-07,Somali,false
Osman,Hassan,Ali,2016-02-26,Male,Hawa Ali,+252610000394,House 0394 Yaqshid District Mogadishu,guardian0394@example.com,Father,6a76266063e146a4e41f686e,,,6a7621e463e146a4e41f6852,2026-08-07,Somali,false
Ruqiya,Ismail,Ali,2017-03-27,Female,Ibrahim Ali,+252610000395,House 0395 Karaan District Mogadishu,guardian0395@example.com,Mother,6a76266063e146a4e41f686e,,,6a7621e463e146a4e41f6852,2026-08-07,Somali,false
Said,Mahad,Ali,2016-04-28,Male,Hibo Ali,+252610000396,House 0396 Wadajir District Mogadishu,guardian0396@example.com,Father,6a76266063e146a4e41f686e,,,6a7621e463e146a4e41f6852,2026-08-07,Somali,false
Luul,Abshir,Ali,2017-05-01,Female,Daud Ali,+252610000397,House 0397 Dharkenley District Mogadishu,guardian0397@example.com,Mother,6a76266063e146a4e41f686e,,,6a7621e463e146a4e41f6852,2026-08-07,Somali,false
Muse,Aden,Ali,2016-06-02,Male,Fadumo Ali,+252610000398,House 0398 Shangani District Mogadishu,guardian0398@example.com,Father,6a76266063e146a4e41f686e,,,6a7621e463e146a4e41f6852,2026-08-07,Somali,false
Amal,Ahmed,Ali,2017-07-03,Female,Mahad Ali,+252610000399,House 0399 Bondhere District Mogadishu,guardian0399@example.com,Mother,6a76266063e146a4e41f686e,,,6a7621e463e146a4e41f6852,2026-08-07,Somali,false
Warsame,Warsame,Ali,2016-08-04,Male,Luul Ali,+252610000400,House 0400 Daynile District Mogadishu,guardian0400@example.com,Father,6a76266063e146a4e41f686e,,,6a7621e463e146a4e41f6852,2026-08-07,Somali,false
Amina,Daud,Osman,2017-09-05,Female,Abdullahi Osman,+252610000401,House 0401 Hodan District Mogadishu,guardian0401@example.com,Mother,6a76266063e146a4e41f686e,,,6a7621e463e146a4e41f6852,2026-08-07,Somali,false
Ahmed,Guled,Osman,2016-10-06,Male,Halima Osman,+252610000402,House 0402 Waberi District Mogadishu,guardian0402@example.com,Father,6a76266063e146a4e41f686e,,,6a7621e463e146a4e41f6852,2026-08-07,Somali,false
Hodan,Yusuf,Osman,2017-11-07,Female,Jama Osman,+252610000403,House 0403 Hamar Weyne District Mogadishu,guardian0403@example.com,Mother,6a76266063e146a4e41f686e,,,6a7621e463e146a4e41f6852,2026-08-07,Somali,false
Mohamed,Jama,Osman,2016-12-08,Male,Ruqiya Osman,+252610000404,House 0404 Yaqshid District Mogadishu,guardian0404@example.com,Father,6a76266063e146a4e41f686e,,,6a7621e463e146a4e41f6852,2026-08-07,Somali,false
Sahra,Said,Osman,2017-01-09,Female,Ahmed Osman,+252610000405,House 0405 Karaan District Mogadishu,guardian0405@example.com,Mother,6a76266063e146a4e41f686e,,,6a7621e463e146a4e41f6852,2026-08-07,Somali,false
Abdi,Shire,Osman,2016-02-10,Male,Deqa Osman,+252610000406,House 0406 Wadajir District Mogadishu,guardian0406@example.com,Father,6a76266063e146a4e41f686e,,,6a7621e463e146a4e41f6852,2026-08-07,Somali,false
Fadumo,Abdi,Osman,2017-03-11,Female,Adan Osman,+252610000407,House 0407 Dharkenley District Mogadishu,guardian0407@example.com,Mother,6a76266063e146a4e41f686e,,,6a7621e463e146a4e41f6852,2026-08-07,Somali,false
Yusuf,Nur,Osman,2016-04-12,Male,Ikram Osman,+252610000408,House 0408 Shangani District Mogadishu,guardian0408@example.com,Father,6a76266063e146a4e41f686e,,,6a7621e463e146a4e41f6852,2026-08-07,Somali,false
Maryan,Adan,Osman,2017-05-13,Female,Ali Osman,+252610000409,House 0409 Bondhere District Mogadishu,guardian0409@example.com,Mother,6a76266063e146a4e41f686e,,,6a7621e463e146a4e41f6852,2026-08-07,Somali,false
Hassan,Liban,Osman,2016-06-14,Male,Yasmin Osman,+252610000410,House 0410 Daynile District Mogadishu,guardian0410@example.com,Father,6a76266063e146a4e41f686e,,,6a7621e463e146a4e41f6852,2026-08-07,Somali,false
Halima,Ali,Osman,2017-07-15,Female,Muse Osman,+252610000411,House 0411 Hodan District Mogadishu,guardian0411@example.com,Mother,6a76266063e146a4e41f686e,,,6a7621e463e146a4e41f6852,2026-08-07,Somali,false
Omar,Ibrahim,Osman,2016-08-16,Male,Khadra Osman,+252610000412,House 0412 Waberi District Mogadishu,guardian0412@example.com,Father,6a76266063e146a4e41f686e,,,6a7621e463e146a4e41f6852,2026-08-07,Somali,false
Yasmin,Abdullahi,Osman,2017-09-17,Female,Omar Osman,+252610000413,House 0413 Hamar Weyne District Mogadishu,guardian0413@example.com,Mother,6a76266063e146a4e41f686e,,,6a7621e463e146a4e41f6852,2026-08-07,Somali,false
Ali,Samatar,Osman,2016-10-18,Male,Ifrah Osman,+252610000414,House 0414 Yaqshid District Mogadishu,guardian0414@example.com,Father,6a76266063e146a4e41f686e,,,6a7621e463e146a4e41f6852,2026-08-07,Somali,false
Ikram,Elmi,Osman,2017-11-19,Female,Said Osman,+252610000415,House 0415 Karaan District Mogadishu,guardian0415@example.com,Mother,6a76266063e146a4e41f686e,,,6a7621e463e146a4e41f6852,2026-08-07,Somali,false
Ismail,Mohamed,Osman,2016-12-20,Male,Sahra Osman,+252610000416,House 0416 Wadajir District Mogadishu,guardian0416@example.com,Father,6a76266063e146a4e41f686e,,,6a7621e463e146a4e41f6852,2026-08-07,Somali,false
Nasteho,Farah,Osman,2017-01-21,Female,Ismail Osman,+252610000417,House 0417 Dharkenley District Mogadishu,guardian0417@example.com,Mother,6a76266063e146a4e41f686e,,,6a7621e463e146a4e41f6852,2026-08-07,Somali,false
Ibrahim,Muse,Osman,2016-02-22,Male,Sumaya Osman,+252610000418,House 0418 Shangani District Mogadishu,guardian0418@example.com,Father,6a76266063e146a4e41f686e,,,6a7621e463e146a4e41f6852,2026-08-07,Somali,false
Deqa,Roble,Osman,2017-03-23,Female,Samatar Osman,+252610000419,House 0419 Bondhere District Mogadishu,guardian0419@example.com,Mother,6a76266063e146a4e41f686e,,,6a7621e463e146a4e41f6852,2026-08-07,Somali,false
Zakariya,Omar,Osman,2016-04-24,Male,Maryan Osman,+252610000420,House 0420 Daynile District Mogadishu,guardian0420@example.com,Father,6a76266063e146a4e41f686e,,,6a7621e463e146a4e41f6852,2026-08-07,Somali,false
Asha,Osman,Osman,2017-05-25,Female,Osman Osman,+252610000421,House 0421 Hodan District Mogadishu,guardian0421@example.com,Mother,6a76266063e146a4e41f686e,,,6a7621e463e146a4e41f6852,2026-08-07,Somali,false
Abdullahi,Bashir,Osman,2016-06-26,Male,Muna Osman,+252610000422,House 0422 Waberi District Mogadishu,guardian0422@example.com,Father,6a76266063e146a4e41f686e,,,6a7621e463e146a4e41f6852,2026-08-07,Somali,false
Khadija,Khalif,Osman,2017-07-27,Female,Mohamed Osman,+252610000423,House 0423 Hamar Weyne District Mogadishu,guardian0423@example.com,Mother,6a76266063e146a4e41f686e,,,6a7621e463e146a4e41f6852,2026-08-07,Somali,false
Bashir,Hassan,Osman,2016-08-28,Male,Asha Osman,+252610000424,House 0424 Yaqshid District Mogadishu,guardian0424@example.com,Father,6a76266063e146a4e41f686e,,,6a7621e463e146a4e41f6852,2026-08-07,Somali,false
Hibo,Ismail,Osman,2017-09-01,Female,Farah Osman,+252610000425,House 0425 Karaan District Mogadishu,guardian0425@example.com,Mother,6a76266063e146a4e41f686e,,,6a7621e463e146a4e41f6852,2026-08-07,Somali,false
Mahad,Mahad,Osman,2016-10-02,Male,Amal Osman,+252610000426,House 0426 Wadajir District Mogadishu,guardian0426@example.com,Father,6a76266063e146a4e41f686e,,,6a7621e463e146a4e41f6852,2026-08-07,Somali,false
Rahma,Abshir,Osman,2017-11-03,Female,Yusuf Osman,+252610000427,House 0427 Dharkenley District Mogadishu,guardian0427@example.com,Mother,6a76266063e146a4e41f686e,,,6a7621e463e146a4e41f6852,2026-08-07,Somali,false
Adan,Aden,Osman,2016-12-04,Male,Nasteho Osman,+252610000428,House 0428 Shangani District Mogadishu,guardian0428@example.com,Father,6a76266063e146a4e41f686e,,,6a7621e463e146a4e41f6852,2026-08-07,Somali,false
Ifrah,Ahmed,Osman,2017-01-05,Female,Bashir Osman,+252610000429,House 0429 Bondhere District Mogadishu,guardian0429@example.com,Mother,6a76266063e146a4e41f686e,,,6a7621e463e146a4e41f6852,2026-08-07,Somali,false
Farah,Warsame,Osman,2016-02-06,Male,Khadija Osman,+252610000430,House 0430 Daynile District Mogadishu,guardian0430@example.com,Father,6a76266063e146a4e41f686e,,,6a7621e463e146a4e41f6852,2026-08-07,Somali,false
Sumaya,Daud,Osman,2017-03-07,Female,Hassan Osman,+252610000431,House 0431 Hodan District Mogadishu,guardian0431@example.com,Mother,6a76266063e146a4e41f686e,,,6a7621e463e146a4e41f6852,2026-08-07,Somali,false
Jama,Guled,Osman,2016-04-08,Male,Rahma Osman,+252610000432,House 0432 Waberi District Mogadishu,guardian0432@example.com,Father,6a76266063e146a4e41f686e,,,6a7621e463e146a4e41f6852,2026-08-07,Somali,false
Muna,Yusuf,Osman,2017-05-09,Female,Warsame Osman,+252610000433,House 0433 Hamar Weyne District Mogadishu,guardian0433@example.com,Mother,6a76266063e146a4e41f686e,,,6a7621e463e146a4e41f6852,2026-08-07,Somali,false
Osman,Jama,Osman,2016-06-10,Male,Hawa Osman,+252610000434,House 0434 Yaqshid District Mogadishu,guardian0434@example.com,Father,6a76266063e146a4e41f686e,,,6a7621e463e146a4e41f6852,2026-08-07,Somali,false
Ruqiya,Said,Osman,2017-07-11,Female,Ibrahim Osman,+252610000435,House 0435 Karaan District Mogadishu,guardian0435@example.com,Mother,6a76266063e146a4e41f686e,,,6a7621e463e146a4e41f6852,2026-08-07,Somali,false
Said,Shire,Osman,2016-08-12,Male,Hibo Osman,+252610000436,House 0436 Wadajir District Mogadishu,guardian0436@example.com,Father,6a76266063e146a4e41f686e,,,6a7621e463e146a4e41f6852,2026-08-07,Somali,false
Luul,Abdi,Osman,2017-09-13,Female,Daud Osman,+252610000437,House 0437 Dharkenley District Mogadishu,guardian0437@example.com,Mother,6a76266063e146a4e41f686e,,,6a7621e463e146a4e41f6852,2026-08-07,Somali,false
Muse,Nur,Osman,2016-10-14,Male,Fadumo Osman,+252610000438,House 0438 Shangani District Mogadishu,guardian0438@example.com,Father,6a76266063e146a4e41f686e,,,6a7621e463e146a4e41f6852,2026-08-07,Somali,false
Amal,Adan,Osman,2017-11-15,Female,Mahad Osman,+252610000439,House 0439 Bondhere District Mogadishu,guardian0439@example.com,Mother,6a76266063e146a4e41f686e,,,6a7621e463e146a4e41f6852,2026-08-07,Somali,false
Warsame,Liban,Osman,2016-12-16,Male,Luul Osman,+252610000440,House 0440 Daynile District Mogadishu,guardian0440@example.com,Father,6a76266063e146a4e41f686e,,,6a7621e463e146a4e41f6852,2026-08-07,Somali,false
Amina,Ali,Farah,2017-01-17,Female,Abdullahi Farah,+252610000441,House 0441 Hodan District Mogadishu,guardian0441@example.com,Mother,6a76266063e146a4e41f686e,,,6a7621e463e146a4e41f6852,2026-08-07,Somali,false
Ahmed,Ibrahim,Farah,2016-02-18,Male,Halima Farah,+252610000442,House 0442 Waberi District Mogadishu,guardian0442@example.com,Father,6a76266063e146a4e41f686e,,,6a7621e463e146a4e41f6852,2026-08-07,Somali,false
Hodan,Abdullahi,Farah,2017-03-19,Female,Jama Farah,+252610000443,House 0443 Hamar Weyne District Mogadishu,guardian0443@example.com,Mother,6a76266063e146a4e41f686e,,,6a7621e463e146a4e41f6852,2026-08-07,Somali,false
Mohamed,Samatar,Farah,2016-04-20,Male,Ruqiya Farah,+252610000444,House 0444 Yaqshid District Mogadishu,guardian0444@example.com,Father,6a76266063e146a4e41f686e,,,6a7621e463e146a4e41f6852,2026-08-07,Somali,false
Sahra,Elmi,Farah,2017-05-21,Female,Ahmed Farah,+252610000445,House 0445 Karaan District Mogadishu,guardian0445@example.com,Mother,6a76266063e146a4e41f686e,,,6a7621e463e146a4e41f6852,2026-08-07,Somali,false
Abdi,Mohamed,Farah,2016-06-22,Male,Deqa Farah,+252610000446,House 0446 Wadajir District Mogadishu,guardian0446@example.com,Father,6a76266063e146a4e41f686e,,,6a7621e463e146a4e41f6852,2026-08-07,Somali,false
Fadumo,Farah,Farah,2017-07-23,Female,Adan Farah,+252610000447,House 0447 Dharkenley District Mogadishu,guardian0447@example.com,Mother,6a76266063e146a4e41f686e,,,6a7621e463e146a4e41f6852,2026-08-07,Somali,false
Yusuf,Muse,Farah,2016-08-24,Male,Ikram Farah,+252610000448,House 0448 Shangani District Mogadishu,guardian0448@example.com,Father,6a76266063e146a4e41f686e,,,6a7621e463e146a4e41f6852,2026-08-07,Somali,false
Maryan,Roble,Farah,2017-09-25,Female,Ali Farah,+252610000449,House 0449 Bondhere District Mogadishu,guardian0449@example.com,Mother,6a76266063e146a4e41f686e,,,6a7621e463e146a4e41f6852,2026-08-07,Somali,false
Hassan,Omar,Farah,2016-10-26,Male,Yasmin Farah,+252610000450,House 0450 Daynile District Mogadishu,guardian0450@example.com,Father,6a76266063e146a4e41f686e,,,6a7621e463e146a4e41f6852,2026-08-07,Somali,false
Halima,Osman,Farah,2017-11-27,Female,Muse Farah,+252610000451,House 0451 Hodan District Mogadishu,guardian0451@example.com,Mother,6a76266063e146a4e41f686e,,,6a7621e463e146a4e41f6852,2026-08-07,Somali,false
Omar,Bashir,Farah,2016-12-28,Male,Khadra Farah,+252610000452,House 0452 Waberi District Mogadishu,guardian0452@example.com,Father,6a76266063e146a4e41f686e,,,6a7621e463e146a4e41f6852,2026-08-07,Somali,false
Yasmin,Khalif,Farah,2017-01-01,Female,Omar Farah,+252610000453,House 0453 Hamar Weyne District Mogadishu,guardian0453@example.com,Mother,6a76266063e146a4e41f686e,,,6a7621e463e146a4e41f6852,2026-08-07,Somali,false
Ali,Hassan,Farah,2016-02-02,Male,Ifrah Farah,+252610000454,House 0454 Yaqshid District Mogadishu,guardian0454@example.com,Father,6a76266063e146a4e41f686e,,,6a7621e463e146a4e41f6852,2026-08-07,Somali,false
Ikram,Ismail,Farah,2017-03-03,Female,Said Farah,+252610000455,House 0455 Karaan District Mogadishu,guardian0455@example.com,Mother,6a76266063e146a4e41f686e,,,6a7621e463e146a4e41f6852,2026-08-07,Somali,false
Ismail,Mahad,Farah,2016-04-04,Male,Sahra Farah,+252610000456,House 0456 Wadajir District Mogadishu,guardian0456@example.com,Father,6a76266063e146a4e41f686e,,,6a7621e463e146a4e41f6852,2026-08-07,Somali,false
Nasteho,Abshir,Farah,2017-05-05,Female,Ismail Farah,+252610000457,House 0457 Dharkenley District Mogadishu,guardian0457@example.com,Mother,6a76266063e146a4e41f686e,,,6a7621e463e146a4e41f6852,2026-08-07,Somali,false
Ibrahim,Aden,Farah,2016-06-06,Male,Sumaya Farah,+252610000458,House 0458 Shangani District Mogadishu,guardian0458@example.com,Father,6a76266063e146a4e41f686e,,,6a7621e463e146a4e41f6852,2026-08-07,Somali,false
Deqa,Ahmed,Farah,2017-07-07,Female,Samatar Farah,+252610000459,House 0459 Bondhere District Mogadishu,guardian0459@example.com,Mother,6a76266063e146a4e41f686e,,,6a7621e463e146a4e41f6852,2026-08-07,Somali,false
Zakariya,Warsame,Farah,2016-08-08,Male,Maryan Farah,+252610000460,House 0460 Daynile District Mogadishu,guardian0460@example.com,Father,6a76266063e146a4e41f686e,,,6a7621e463e146a4e41f6852,2026-08-07,Somali,false
Asha,Daud,Farah,2017-09-09,Female,Osman Farah,+252610000461,House 0461 Hodan District Mogadishu,guardian0461@example.com,Mother,6a76266063e146a4e41f686e,,,6a7621e463e146a4e41f6852,2026-08-07,Somali,false
Abdullahi,Guled,Farah,2016-10-10,Male,Muna Farah,+252610000462,House 0462 Waberi District Mogadishu,guardian0462@example.com,Father,6a76266063e146a4e41f686e,,,6a7621e463e146a4e41f6852,2026-08-07,Somali,false
Khadija,Yusuf,Farah,2017-11-11,Female,Mohamed Farah,+252610000463,House 0463 Hamar Weyne District Mogadishu,guardian0463@example.com,Mother,6a76266063e146a4e41f686e,,,6a7621e463e146a4e41f6852,2026-08-07,Somali,false
Bashir,Jama,Farah,2016-12-12,Male,Asha Farah,+252610000464,House 0464 Yaqshid District Mogadishu,guardian0464@example.com,Father,6a76266063e146a4e41f686e,,,6a7621e463e146a4e41f6852,2026-08-07,Somali,false
Hibo,Said,Farah,2017-01-13,Female,Farah Farah,+252610000465,House 0465 Karaan District Mogadishu,guardian0465@example.com,Mother,6a76266063e146a4e41f686e,,,6a7621e463e146a4e41f6852,2026-08-07,Somali,false
Mahad,Shire,Farah,2016-02-14,Male,Amal Farah,+252610000466,House 0466 Wadajir District Mogadishu,guardian0466@example.com,Father,6a76266063e146a4e41f686e,,,6a7621e463e146a4e41f6852,2026-08-07,Somali,false
Rahma,Abdi,Farah,2017-03-15,Female,Yusuf Farah,+252610000467,House 0467 Dharkenley District Mogadishu,guardian0467@example.com,Mother,6a76266063e146a4e41f686e,,,6a7621e463e146a4e41f6852,2026-08-07,Somali,false
Adan,Nur,Farah,2016-04-16,Male,Nasteho Farah,+252610000468,House 0468 Shangani District Mogadishu,guardian0468@example.com,Father,6a76266063e146a4e41f686e,,,6a7621e463e146a4e41f6852,2026-08-07,Somali,false
Ifrah,Adan,Farah,2017-05-17,Female,Bashir Farah,+252610000469,House 0469 Bondhere District Mogadishu,guardian0469@example.com,Mother,6a76266063e146a4e41f686e,,,6a7621e463e146a4e41f6852,2026-08-07,Somali,false
Farah,Liban,Farah,2016-06-18,Male,Khadija Farah,+252610000470,House 0470 Daynile District Mogadishu,guardian0470@example.com,Father,6a76266063e146a4e41f686e,,,6a7621e463e146a4e41f6852,2026-08-07,Somali,false
Sumaya,Ali,Farah,2017-07-19,Female,Hassan Farah,+252610000471,House 0471 Hodan District Mogadishu,guardian0471@example.com,Mother,6a76266063e146a4e41f686e,,,6a7621e463e146a4e41f6852,2026-08-07,Somali,false
Jama,Ibrahim,Farah,2016-08-20,Male,Rahma Farah,+252610000472,House 0472 Waberi District Mogadishu,guardian0472@example.com,Father,6a76266063e146a4e41f686e,,,6a7621e463e146a4e41f6852,2026-08-07,Somali,false
Muna,Abdullahi,Farah,2017-09-21,Female,Warsame Farah,+252610000473,House 0473 Hamar Weyne District Mogadishu,guardian0473@example.com,Mother,6a76266063e146a4e41f686e,,,6a7621e463e146a4e41f6852,2026-08-07,Somali,false
Osman,Samatar,Farah,2016-10-22,Male,Hawa Farah,+252610000474,House 0474 Yaqshid District Mogadishu,guardian0474@example.com,Father,6a76266063e146a4e41f686e,,,6a7621e463e146a4e41f6852,2026-08-07,Somali,false
Ruqiya,Elmi,Farah,2017-11-23,Female,Ibrahim Farah,+252610000475,House 0475 Karaan District Mogadishu,guardian0475@example.com,Mother,6a76266063e146a4e41f686e,,,6a7621e463e146a4e41f6852,2026-08-07,Somali,false
Said,Mohamed,Farah,2016-12-24,Male,Hibo Farah,+252610000476,House 0476 Wadajir District Mogadishu,guardian0476@example.com,Father,6a76266063e146a4e41f686e,,,6a7621e463e146a4e41f6852,2026-08-07,Somali,false
Luul,Farah,Farah,2017-01-25,Female,Daud Farah,+252610000477,House 0477 Dharkenley District Mogadishu,guardian0477@example.com,Mother,6a76266063e146a4e41f686e,,,6a7621e463e146a4e41f6852,2026-08-07,Somali,false
Muse,Muse,Farah,2016-02-26,Male,Fadumo Farah,+252610000478,House 0478 Shangani District Mogadishu,guardian0478@example.com,Father,6a76266063e146a4e41f686e,,,6a7621e463e146a4e41f6852,2026-08-07,Somali,false
Amal,Roble,Farah,2017-03-27,Female,Mahad Farah,+252610000479,House 0479 Bondhere District Mogadishu,guardian0479@example.com,Mother,6a76266063e146a4e41f686e,,,6a7621e463e146a4e41f6852,2026-08-07,Somali,false
Warsame,Omar,Farah,2016-04-28,Male,Luul Farah,+252610000480,House 0480 Daynile District Mogadishu,guardian0480@example.com,Father,6a76266063e146a4e41f686e,,,6a7621e463e146a4e41f6852,2026-08-07,Somali,false
Amina,Osman,Jama,2017-05-01,Female,Abdullahi Jama,+252610000481,House 0481 Hodan District Mogadishu,guardian0481@example.com,Mother,6a76266063e146a4e41f686e,,,6a7621e463e146a4e41f6852,2026-08-07,Somali,false
Ahmed,Bashir,Jama,2016-06-02,Male,Halima Jama,+252610000482,House 0482 Waberi District Mogadishu,guardian0482@example.com,Father,6a76266063e146a4e41f686e,,,6a7621e463e146a4e41f6852,2026-08-07,Somali,false
Hodan,Khalif,Jama,2017-07-03,Female,Jama Jama,+252610000483,House 0483 Hamar Weyne District Mogadishu,guardian0483@example.com,Mother,6a76266063e146a4e41f686e,,,6a7621e463e146a4e41f6852,2026-08-07,Somali,false
Mohamed,Hassan,Jama,2016-08-04,Male,Ruqiya Jama,+252610000484,House 0484 Yaqshid District Mogadishu,guardian0484@example.com,Father,6a76266063e146a4e41f686e,,,6a7621e463e146a4e41f6852,2026-08-07,Somali,false
Sahra,Ismail,Jama,2017-09-05,Female,Ahmed Jama,+252610000485,House 0485 Karaan District Mogadishu,guardian0485@example.com,Mother,6a76266063e146a4e41f686e,,,6a7621e463e146a4e41f6852,2026-08-07,Somali,false
Abdi,Mahad,Jama,2016-10-06,Male,Deqa Jama,+252610000486,House 0486 Wadajir District Mogadishu,guardian0486@example.com,Father,6a76266063e146a4e41f686e,,,6a7621e463e146a4e41f6852,2026-08-07,Somali,false
Fadumo,Abshir,Jama,2017-11-07,Female,Adan Jama,+252610000487,House 0487 Dharkenley District Mogadishu,guardian0487@example.com,Mother,6a76266063e146a4e41f686e,,,6a7621e463e146a4e41f6852,2026-08-07,Somali,false
Yusuf,Aden,Jama,2016-12-08,Male,Ikram Jama,+252610000488,House 0488 Shangani District Mogadishu,guardian0488@example.com,Father,6a76266063e146a4e41f686e,,,6a7621e463e146a4e41f6852,2026-08-07,Somali,false
Maryan,Ahmed,Jama,2017-01-09,Female,Ali Jama,+252610000489,House 0489 Bondhere District Mogadishu,guardian0489@example.com,Mother,6a76266063e146a4e41f686e,,,6a7621e463e146a4e41f6852,2026-08-07,Somali,false
Hassan,Warsame,Jama,2016-02-10,Male,Yasmin Jama,+252610000490,House 0490 Daynile District Mogadishu,guardian0490@example.com,Father,6a76266063e146a4e41f686e,,,6a7621e463e146a4e41f6852,2026-08-07,Somali,false
Halima,Daud,Jama,2017-03-11,Female,Muse Jama,+252610000491,House 0491 Hodan District Mogadishu,guardian0491@example.com,Mother,6a76266063e146a4e41f686e,,,6a7621e463e146a4e41f6852,2026-08-07,Somali,false
Omar,Guled,Jama,2016-04-12,Male,Khadra Jama,+252610000492,House 0492 Waberi District Mogadishu,guardian0492@example.com,Father,6a76266063e146a4e41f686e,,,6a7621e463e146a4e41f6852,2026-08-07,Somali,false
Yasmin,Yusuf,Jama,2017-05-13,Female,Omar Jama,+252610000493,House 0493 Hamar Weyne District Mogadishu,guardian0493@example.com,Mother,6a76266063e146a4e41f686e,,,6a7621e463e146a4e41f6852,2026-08-07,Somali,false
Ali,Jama,Jama,2016-06-14,Male,Ifrah Jama,+252610000494,House 0494 Yaqshid District Mogadishu,guardian0494@example.com,Father,6a76266063e146a4e41f686e,,,6a7621e463e146a4e41f6852,2026-08-07,Somali,false
Ikram,Said,Jama,2017-07-15,Female,Said Jama,+252610000495,House 0495 Karaan District Mogadishu,guardian0495@example.com,Mother,6a76266063e146a4e41f686e,,,6a7621e463e146a4e41f6852,2026-08-07,Somali,false
Ismail,Shire,Jama,2016-08-16,Male,Sahra Jama,+252610000496,House 0496 Wadajir District Mogadishu,guardian0496@example.com,Father,6a76266063e146a4e41f686e,,,6a7621e463e146a4e41f6852,2026-08-07,Somali,false
Nasteho,Abdi,Jama,2017-09-17,Female,Ismail Jama,+252610000497,House 0497 Dharkenley District Mogadishu,guardian0497@example.com,Mother,6a76266063e146a4e41f686e,,,6a7621e463e146a4e41f6852,2026-08-07,Somali,false
Ibrahim,Nur,Jama,2016-10-18,Male,Sumaya Jama,+252610000498,House 0498 Shangani District Mogadishu,guardian0498@example.com,Father,6a76266063e146a4e41f686e,,,6a7621e463e146a4e41f6852,2026-08-07,Somali,false
Deqa,Adan,Jama,2017-11-19,Female,Samatar Jama,+252610000499,House 0499 Bondhere District Mogadishu,guardian0499@example.com,Mother,6a76266063e146a4e41f686e,,,6a7621e463e146a4e41f6852,2026-08-07,Somali,false
Zakariya,Liban,Jama,2016-12-20,Male,Maryan Jama,+252610000500,House 0500 Daynile District Mogadishu,guardian0500@example.com,Father,6a76266063e146a4e41f686e,,,6a7621e463e146a4e41f6852,2026-08-07,Somali,false
Asha,Ali,Jama,2017-01-21,Female,Osman Jama,+252610000501,House 0501 Hodan District Mogadishu,guardian0501@example.com,Mother,6a76266063e146a4e41f686e,,,6a7621e463e146a4e41f6852,2026-08-07,Somali,false
Abdullahi,Ibrahim,Jama,2016-02-22,Male,Muna Jama,+252610000502,House 0502 Waberi District Mogadishu,guardian0502@example.com,Father,6a76266063e146a4e41f686e,,,6a7621e463e146a4e41f6852,2026-08-07,Somali,false
Khadija,Abdullahi,Jama,2017-03-23,Female,Mohamed Jama,+252610000503,House 0503 Hamar Weyne District Mogadishu,guardian0503@example.com,Mother,6a76266063e146a4e41f686e,,,6a7621e463e146a4e41f6852,2026-08-07,Somali,false
Bashir,Samatar,Jama,2016-04-24,Male,Asha Jama,+252610000504,House 0504 Yaqshid District Mogadishu,guardian0504@example.com,Father,6a76266063e146a4e41f686e,,,6a7621e463e146a4e41f6852,2026-08-07,Somali,false
Hibo,Elmi,Jama,2017-05-25,Female,Farah Jama,+252610000505,House 0505 Karaan District Mogadishu,guardian0505@example.com,Mother,6a76266063e146a4e41f686e,,,6a7621e463e146a4e41f6852,2026-08-07,Somali,false
Mahad,Mohamed,Jama,2016-06-26,Male,Amal Jama,+252610000506,House 0506 Wadajir District Mogadishu,guardian0506@example.com,Father,6a76266063e146a4e41f686e,,,6a7621e463e146a4e41f6852,2026-08-07,Somali,false
Rahma,Farah,Jama,2017-07-27,Female,Yusuf Jama,+252610000507,House 0507 Dharkenley District Mogadishu,guardian0507@example.com,Mother,6a76266063e146a4e41f686e,,,6a7621e463e146a4e41f6852,2026-08-07,Somali,false
Adan,Muse,Jama,2016-08-28,Male,Nasteho Jama,+252610000508,House 0508 Shangani District Mogadishu,guardian0508@example.com,Father,6a76266063e146a4e41f686e,,,6a7621e463e146a4e41f6852,2026-08-07,Somali,false
Ifrah,Roble,Jama,2017-09-01,Female,Bashir Jama,+252610000509,House 0509 Bondhere District Mogadishu,guardian0509@example.com,Mother,6a76266063e146a4e41f686e,,,6a7621e463e146a4e41f6852,2026-08-07,Somali,false
Farah,Omar,Jama,2016-10-02,Male,Khadija Jama,+252610000510,House 0510 Daynile District Mogadishu,guardian0510@example.com,Father,6a76266063e146a4e41f686e,,,6a7621e463e146a4e41f6852,2026-08-07,Somali,false
Sumaya,Osman,Jama,2017-11-03,Female,Hassan Jama,+252610000511,House 0511 Hodan District Mogadishu,guardian0511@example.com,Mother,6a76266063e146a4e41f686e,,,6a7621e463e146a4e41f6852,2026-08-07,Somali,false
Jama,Bashir,Jama,2016-12-04,Male,Rahma Jama,+252610000512,House 0512 Waberi District Mogadishu,guardian0512@example.com,Father,6a76266063e146a4e41f686e,,,6a7621e463e146a4e41f6852,2026-08-07,Somali,false
Muna,Khalif,Jama,2017-01-05,Female,Warsame Jama,+252610000513,House 0513 Hamar Weyne District Mogadishu,guardian0513@example.com,Mother,6a76266063e146a4e41f686e,,,6a7621e463e146a4e41f6852,2026-08-07,Somali,false
Osman,Hassan,Jama,2016-02-06,Male,Hawa Jama,+252610000514,House 0514 Yaqshid District Mogadishu,guardian0514@example.com,Father,6a76266063e146a4e41f686e,,,6a7621e463e146a4e41f6852,2026-08-07,Somali,false
Ruqiya,Ismail,Jama,2017-03-07,Female,Ibrahim Jama,+252610000515,House 0515 Karaan District Mogadishu,guardian0515@example.com,Mother,6a76266063e146a4e41f686e,,,6a7621e463e146a4e41f6852,2026-08-07,Somali,false
Said,Mahad,Jama,2016-04-08,Male,Hibo Jama,+252610000516,House 0516 Wadajir District Mogadishu,guardian0516@example.com,Father,6a76266063e146a4e41f686e,,,6a7621e463e146a4e41f6852,2026-08-07,Somali,false
Luul,Abshir,Jama,2017-05-09,Female,Daud Jama,+252610000517,House 0517 Dharkenley District Mogadishu,guardian0517@example.com,Mother,6a76266063e146a4e41f686e,,,6a7621e463e146a4e41f6852,2026-08-07,Somali,false
Muse,Aden,Jama,2016-06-10,Male,Fadumo Jama,+252610000518,House 0518 Shangani District Mogadishu,guardian0518@example.com,Father,6a76266063e146a4e41f686e,,,6a7621e463e146a4e41f6852,2026-08-07,Somali,false
Amal,Ahmed,Jama,2017-07-11,Female,Mahad Jama,+252610000519,House 0519 Bondhere District Mogadishu,guardian0519@example.com,Mother,6a76266063e146a4e41f686e,,,6a7621e463e146a4e41f6852,2026-08-07,Somali,false
Warsame,Warsame,Jama,2016-08-12,Male,Luul Jama,+252610000520,House 0520 Daynile District Mogadishu,guardian0520@example.com,Father,6a76266063e146a4e41f686e,,,6a7621e463e146a4e41f6852,2026-08-07,Somali,false
Amina,Daud,Warsame,2017-09-13,Female,Abdullahi Warsame,+252610000521,House 0521 Hodan District Mogadishu,guardian0521@example.com,Mother,6a76266063e146a4e41f686e,,,6a7621e463e146a4e41f6852,2026-08-07,Somali,false
Ahmed,Guled,Warsame,2016-10-14,Male,Halima Warsame,+252610000522,House 0522 Waberi District Mogadishu,guardian0522@example.com,Father,6a76266063e146a4e41f686e,,,6a7621e463e146a4e41f6852,2026-08-07,Somali,false
Hodan,Yusuf,Warsame,2017-11-15,Female,Jama Warsame,+252610000523,House 0523 Hamar Weyne District Mogadishu,guardian0523@example.com,Mother,6a76266063e146a4e41f686e,,,6a7621e463e146a4e41f6852,2026-08-07,Somali,false
Mohamed,Jama,Warsame,2016-12-16,Male,Ruqiya Warsame,+252610000524,House 0524 Yaqshid District Mogadishu,guardian0524@example.com,Father,6a76266063e146a4e41f686e,,,6a7621e463e146a4e41f6852,2026-08-07,Somali,false
Sahra,Said,Warsame,2017-01-17,Female,Ahmed Warsame,+252610000525,House 0525 Karaan District Mogadishu,guardian0525@example.com,Mother,6a76266063e146a4e41f686e,,,6a7621e463e146a4e41f6852,2026-08-07,Somali,false
Abdi,Shire,Warsame,2016-02-18,Male,Deqa Warsame,+252610000526,House 0526 Wadajir District Mogadishu,guardian0526@example.com,Father,6a76266063e146a4e41f686e,,,6a7621e463e146a4e41f6852,2026-08-07,Somali,false
Fadumo,Abdi,Warsame,2017-03-19,Female,Adan Warsame,+252610000527,House 0527 Dharkenley District Mogadishu,guardian0527@example.com,Mother,6a76266063e146a4e41f686e,,,6a7621e463e146a4e41f6852,2026-08-07,Somali,false
Yusuf,Nur,Warsame,2016-04-20,Male,Ikram Warsame,+252610000528,House 0528 Shangani District Mogadishu,guardian0528@example.com,Father,6a76266063e146a4e41f686e,,,6a7621e463e146a4e41f6852,2026-08-07,Somali,false
Maryan,Adan,Warsame,2017-05-21,Female,Ali Warsame,+252610000529,House 0529 Bondhere District Mogadishu,guardian0529@example.com,Mother,6a76266063e146a4e41f686e,,,6a7621e463e146a4e41f6852,2026-08-07,Somali,false
Hassan,Liban,Warsame,2016-06-22,Male,Yasmin Warsame,+252610000530,House 0530 Daynile District Mogadishu,guardian0530@example.com,Father,6a76266063e146a4e41f686e,,,6a7621e463e146a4e41f6852,2026-08-07,Somali,false
Halima,Ali,Warsame,2017-07-23,Female,Muse Warsame,+252610000531,House 0531 Hodan District Mogadishu,guardian0531@example.com,Mother,6a76266063e146a4e41f686e,,,6a7621e463e146a4e41f6852,2026-08-07,Somali,false
Omar,Ibrahim,Warsame,2016-08-24,Male,Khadra Warsame,+252610000532,House 0532 Waberi District Mogadishu,guardian0532@example.com,Father,6a76266063e146a4e41f686e,,,6a7621e463e146a4e41f6852,2026-08-07,Somali,false
Yasmin,Abdullahi,Warsame,2017-09-25,Female,Omar Warsame,+252610000533,House 0533 Hamar Weyne District Mogadishu,guardian0533@example.com,Mother,6a76266063e146a4e41f686e,,,6a7621e463e146a4e41f6852,2026-08-07,Somali,false
Ali,Samatar,Warsame,2016-10-26,Male,Ifrah Warsame,+252610000534,House 0534 Yaqshid District Mogadishu,guardian0534@example.com,Father,6a76266063e146a4e41f686e,,,6a7621e463e146a4e41f6852,2026-08-07,Somali,false
Ikram,Elmi,Warsame,2017-11-27,Female,Said Warsame,+252610000535,House 0535 Karaan District Mogadishu,guardian0535@example.com,Mother,6a76266063e146a4e41f686e,,,6a7621e463e146a4e41f6852,2026-08-07,Somali,false
Ismail,Mohamed,Warsame,2016-12-28,Male,Sahra Warsame,+252610000536,House 0536 Wadajir District Mogadishu,guardian0536@example.com,Father,6a76266063e146a4e41f686e,,,6a7621e463e146a4e41f6852,2026-08-07,Somali,false
Nasteho,Farah,Warsame,2017-01-01,Female,Ismail Warsame,+252610000537,House 0537 Dharkenley District Mogadishu,guardian0537@example.com,Mother,6a76266063e146a4e41f686e,,,6a7621e463e146a4e41f6852,2026-08-07,Somali,false
Ibrahim,Muse,Warsame,2016-02-02,Male,Sumaya Warsame,+252610000538,House 0538 Shangani District Mogadishu,guardian0538@example.com,Father,6a76266063e146a4e41f686e,,,6a7621e463e146a4e41f6852,2026-08-07,Somali,false
Deqa,Roble,Warsame,2017-03-03,Female,Samatar Warsame,+252610000539,House 0539 Bondhere District Mogadishu,guardian0539@example.com,Mother,6a76266063e146a4e41f686e,,,6a7621e463e146a4e41f6852,2026-08-07,Somali,false
Zakariya,Omar,Warsame,2016-04-04,Male,Maryan Warsame,+252610000540,House 0540 Daynile District Mogadishu,guardian0540@example.com,Father,6a76266063e146a4e41f686e,,,6a7621e463e146a4e41f6852,2026-08-07,Somali,false
Asha,Osman,Warsame,2017-05-05,Female,Osman Warsame,+252610000541,House 0541 Hodan District Mogadishu,guardian0541@example.com,Mother,6a76266063e146a4e41f686e,,,6a7621e463e146a4e41f6852,2026-08-07,Somali,false
Abdullahi,Bashir,Warsame,2016-06-06,Male,Muna Warsame,+252610000542,House 0542 Waberi District Mogadishu,guardian0542@example.com,Father,6a76266063e146a4e41f686e,,,6a7621e463e146a4e41f6852,2026-08-07,Somali,false
Khadija,Khalif,Warsame,2017-07-07,Female,Mohamed Warsame,+252610000543,House 0543 Hamar Weyne District Mogadishu,guardian0543@example.com,Mother,6a76266063e146a4e41f686e,,,6a7621e463e146a4e41f6852,2026-08-07,Somali,false
Bashir,Hassan,Warsame,2016-08-08,Male,Asha Warsame,+252610000544,House 0544 Yaqshid District Mogadishu,guardian0544@example.com,Father,6a76266063e146a4e41f686e,,,6a7621e463e146a4e41f6852,2026-08-07,Somali,false
Hibo,Ismail,Warsame,2017-09-09,Female,Farah Warsame,+252610000545,House 0545 Karaan District Mogadishu,guardian0545@example.com,Mother,6a76266063e146a4e41f686e,,,6a7621e463e146a4e41f6852,2026-08-07,Somali,false
Mahad,Mahad,Warsame,2016-10-10,Male,Amal Warsame,+252610000546,House 0546 Wadajir District Mogadishu,guardian0546@example.com,Father,6a76266063e146a4e41f686e,,,6a7621e463e146a4e41f6852,2026-08-07,Somali,false
Rahma,Abshir,Warsame,2017-11-11,Female,Yusuf Warsame,+252610000547,House 0547 Dharkenley District Mogadishu,guardian0547@example.com,Mother,6a76266063e146a4e41f686e,,,6a7621e463e146a4e41f6852,2026-08-07,Somali,false
Adan,Aden,Warsame,2016-12-12,Male,Nasteho Warsame,+252610000548,House 0548 Shangani District Mogadishu,guardian0548@example.com,Father,6a76266063e146a4e41f686e,,,6a7621e463e146a4e41f6852,2026-08-07,Somali,false
Ifrah,Ahmed,Warsame,2017-01-13,Female,Bashir Warsame,+252610000549,House 0549 Bondhere District Mogadishu,guardian0549@example.com,Mother,6a76266063e146a4e41f686e,,,6a7621e463e146a4e41f6852,2026-08-07,Somali,false
Farah,Warsame,Warsame,2016-02-14,Male,Khadija Warsame,+252610000550,House 0550 Daynile District Mogadishu,guardian0550@example.com,Father,6a76266063e146a4e41f686e,,,6a7621e463e146a4e41f6852,2026-08-07,Somali,false
Sumaya,Daud,Warsame,2017-03-15,Female,Hassan Warsame,+252610000551,House 0551 Hodan District Mogadishu,guardian0551@example.com,Mother,6a76266063e146a4e41f686e,,,6a7621e463e146a4e41f6852,2026-08-07,Somali,false
Jama,Guled,Warsame,2016-04-16,Male,Rahma Warsame,+252610000552,House 0552 Waberi District Mogadishu,guardian0552@example.com,Father,6a76266063e146a4e41f686e,,,6a7621e463e146a4e41f6852,2026-08-07,Somali,false
Muna,Yusuf,Warsame,2017-05-17,Female,Warsame Warsame,+252610000553,House 0553 Hamar Weyne District Mogadishu,guardian0553@example.com,Mother,6a76266063e146a4e41f686e,,,6a7621e463e146a4e41f6852,2026-08-07,Somali,false
Osman,Jama,Warsame,2016-06-18,Male,Hawa Warsame,+252610000554,House 0554 Yaqshid District Mogadishu,guardian0554@example.com,Father,6a76266063e146a4e41f686e,,,6a7621e463e146a4e41f6852,2026-08-07,Somali,false
Ruqiya,Said,Warsame,2017-07-19,Female,Ibrahim Warsame,+252610000555,House 0555 Karaan District Mogadishu,guardian0555@example.com,Mother,6a76266063e146a4e41f686e,,,6a7621e463e146a4e41f6852,2026-08-07,Somali,false
Said,Shire,Warsame,2016-08-20,Male,Hibo Warsame,+252610000556,House 0556 Wadajir District Mogadishu,guardian0556@example.com,Father,6a76266063e146a4e41f686e,,,6a7621e463e146a4e41f6852,2026-08-07,Somali,false
Luul,Abdi,Warsame,2017-09-21,Female,Daud Warsame,+252610000557,House 0557 Dharkenley District Mogadishu,guardian0557@example.com,Mother,6a76266063e146a4e41f686e,,,6a7621e463e146a4e41f6852,2026-08-07,Somali,false
Muse,Nur,Warsame,2016-10-22,Male,Fadumo Warsame,+252610000558,House 0558 Shangani District Mogadishu,guardian0558@example.com,Father,6a76266063e146a4e41f686e,,,6a7621e463e146a4e41f6852,2026-08-07,Somali,false
Amal,Adan,Warsame,2017-11-23,Female,Mahad Warsame,+252610000559,House 0559 Bondhere District Mogadishu,guardian0559@example.com,Mother,6a76266063e146a4e41f686e,,,6a7621e463e146a4e41f6852,2026-08-07,Somali,false
Warsame,Liban,Warsame,2016-12-24,Male,Luul Warsame,+252610000560,House 0560 Daynile District Mogadishu,guardian0560@example.com,Father,6a76266063e146a4e41f686e,,,6a7621e463e146a4e41f6852,2026-08-07,Somali,false
Amina,Ali,Nur,2017-01-25,Female,Abdullahi Nur,+252610000561,House 0561 Hodan District Mogadishu,guardian0561@example.com,Mother,6a76266063e146a4e41f686e,,,6a7621e463e146a4e41f6852,2026-08-07,Somali,false
Ahmed,Ibrahim,Nur,2016-02-26,Male,Halima Nur,+252610000562,House 0562 Waberi District Mogadishu,guardian0562@example.com,Father,6a76266063e146a4e41f686e,,,6a7621e463e146a4e41f6852,2026-08-07,Somali,false
Hodan,Abdullahi,Nur,2017-03-27,Female,Jama Nur,+252610000563,House 0563 Hamar Weyne District Mogadishu,guardian0563@example.com,Mother,6a76266063e146a4e41f686e,,,6a7621e463e146a4e41f6852,2026-08-07,Somali,false
Mohamed,Samatar,Nur,2016-04-28,Male,Ruqiya Nur,+252610000564,House 0564 Yaqshid District Mogadishu,guardian0564@example.com,Father,6a76266063e146a4e41f686e,,,6a7621e463e146a4e41f6852,2026-08-07,Somali,false
Sahra,Elmi,Nur,2017-05-01,Female,Ahmed Nur,+252610000565,House 0565 Karaan District Mogadishu,guardian0565@example.com,Mother,6a76266063e146a4e41f686e,,,6a7621e463e146a4e41f6852,2026-08-07,Somali,false
Abdi,Mohamed,Nur,2016-06-02,Male,Deqa Nur,+252610000566,House 0566 Wadajir District Mogadishu,guardian0566@example.com,Father,6a76266063e146a4e41f686e,,,6a7621e463e146a4e41f6852,2026-08-07,Somali,false
Fadumo,Farah,Nur,2017-07-03,Female,Adan Nur,+252610000567,House 0567 Dharkenley District Mogadishu,guardian0567@example.com,Mother,6a76266063e146a4e41f686e,,,6a7621e463e146a4e41f6852,2026-08-07,Somali,false
Yusuf,Muse,Nur,2016-08-04,Male,Ikram Nur,+252610000568,House 0568 Shangani District Mogadishu,guardian0568@example.com,Father,6a76266063e146a4e41f686e,,,6a7621e463e146a4e41f6852,2026-08-07,Somali,false
Maryan,Roble,Nur,2017-09-05,Female,Ali Nur,+252610000569,House 0569 Bondhere District Mogadishu,guardian0569@example.com,Mother,6a76266063e146a4e41f686e,,,6a7621e463e146a4e41f6852,2026-08-07,Somali,false
Hassan,Omar,Nur,2016-10-06,Male,Yasmin Nur,+252610000570,House 0570 Daynile District Mogadishu,guardian0570@example.com,Father,6a76266063e146a4e41f686e,,,6a7621e463e146a4e41f6852,2026-08-07,Somali,false
Halima,Osman,Nur,2017-11-07,Female,Muse Nur,+252610000571,House 0571 Hodan District Mogadishu,guardian0571@example.com,Mother,6a76266063e146a4e41f686e,,,6a7621e463e146a4e41f6852,2026-08-07,Somali,false
Omar,Bashir,Nur,2016-12-08,Male,Khadra Nur,+252610000572,House 0572 Waberi District Mogadishu,guardian0572@example.com,Father,6a76266063e146a4e41f686e,,,6a7621e463e146a4e41f6852,2026-08-07,Somali,false
Yasmin,Khalif,Nur,2017-01-09,Female,Omar Nur,+252610000573,House 0573 Hamar Weyne District Mogadishu,guardian0573@example.com,Mother,6a76266063e146a4e41f686e,,,6a7621e463e146a4e41f6852,2026-08-07,Somali,false
Ali,Hassan,Nur,2016-02-10,Male,Ifrah Nur,+252610000574,House 0574 Yaqshid District Mogadishu,guardian0574@example.com,Father,6a76266063e146a4e41f686e,,,6a7621e463e146a4e41f6852,2026-08-07,Somali,false
Ikram,Ismail,Nur,2017-03-11,Female,Said Nur,+252610000575,House 0575 Karaan District Mogadishu,guardian0575@example.com,Mother,6a76266063e146a4e41f686e,,,6a7621e463e146a4e41f6852,2026-08-07,Somali,false
Ismail,Mahad,Nur,2016-04-12,Male,Sahra Nur,+252610000576,House 0576 Wadajir District Mogadishu,guardian0576@example.com,Father,6a76266063e146a4e41f686e,,,6a7621e463e146a4e41f6852,2026-08-07,Somali,false
Nasteho,Abshir,Nur,2017-05-13,Female,Ismail Nur,+252610000577,House 0577 Dharkenley District Mogadishu,guardian0577@example.com,Mother,6a76266063e146a4e41f686e,,,6a7621e463e146a4e41f6852,2026-08-07,Somali,false
Ibrahim,Aden,Nur,2016-06-14,Male,Sumaya Nur,+252610000578,House 0578 Shangani District Mogadishu,guardian0578@example.com,Father,6a76266063e146a4e41f686e,,,6a7621e463e146a4e41f6852,2026-08-07,Somali,false
Deqa,Ahmed,Nur,2017-07-15,Female,Samatar Nur,+252610000579,House 0579 Bondhere District Mogadishu,guardian0579@example.com,Mother,6a76266063e146a4e41f686e,,,6a7621e463e146a4e41f6852,2026-08-07,Somali,false
Zakariya,Warsame,Nur,2016-08-16,Male,Maryan Nur,+252610000580,House 0580 Daynile District Mogadishu,guardian0580@example.com,Father,6a76266063e146a4e41f686e,,,6a7621e463e146a4e41f6852,2026-08-07,Somali,false
Asha,Daud,Nur,2017-09-17,Female,Osman Nur,+252610000581,House 0581 Hodan District Mogadishu,guardian0581@example.com,Mother,6a76266063e146a4e41f686e,,,6a7621e463e146a4e41f6852,2026-08-07,Somali,false
Abdullahi,Guled,Nur,2016-10-18,Male,Muna Nur,+252610000582,House 0582 Waberi District Mogadishu,guardian0582@example.com,Father,6a76266063e146a4e41f686e,,,6a7621e463e146a4e41f6852,2026-08-07,Somali,false
Khadija,Yusuf,Nur,2017-11-19,Female,Mohamed Nur,+252610000583,House 0583 Hamar Weyne District Mogadishu,guardian0583@example.com,Mother,6a76266063e146a4e41f686e,,,6a7621e463e146a4e41f6852,2026-08-07,Somali,false
Bashir,Jama,Nur,2016-12-20,Male,Asha Nur,+252610000584,House 0584 Yaqshid District Mogadishu,guardian0584@example.com,Father,6a76266063e146a4e41f686e,,,6a7621e463e146a4e41f6852,2026-08-07,Somali,false
Hibo,Said,Nur,2017-01-21,Female,Farah Nur,+252610000585,House 0585 Karaan District Mogadishu,guardian0585@example.com,Mother,6a76266063e146a4e41f686e,,,6a7621e463e146a4e41f6852,2026-08-07,Somali,false
Mahad,Shire,Nur,2016-02-22,Male,Amal Nur,+252610000586,House 0586 Wadajir District Mogadishu,guardian0586@example.com,Father,6a76266063e146a4e41f686e,,,6a7621e463e146a4e41f6852,2026-08-07,Somali,false
Rahma,Abdi,Nur,2017-03-23,Female,Yusuf Nur,+252610000587,House 0587 Dharkenley District Mogadishu,guardian0587@example.com,Mother,6a76266063e146a4e41f686e,,,6a7621e463e146a4e41f6852,2026-08-07,Somali,false
Adan,Nur,Nur,2016-04-24,Male,Nasteho Nur,+252610000588,House 0588 Shangani District Mogadishu,guardian0588@example.com,Father,6a76266063e146a4e41f686e,,,6a7621e463e146a4e41f6852,2026-08-07,Somali,false
Ifrah,Adan,Nur,2017-05-25,Female,Bashir Nur,+252610000589,House 0589 Bondhere District Mogadishu,guardian0589@example.com,Mother,6a76266063e146a4e41f686e,,,6a7621e463e146a4e41f6852,2026-08-07,Somali,false
Farah,Liban,Nur,2016-06-26,Male,Khadija Nur,+252610000590,House 0590 Daynile District Mogadishu,guardian0590@example.com,Father,6a76266063e146a4e41f686e,,,6a7621e463e146a4e41f6852,2026-08-07,Somali,false
Sumaya,Ali,Nur,2017-07-27,Female,Hassan Nur,+252610000591,House 0591 Hodan District Mogadishu,guardian0591@example.com,Mother,6a76266063e146a4e41f686e,,,6a7621e463e146a4e41f6852,2026-08-07,Somali,false
Jama,Ibrahim,Nur,2016-08-28,Male,Rahma Nur,+252610000592,House 0592 Waberi District Mogadishu,guardian0592@example.com,Father,6a76266063e146a4e41f686e,,,6a7621e463e146a4e41f6852,2026-08-07,Somali,false
Muna,Abdullahi,Nur,2017-09-01,Female,Warsame Nur,+252610000593,House 0593 Hamar Weyne District Mogadishu,guardian0593@example.com,Mother,6a76266063e146a4e41f686e,,,6a7621e463e146a4e41f6852,2026-08-07,Somali,false
Osman,Samatar,Nur,2016-10-02,Male,Hawa Nur,+252610000594,House 0594 Yaqshid District Mogadishu,guardian0594@example.com,Father,6a76266063e146a4e41f686e,,,6a7621e463e146a4e41f6852,2026-08-07,Somali,false
Ruqiya,Elmi,Nur,2017-11-03,Female,Ibrahim Nur,+252610000595,House 0595 Karaan District Mogadishu,guardian0595@example.com,Mother,6a76266063e146a4e41f686e,,,6a7621e463e146a4e41f6852,2026-08-07,Somali,false
Said,Mohamed,Nur,2016-12-04,Male,Hibo Nur,+252610000596,House 0596 Wadajir District Mogadishu,guardian0596@example.com,Father,6a76266063e146a4e41f686e,,,6a7621e463e146a4e41f6852,2026-08-07,Somali,false
Luul,Farah,Nur,2017-01-05,Female,Daud Nur,+252610000597,House 0597 Dharkenley District Mogadishu,guardian0597@example.com,Mother,6a76266063e146a4e41f686e,,,6a7621e463e146a4e41f6852,2026-08-07,Somali,false
Muse,Muse,Nur,2016-02-06,Male,Fadumo Nur,+252610000598,House 0598 Shangani District Mogadishu,guardian0598@example.com,Father,6a76266063e146a4e41f686e,,,6a7621e463e146a4e41f6852,2026-08-07,Somali,false
Amal,Roble,Nur,2017-03-07,Female,Mahad Nur,+252610000599,House 0599 Bondhere District Mogadishu,guardian0599@example.com,Mother,6a76266063e146a4e41f686e,,,6a7621e463e146a4e41f6852,2026-08-07,Somali,false
Warsame,Omar,Nur,2016-04-08,Male,Luul Nur,+252610000600,House 0600 Daynile District Mogadishu,guardian0600@example.com,Father,6a76266063e146a4e41f686e,,,6a7621e463e146a4e41f6852,2026-08-07,Somali,false
Amina,Osman,Ahmed,2017-05-09,Female,Abdullahi Ahmed,+252610000601,House 0601 Hodan District Mogadishu,guardian0601@example.com,Mother,6a76266063e146a4e41f686e,,,6a7621e463e146a4e41f6852,2026-08-07,Somali,false
Ahmed,Bashir,Ahmed,2016-06-10,Male,Halima Ahmed,+252610000602,House 0602 Waberi District Mogadishu,guardian0602@example.com,Father,6a76266063e146a4e41f686e,,,6a7621e463e146a4e41f6852,2026-08-07,Somali,false
Hodan,Khalif,Ahmed,2017-07-11,Female,Jama Ahmed,+252610000603,House 0603 Hamar Weyne District Mogadishu,guardian0603@example.com,Mother,6a76266063e146a4e41f686e,,,6a7621e463e146a4e41f6852,2026-08-07,Somali,false
Mohamed,Hassan,Ahmed,2016-08-12,Male,Ruqiya Ahmed,+252610000604,House 0604 Yaqshid District Mogadishu,guardian0604@example.com,Father,6a76266063e146a4e41f686e,,,6a7621e463e146a4e41f6852,2026-08-07,Somali,false
Sahra,Ismail,Ahmed,2017-09-13,Female,Ahmed Ahmed,+252610000605,House 0605 Karaan District Mogadishu,guardian0605@example.com,Mother,6a76266063e146a4e41f686e,,,6a7621e463e146a4e41f6852,2026-08-07,Somali,false
Abdi,Mahad,Ahmed,2016-10-14,Male,Deqa Ahmed,+252610000606,House 0606 Wadajir District Mogadishu,guardian0606@example.com,Father,6a76266063e146a4e41f686e,,,6a7621e463e146a4e41f6852,2026-08-07,Somali,false
Fadumo,Abshir,Ahmed,2017-11-15,Female,Adan Ahmed,+252610000607,House 0607 Dharkenley District Mogadishu,guardian0607@example.com,Mother,6a76266063e146a4e41f686e,,,6a7621e463e146a4e41f6852,2026-08-07,Somali,false
Yusuf,Aden,Ahmed,2016-12-16,Male,Ikram Ahmed,+252610000608,House 0608 Shangani District Mogadishu,guardian0608@example.com,Father,6a76266063e146a4e41f686e,,,6a7621e463e146a4e41f6852,2026-08-07,Somali,false
Maryan,Ahmed,Ahmed,2017-01-17,Female,Ali Ahmed,+252610000609,House 0609 Bondhere District Mogadishu,guardian0609@example.com,Mother,6a76266063e146a4e41f686e,,,6a7621e463e146a4e41f6852,2026-08-07,Somali,false
Hassan,Warsame,Ahmed,2016-02-18,Male,Yasmin Ahmed,+252610000610,House 0610 Daynile District Mogadishu,guardian0610@example.com,Father,6a76266063e146a4e41f686e,,,6a7621e463e146a4e41f6852,2026-08-07,Somali,false
Halima,Daud,Ahmed,2017-03-19,Female,Muse Ahmed,+252610000611,House 0611 Hodan District Mogadishu,guardian0611@example.com,Mother,6a76266063e146a4e41f686e,,,6a7621e463e146a4e41f6852,2026-08-07,Somali,false
Omar,Guled,Ahmed,2016-04-20,Male,Khadra Ahmed,+252610000612,House 0612 Waberi District Mogadishu,guardian0612@example.com,Father,6a76266063e146a4e41f686e,,,6a7621e463e146a4e41f6852,2026-08-07,Somali,false
Yasmin,Yusuf,Ahmed,2017-05-21,Female,Omar Ahmed,+252610000613,House 0613 Hamar Weyne District Mogadishu,guardian0613@example.com,Mother,6a76266063e146a4e41f686e,,,6a7621e463e146a4e41f6852,2026-08-07,Somali,false
Ali,Jama,Ahmed,2016-06-22,Male,Ifrah Ahmed,+252610000614,House 0614 Yaqshid District Mogadishu,guardian0614@example.com,Father,6a76266063e146a4e41f686e,,,6a7621e463e146a4e41f6852,2026-08-07,Somali,false
Ikram,Said,Ahmed,2017-07-23,Female,Said Ahmed,+252610000615,House 0615 Karaan District Mogadishu,guardian0615@example.com,Mother,6a76266063e146a4e41f686e,,,6a7621e463e146a4e41f6852,2026-08-07,Somali,false
Ismail,Shire,Ahmed,2016-08-24,Male,Sahra Ahmed,+252610000616,House 0616 Wadajir District Mogadishu,guardian0616@example.com,Father,6a76266063e146a4e41f686e,,,6a7621e463e146a4e41f6852,2026-08-07,Somali,false
Nasteho,Abdi,Ahmed,2017-09-25,Female,Ismail Ahmed,+252610000617,House 0617 Dharkenley District Mogadishu,guardian0617@example.com,Mother,6a76266063e146a4e41f686e,,,6a7621e463e146a4e41f6852,2026-08-07,Somali,false
Ibrahim,Nur,Ahmed,2016-10-26,Male,Sumaya Ahmed,+252610000618,House 0618 Shangani District Mogadishu,guardian0618@example.com,Father,6a76266063e146a4e41f686e,,,6a7621e463e146a4e41f6852,2026-08-07,Somali,false
Deqa,Adan,Ahmed,2017-11-27,Female,Samatar Ahmed,+252610000619,House 0619 Bondhere District Mogadishu,guardian0619@example.com,Mother,6a76266063e146a4e41f686e,,,6a7621e463e146a4e41f6852,2026-08-07,Somali,false
Zakariya,Liban,Ahmed,2016-12-28,Male,Maryan Ahmed,+252610000620,House 0620 Daynile District Mogadishu,guardian0620@example.com,Father,6a76266063e146a4e41f686e,,,6a7621e463e146a4e41f6852,2026-08-07,Somali,false
Asha,Ali,Ahmed,2017-01-01,Female,Osman Ahmed,+252610000621,House 0621 Hodan District Mogadishu,guardian0621@example.com,Mother,6a76266063e146a4e41f686e,,,6a7621e463e146a4e41f6852,2026-08-07,Somali,false
Abdullahi,Ibrahim,Ahmed,2016-02-02,Male,Muna Ahmed,+252610000622,House 0622 Waberi District Mogadishu,guardian0622@example.com,Father,6a76266063e146a4e41f686e,,,6a7621e463e146a4e41f6852,2026-08-07,Somali,false
Khadija,Abdullahi,Ahmed,2017-03-03,Female,Mohamed Ahmed,+252610000623,House 0623 Hamar Weyne District Mogadishu,guardian0623@example.com,Mother,6a76266063e146a4e41f686e,,,6a7621e463e146a4e41f6852,2026-08-07,Somali,false
Bashir,Samatar,Ahmed,2016-04-04,Male,Asha Ahmed,+252610000624,House 0624 Yaqshid District Mogadishu,guardian0624@example.com,Father,6a76266063e146a4e41f686e,,,6a7621e463e146a4e41f6852,2026-08-07,Somali,false
Hibo,Elmi,Ahmed,2017-05-05,Female,Farah Ahmed,+252610000625,House 0625 Karaan District Mogadishu,guardian0625@example.com,Mother,6a76266063e146a4e41f686e,,,6a7621e463e146a4e41f6852,2026-08-07,Somali,false
Mahad,Mohamed,Ahmed,2016-06-06,Male,Amal Ahmed,+252610000626,House 0626 Wadajir District Mogadishu,guardian0626@example.com,Father,6a76266063e146a4e41f686e,,,6a7621e463e146a4e41f6852,2026-08-07,Somali,false
Rahma,Farah,Ahmed,2017-07-07,Female,Yusuf Ahmed,+252610000627,House 0627 Dharkenley District Mogadishu,guardian0627@example.com,Mother,6a76266063e146a4e41f686e,,,6a7621e463e146a4e41f6852,2026-08-07,Somali,false
Adan,Muse,Ahmed,2016-08-08,Male,Nasteho Ahmed,+252610000628,House 0628 Shangani District Mogadishu,guardian0628@example.com,Father,6a76266063e146a4e41f686e,,,6a7621e463e146a4e41f6852,2026-08-07,Somali,false
Ifrah,Roble,Ahmed,2017-09-09,Female,Bashir Ahmed,+252610000629,House 0629 Bondhere District Mogadishu,guardian0629@example.com,Mother,6a76266063e146a4e41f686e,,,6a7621e463e146a4e41f6852,2026-08-07,Somali,false
Farah,Omar,Ahmed,2016-10-10,Male,Khadija Ahmed,+252610000630,House 0630 Daynile District Mogadishu,guardian0630@example.com,Father,6a76266063e146a4e41f686e,,,6a7621e463e146a4e41f6852,2026-08-07,Somali,false
Sumaya,Osman,Ahmed,2017-11-11,Female,Hassan Ahmed,+252610000631,House 0631 Hodan District Mogadishu,guardian0631@example.com,Mother,6a76266063e146a4e41f686e,,,6a7621e463e146a4e41f6852,2026-08-07,Somali,false
Jama,Bashir,Ahmed,2016-12-12,Male,Rahma Ahmed,+252610000632,House 0632 Waberi District Mogadishu,guardian0632@example.com,Father,6a76266063e146a4e41f686e,,,6a7621e463e146a4e41f6852,2026-08-07,Somali,false
Muna,Khalif,Ahmed,2017-01-13,Female,Warsame Ahmed,+252610000633,House 0633 Hamar Weyne District Mogadishu,guardian0633@example.com,Mother,6a76266063e146a4e41f686e,,,6a7621e463e146a4e41f6852,2026-08-07,Somali,false
Osman,Hassan,Ahmed,2016-02-14,Male,Hawa Ahmed,+252610000634,House 0634 Yaqshid District Mogadishu,guardian0634@example.com,Father,6a76266063e146a4e41f686e,,,6a7621e463e146a4e41f6852,2026-08-07,Somali,false
Ruqiya,Ismail,Ahmed,2017-03-15,Female,Ibrahim Ahmed,+252610000635,House 0635 Karaan District Mogadishu,guardian0635@example.com,Mother,6a76266063e146a4e41f686e,,,6a7621e463e146a4e41f6852,2026-08-07,Somali,false
Said,Mahad,Ahmed,2016-04-16,Male,Hibo Ahmed,+252610000636,House 0636 Wadajir District Mogadishu,guardian0636@example.com,Father,6a76266063e146a4e41f686e,,,6a7621e463e146a4e41f6852,2026-08-07,Somali,false
Luul,Abshir,Ahmed,2017-05-17,Female,Daud Ahmed,+252610000637,House 0637 Dharkenley District Mogadishu,guardian0637@example.com,Mother,6a76266063e146a4e41f686e,,,6a7621e463e146a4e41f6852,2026-08-07,Somali,false
Muse,Aden,Ahmed,2016-06-18,Male,Fadumo Ahmed,+252610000638,House 0638 Shangani District Mogadishu,guardian0638@example.com,Father,6a76266063e146a4e41f686e,,,6a7621e463e146a4e41f6852,2026-08-07,Somali,false
Amal,Ahmed,Ahmed,2017-07-19,Female,Mahad Ahmed,+252610000639,House 0639 Bondhere District Mogadishu,guardian0639@example.com,Mother,6a76266063e146a4e41f686e,,,6a7621e463e146a4e41f6852,2026-08-07,Somali,false
Warsame,Warsame,Ahmed,2016-08-20,Male,Luul Ahmed,+252610000640,House 0640 Daynile District Mogadishu,guardian0640@example.com,Father,6a76266063e146a4e41f686e,,,6a7621e463e146a4e41f6852,2026-08-07,Somali,false
Amina,Daud,Ibrahim,2017-09-21,Female,Abdullahi Ibrahim,+252610000641,House 0641 Hodan District Mogadishu,guardian0641@example.com,Mother,6a76266063e146a4e41f686e,,,6a7621e463e146a4e41f6852,2026-08-07,Somali,false
Ahmed,Guled,Ibrahim,2016-10-22,Male,Halima Ibrahim,+252610000642,House 0642 Waberi District Mogadishu,guardian0642@example.com,Father,6a76266063e146a4e41f686e,,,6a7621e463e146a4e41f6852,2026-08-07,Somali,false
Hodan,Yusuf,Ibrahim,2017-11-23,Female,Jama Ibrahim,+252610000643,House 0643 Hamar Weyne District Mogadishu,guardian0643@example.com,Mother,6a76266063e146a4e41f686e,,,6a7621e463e146a4e41f6852,2026-08-07,Somali,false
Mohamed,Jama,Ibrahim,2016-12-24,Male,Ruqiya Ibrahim,+252610000644,House 0644 Yaqshid District Mogadishu,guardian0644@example.com,Father,6a76266063e146a4e41f686e,,,6a7621e463e146a4e41f6852,2026-08-07,Somali,false
Sahra,Said,Ibrahim,2017-01-25,Female,Ahmed Ibrahim,+252610000645,House 0645 Karaan District Mogadishu,guardian0645@example.com,Mother,6a76266063e146a4e41f686e,,,6a7621e463e146a4e41f6852,2026-08-07,Somali,false
Abdi,Shire,Ibrahim,2016-02-26,Male,Deqa Ibrahim,+252610000646,House 0646 Wadajir District Mogadishu,guardian0646@example.com,Father,6a76266063e146a4e41f686e,,,6a7621e463e146a4e41f6852,2026-08-07,Somali,false
Fadumo,Abdi,Ibrahim,2017-03-27,Female,Adan Ibrahim,+252610000647,House 0647 Dharkenley District Mogadishu,guardian0647@example.com,Mother,6a76266063e146a4e41f686e,,,6a7621e463e146a4e41f6852,2026-08-07,Somali,false
Yusuf,Nur,Ibrahim,2016-04-28,Male,Ikram Ibrahim,+252610000648,House 0648 Shangani District Mogadishu,guardian0648@example.com,Father,6a76266063e146a4e41f686e,,,6a7621e463e146a4e41f6852,2026-08-07,Somali,false
Maryan,Adan,Ibrahim,2017-05-01,Female,Ali Ibrahim,+252610000649,House 0649 Bondhere District Mogadishu,guardian0649@example.com,Mother,6a76266063e146a4e41f686e,,,6a7621e463e146a4e41f6852,2026-08-07,Somali,false
Hassan,Liban,Ibrahim,2016-06-02,Male,Yasmin Ibrahim,+252610000650,House 0650 Daynile District Mogadishu,guardian0650@example.com,Father,6a76266063e146a4e41f686e,,,6a7621e463e146a4e41f6852,2026-08-07,Somali,false
Halima,Ali,Ibrahim,2017-07-03,Female,Muse Ibrahim,+252610000651,House 0651 Hodan District Mogadishu,guardian0651@example.com,Mother,6a76266063e146a4e41f686e,,,6a7621e463e146a4e41f6852,2026-08-07,Somali,false
Omar,Ibrahim,Ibrahim,2016-08-04,Male,Khadra Ibrahim,+252610000652,House 0652 Waberi District Mogadishu,guardian0652@example.com,Father,6a76266063e146a4e41f686e,,,6a7621e463e146a4e41f6852,2026-08-07,Somali,false
Yasmin,Abdullahi,Ibrahim,2017-09-05,Female,Omar Ibrahim,+252610000653,House 0653 Hamar Weyne District Mogadishu,guardian0653@example.com,Mother,6a76266063e146a4e41f686e,,,6a7621e463e146a4e41f6852,2026-08-07,Somali,false
Ali,Samatar,Ibrahim,2016-10-06,Male,Ifrah Ibrahim,+252610000654,House 0654 Yaqshid District Mogadishu,guardian0654@example.com,Father,6a76266063e146a4e41f686e,,,6a7621e463e146a4e41f6852,2026-08-07,Somali,false
Ikram,Elmi,Ibrahim,2017-11-07,Female,Said Ibrahim,+252610000655,House 0655 Karaan District Mogadishu,guardian0655@example.com,Mother,6a76266063e146a4e41f686e,,,6a7621e463e146a4e41f6852,2026-08-07,Somali,false
Ismail,Mohamed,Ibrahim,2016-12-08,Male,Sahra Ibrahim,+252610000656,House 0656 Wadajir District Mogadishu,guardian0656@example.com,Father,6a76266063e146a4e41f686e,,,6a7621e463e146a4e41f6852,2026-08-07,Somali,false
Nasteho,Farah,Ibrahim,2017-01-09,Female,Ismail Ibrahim,+252610000657,House 0657 Dharkenley District Mogadishu,guardian0657@example.com,Mother,6a76266063e146a4e41f686e,,,6a7621e463e146a4e41f6852,2026-08-07,Somali,false
Ibrahim,Muse,Ibrahim,2016-02-10,Male,Sumaya Ibrahim,+252610000658,House 0658 Shangani District Mogadishu,guardian0658@example.com,Father,6a76266063e146a4e41f686e,,,6a7621e463e146a4e41f6852,2026-08-07,Somali,false
Deqa,Roble,Ibrahim,2017-03-11,Female,Samatar Ibrahim,+252610000659,House 0659 Bondhere District Mogadishu,guardian0659@example.com,Mother,6a76266063e146a4e41f686e,,,6a7621e463e146a4e41f6852,2026-08-07,Somali,false
Zakariya,Omar,Ibrahim,2016-04-12,Male,Maryan Ibrahim,+252610000660,House 0660 Daynile District Mogadishu,guardian0660@example.com,Father,6a76266063e146a4e41f686e,,,6a7621e463e146a4e41f6852,2026-08-07,Somali,false
Asha,Osman,Ibrahim,2017-05-13,Female,Osman Ibrahim,+252610000661,House 0661 Hodan District Mogadishu,guardian0661@example.com,Mother,6a76266063e146a4e41f686e,,,6a7621e463e146a4e41f6852,2026-08-07,Somali,false
Abdullahi,Bashir,Ibrahim,2016-06-14,Male,Muna Ibrahim,+252610000662,House 0662 Waberi District Mogadishu,guardian0662@example.com,Father,6a76266063e146a4e41f686e,,,6a7621e463e146a4e41f6852,2026-08-07,Somali,false
Khadija,Khalif,Ibrahim,2017-07-15,Female,Mohamed Ibrahim,+252610000663,House 0663 Hamar Weyne District Mogadishu,guardian0663@example.com,Mother,6a76266063e146a4e41f686e,,,6a7621e463e146a4e41f6852,2026-08-07,Somali,false
Bashir,Hassan,Ibrahim,2016-08-16,Male,Asha Ibrahim,+252610000664,House 0664 Yaqshid District Mogadishu,guardian0664@example.com,Father,6a76266063e146a4e41f686e,,,6a7621e463e146a4e41f6852,2026-08-07,Somali,false
Hibo,Ismail,Ibrahim,2017-09-17,Female,Farah Ibrahim,+252610000665,House 0665 Karaan District Mogadishu,guardian0665@example.com,Mother,6a76266063e146a4e41f686e,,,6a7621e463e146a4e41f6852,2026-08-07,Somali,false
Mahad,Mahad,Ibrahim,2016-10-18,Male,Amal Ibrahim,+252610000666,House 0666 Wadajir District Mogadishu,guardian0666@example.com,Father,6a76266063e146a4e41f686e,,,6a7621e463e146a4e41f6852,2026-08-07,Somali,false
Rahma,Abshir,Ibrahim,2017-11-19,Female,Yusuf Ibrahim,+252610000667,House 0667 Dharkenley District Mogadishu,guardian0667@example.com,Mother,6a76266063e146a4e41f686e,,,6a7621e463e146a4e41f6852,2026-08-07,Somali,false
Adan,Aden,Ibrahim,2016-12-20,Male,Nasteho Ibrahim,+252610000668,House 0668 Shangani District Mogadishu,guardian0668@example.com,Father,6a76266063e146a4e41f686e,,,6a7621e463e146a4e41f6852,2026-08-07,Somali,false
Ifrah,Ahmed,Ibrahim,2017-01-21,Female,Bashir Ibrahim,+252610000669,House 0669 Bondhere District Mogadishu,guardian0669@example.com,Mother,6a76266063e146a4e41f686e,,,6a7621e463e146a4e41f6852,2026-08-07,Somali,false
Farah,Warsame,Ibrahim,2016-02-22,Male,Khadija Ibrahim,+252610000670,House 0670 Daynile District Mogadishu,guardian0670@example.com,Father,6a76266063e146a4e41f686e,,,6a7621e463e146a4e41f6852,2026-08-07,Somali,false
Sumaya,Daud,Ibrahim,2017-03-23,Female,Hassan Ibrahim,+252610000671,House 0671 Hodan District Mogadishu,guardian0671@example.com,Mother,6a76266063e146a4e41f686e,,,6a7621e463e146a4e41f6852,2026-08-07,Somali,false
Jama,Guled,Ibrahim,2016-04-24,Male,Rahma Ibrahim,+252610000672,House 0672 Waberi District Mogadishu,guardian0672@example.com,Father,6a76266063e146a4e41f686e,,,6a7621e463e146a4e41f6852,2026-08-07,Somali,false
Muna,Yusuf,Ibrahim,2017-05-25,Female,Warsame Ibrahim,+252610000673,House 0673 Hamar Weyne District Mogadishu,guardian0673@example.com,Mother,6a76266063e146a4e41f686e,,,6a7621e463e146a4e41f6852,2026-08-07,Somali,false
Osman,Jama,Ibrahim,2016-06-26,Male,Hawa Ibrahim,+252610000674,House 0674 Yaqshid District Mogadishu,guardian0674@example.com,Father,6a76266063e146a4e41f686e,,,6a7621e463e146a4e41f6852,2026-08-07,Somali,false
Ruqiya,Said,Ibrahim,2017-07-27,Female,Ibrahim Ibrahim,+252610000675,House 0675 Karaan District Mogadishu,guardian0675@example.com,Mother,6a76266063e146a4e41f686e,,,6a7621e463e146a4e41f6852,2026-08-07,Somali,false
Said,Shire,Ibrahim,2016-08-28,Male,Hibo Ibrahim,+252610000676,House 0676 Wadajir District Mogadishu,guardian0676@example.com,Father,6a76266063e146a4e41f686e,,,6a7621e463e146a4e41f6852,2026-08-07,Somali,false
Luul,Abdi,Ibrahim,2017-09-01,Female,Daud Ibrahim,+252610000677,House 0677 Dharkenley District Mogadishu,guardian0677@example.com,Mother,6a76266063e146a4e41f686e,,,6a7621e463e146a4e41f6852,2026-08-07,Somali,false
Muse,Nur,Ibrahim,2016-10-02,Male,Fadumo Ibrahim,+252610000678,House 0678 Shangani District Mogadishu,guardian0678@example.com,Father,6a76266063e146a4e41f686e,,,6a7621e463e146a4e41f6852,2026-08-07,Somali,false
Amal,Adan,Ibrahim,2017-11-03,Female,Mahad Ibrahim,+252610000679,House 0679 Bondhere District Mogadishu,guardian0679@example.com,Mother,6a76266063e146a4e41f686e,,,6a7621e463e146a4e41f6852,2026-08-07,Somali,false
Warsame,Liban,Ibrahim,2016-12-04,Male,Luul Ibrahim,+252610000680,House 0680 Daynile District Mogadishu,guardian0680@example.com,Father,6a76266063e146a4e41f686e,,,6a7621e463e146a4e41f6852,2026-08-07,Somali,false
Amina,Ali,Ismail,2017-01-05,Female,Abdullahi Ismail,+252610000681,House 0681 Hodan District Mogadishu,guardian0681@example.com,Mother,6a76266063e146a4e41f686e,,,6a7621e463e146a4e41f6852,2026-08-07,Somali,false
Ahmed,Ibrahim,Ismail,2016-02-06,Male,Halima Ismail,+252610000682,House 0682 Waberi District Mogadishu,guardian0682@example.com,Father,6a76266063e146a4e41f686e,,,6a7621e463e146a4e41f6852,2026-08-07,Somali,false
Hodan,Abdullahi,Ismail,2017-03-07,Female,Jama Ismail,+252610000683,House 0683 Hamar Weyne District Mogadishu,guardian0683@example.com,Mother,6a76266063e146a4e41f686e,,,6a7621e463e146a4e41f6852,2026-08-07,Somali,false
Mohamed,Samatar,Ismail,2016-04-08,Male,Ruqiya Ismail,+252610000684,House 0684 Yaqshid District Mogadishu,guardian0684@example.com,Father,6a76266063e146a4e41f686e,,,6a7621e463e146a4e41f6852,2026-08-07,Somali,false
Sahra,Elmi,Ismail,2017-05-09,Female,Ahmed Ismail,+252610000685,House 0685 Karaan District Mogadishu,guardian0685@example.com,Mother,6a76266063e146a4e41f686e,,,6a7621e463e146a4e41f6852,2026-08-07,Somali,false
Abdi,Mohamed,Ismail,2016-06-10,Male,Deqa Ismail,+252610000686,House 0686 Wadajir District Mogadishu,guardian0686@example.com,Father,6a76266063e146a4e41f686e,,,6a7621e463e146a4e41f6852,2026-08-07,Somali,false
Fadumo,Farah,Ismail,2017-07-11,Female,Adan Ismail,+252610000687,House 0687 Dharkenley District Mogadishu,guardian0687@example.com,Mother,6a76266063e146a4e41f686e,,,6a7621e463e146a4e41f6852,2026-08-07,Somali,false
Yusuf,Muse,Ismail,2016-08-12,Male,Ikram Ismail,+252610000688,House 0688 Shangani District Mogadishu,guardian0688@example.com,Father,6a76266063e146a4e41f686e,,,6a7621e463e146a4e41f6852,2026-08-07,Somali,false
Maryan,Roble,Ismail,2017-09-13,Female,Ali Ismail,+252610000689,House 0689 Bondhere District Mogadishu,guardian0689@example.com,Mother,6a76266063e146a4e41f686e,,,6a7621e463e146a4e41f6852,2026-08-07,Somali,false
Hassan,Omar,Ismail,2016-10-14,Male,Yasmin Ismail,+252610000690,House 0690 Daynile District Mogadishu,guardian0690@example.com,Father,6a76266063e146a4e41f686e,,,6a7621e463e146a4e41f6852,2026-08-07,Somali,false
Halima,Osman,Ismail,2017-11-15,Female,Muse Ismail,+252610000691,House 0691 Hodan District Mogadishu,guardian0691@example.com,Mother,6a76266063e146a4e41f686e,,,6a7621e463e146a4e41f6852,2026-08-07,Somali,false
Omar,Bashir,Ismail,2016-12-16,Male,Khadra Ismail,+252610000692,House 0692 Waberi District Mogadishu,guardian0692@example.com,Father,6a76266063e146a4e41f686e,,,6a7621e463e146a4e41f6852,2026-08-07,Somali,false
Yasmin,Khalif,Ismail,2017-01-17,Female,Omar Ismail,+252610000693,House 0693 Hamar Weyne District Mogadishu,guardian0693@example.com,Mother,6a76266063e146a4e41f686e,,,6a7621e463e146a4e41f6852,2026-08-07,Somali,false
Ali,Hassan,Ismail,2016-02-18,Male,Ifrah Ismail,+252610000694,House 0694 Yaqshid District Mogadishu,guardian0694@example.com,Father,6a76266063e146a4e41f686e,,,6a7621e463e146a4e41f6852,2026-08-07,Somali,false
Ikram,Ismail,Ismail,2017-03-19,Female,Said Ismail,+252610000695,House 0695 Karaan District Mogadishu,guardian0695@example.com,Mother,6a76266063e146a4e41f686e,,,6a7621e463e146a4e41f6852,2026-08-07,Somali,false
Ismail,Mahad,Ismail,2016-04-20,Male,Sahra Ismail,+252610000696,House 0696 Wadajir District Mogadishu,guardian0696@example.com,Father,6a76266063e146a4e41f686e,,,6a7621e463e146a4e41f6852,2026-08-07,Somali,false
Nasteho,Abshir,Ismail,2017-05-21,Female,Ismail Ismail,+252610000697,House 0697 Dharkenley District Mogadishu,guardian0697@example.com,Mother,6a76266063e146a4e41f686e,,,6a7621e463e146a4e41f6852,2026-08-07,Somali,false
Ibrahim,Aden,Ismail,2016-06-22,Male,Sumaya Ismail,+252610000698,House 0698 Shangani District Mogadishu,guardian0698@example.com,Father,6a76266063e146a4e41f686e,,,6a7621e463e146a4e41f6852,2026-08-07,Somali,false
Deqa,Ahmed,Ismail,2017-07-23,Female,Samatar Ismail,+252610000699,House 0699 Bondhere District Mogadishu,guardian0699@example.com,Mother,6a76266063e146a4e41f686e,,,6a7621e463e146a4e41f6852,2026-08-07,Somali,false
Zakariya,Warsame,Ismail,2016-08-24,Male,Maryan Ismail,+252610000700,House 0700 Daynile District Mogadishu,guardian0700@example.com,Father,6a76266063e146a4e41f686e,,,6a7621e463e146a4e41f6852,2026-08-07,Somali,false
Asha,Daud,Ismail,2017-09-25,Female,Osman Ismail,+252610000701,House 0701 Hodan District Mogadishu,guardian0701@example.com,Mother,6a76266063e146a4e41f686e,,,6a7621e463e146a4e41f6852,2026-08-07,Somali,false
Abdullahi,Guled,Ismail,2016-10-26,Male,Muna Ismail,+252610000702,House 0702 Waberi District Mogadishu,guardian0702@example.com,Father,6a76266063e146a4e41f686e,,,6a7621e463e146a4e41f6852,2026-08-07,Somali,false
Khadija,Yusuf,Ismail,2017-11-27,Female,Mohamed Ismail,+252610000703,House 0703 Hamar Weyne District Mogadishu,guardian0703@example.com,Mother,6a76266063e146a4e41f686e,,,6a7621e463e146a4e41f6852,2026-08-07,Somali,false
Bashir,Jama,Ismail,2016-12-28,Male,Asha Ismail,+252610000704,House 0704 Yaqshid District Mogadishu,guardian0704@example.com,Father,6a76266063e146a4e41f686e,,,6a7621e463e146a4e41f6852,2026-08-07,Somali,false
Hibo,Said,Ismail,2017-01-01,Female,Farah Ismail,+252610000705,House 0705 Karaan District Mogadishu,guardian0705@example.com,Mother,6a76266063e146a4e41f686e,,,6a7621e463e146a4e41f6852,2026-08-07,Somali,false
Mahad,Shire,Ismail,2016-02-02,Male,Amal Ismail,+252610000706,House 0706 Wadajir District Mogadishu,guardian0706@example.com,Father,6a76266063e146a4e41f686e,,,6a7621e463e146a4e41f6852,2026-08-07,Somali,false
Rahma,Abdi,Ismail,2017-03-03,Female,Yusuf Ismail,+252610000707,House 0707 Dharkenley District Mogadishu,guardian0707@example.com,Mother,6a76266063e146a4e41f686e,,,6a7621e463e146a4e41f6852,2026-08-07,Somali,false
Adan,Nur,Ismail,2016-04-04,Male,Nasteho Ismail,+252610000708,House 0708 Shangani District Mogadishu,guardian0708@example.com,Father,6a76266063e146a4e41f686e,,,6a7621e463e146a4e41f6852,2026-08-07,Somali,false
Ifrah,Adan,Ismail,2017-05-05,Female,Bashir Ismail,+252610000709,House 0709 Bondhere District Mogadishu,guardian0709@example.com,Mother,6a76266063e146a4e41f686e,,,6a7621e463e146a4e41f6852,2026-08-07,Somali,false
Farah,Liban,Ismail,2016-06-06,Male,Khadija Ismail,+252610000710,House 0710 Daynile District Mogadishu,guardian0710@example.com,Father,6a76266063e146a4e41f686e,,,6a7621e463e146a4e41f6852,2026-08-07,Somali,false
Sumaya,Ali,Ismail,2017-07-07,Female,Hassan Ismail,+252610000711,House 0711 Hodan District Mogadishu,guardian0711@example.com,Mother,6a76266063e146a4e41f686e,,,6a7621e463e146a4e41f6852,2026-08-07,Somali,false
Jama,Ibrahim,Ismail,2016-08-08,Male,Rahma Ismail,+252610000712,House 0712 Waberi District Mogadishu,guardian0712@example.com,Father,6a76266063e146a4e41f686e,,,6a7621e463e146a4e41f6852,2026-08-07,Somali,false
Muna,Abdullahi,Ismail,2017-09-09,Female,Warsame Ismail,+252610000713,House 0713 Hamar Weyne District Mogadishu,guardian0713@example.com,Mother,6a76266063e146a4e41f686e,,,6a7621e463e146a4e41f6852,2026-08-07,Somali,false
Osman,Samatar,Ismail,2016-10-10,Male,Hawa Ismail,+252610000714,House 0714 Yaqshid District Mogadishu,guardian0714@example.com,Father,6a76266063e146a4e41f686e,,,6a7621e463e146a4e41f6852,2026-08-07,Somali,false
Ruqiya,Elmi,Ismail,2017-11-11,Female,Ibrahim Ismail,+252610000715,House 0715 Karaan District Mogadishu,guardian0715@example.com,Mother,6a76266063e146a4e41f686e,,,6a7621e463e146a4e41f6852,2026-08-07,Somali,false
Said,Mohamed,Ismail,2016-12-12,Male,Hibo Ismail,+252610000716,House 0716 Wadajir District Mogadishu,guardian0716@example.com,Father,6a76266063e146a4e41f686e,,,6a7621e463e146a4e41f6852,2026-08-07,Somali,false
Luul,Farah,Ismail,2017-01-13,Female,Daud Ismail,+252610000717,House 0717 Dharkenley District Mogadishu,guardian0717@example.com,Mother,6a76266063e146a4e41f686e,,,6a7621e463e146a4e41f6852,2026-08-07,Somali,false
Muse,Muse,Ismail,2016-02-14,Male,Fadumo Ismail,+252610000718,House 0718 Shangani District Mogadishu,guardian0718@example.com,Father,6a76266063e146a4e41f686e,,,6a7621e463e146a4e41f6852,2026-08-07,Somali,false
Amal,Roble,Ismail,2017-03-15,Female,Mahad Ismail,+252610000719,House 0719 Bondhere District Mogadishu,guardian0719@example.com,Mother,6a76266063e146a4e41f686e,,,6a7621e463e146a4e41f6852,2026-08-07,Somali,false
Warsame,Omar,Ismail,2016-04-16,Male,Luul Ismail,+252610000720,House 0720 Daynile District Mogadishu,guardian0720@example.com,Father,6a76266063e146a4e41f686e,,,6a7621e463e146a4e41f6852,2026-08-07,Somali,false
Amina,Osman,Omar,2017-05-17,Female,Abdullahi Omar,+252610000721,House 0721 Hodan District Mogadishu,guardian0721@example.com,Mother,6a76266063e146a4e41f686e,,,6a7621e463e146a4e41f6852,2026-08-07,Somali,false
Ahmed,Bashir,Omar,2016-06-18,Male,Halima Omar,+252610000722,House 0722 Waberi District Mogadishu,guardian0722@example.com,Father,6a76266063e146a4e41f686e,,,6a7621e463e146a4e41f6852,2026-08-07,Somali,false
Hodan,Khalif,Omar,2017-07-19,Female,Jama Omar,+252610000723,House 0723 Hamar Weyne District Mogadishu,guardian0723@example.com,Mother,6a76266063e146a4e41f686e,,,6a7621e463e146a4e41f6852,2026-08-07,Somali,false
Mohamed,Hassan,Omar,2016-08-20,Male,Ruqiya Omar,+252610000724,House 0724 Yaqshid District Mogadishu,guardian0724@example.com,Father,6a76266063e146a4e41f686e,,,6a7621e463e146a4e41f6852,2026-08-07,Somali,false
Sahra,Ismail,Omar,2017-09-21,Female,Ahmed Omar,+252610000725,House 0725 Karaan District Mogadishu,guardian0725@example.com,Mother,6a76266063e146a4e41f686e,,,6a7621e463e146a4e41f6852,2026-08-07,Somali,false
Abdi,Mahad,Omar,2016-10-22,Male,Deqa Omar,+252610000726,House 0726 Wadajir District Mogadishu,guardian0726@example.com,Father,6a76266063e146a4e41f686e,,,6a7621e463e146a4e41f6852,2026-08-07,Somali,false
Fadumo,Abshir,Omar,2017-11-23,Female,Adan Omar,+252610000727,House 0727 Dharkenley District Mogadishu,guardian0727@example.com,Mother,6a76266063e146a4e41f686e,,,6a7621e463e146a4e41f6852,2026-08-07,Somali,false
Yusuf,Aden,Omar,2016-12-24,Male,Ikram Omar,+252610000728,House 0728 Shangani District Mogadishu,guardian0728@example.com,Father,6a76266063e146a4e41f686e,,,6a7621e463e146a4e41f6852,2026-08-07,Somali,false
Maryan,Ahmed,Omar,2017-01-25,Female,Ali Omar,+252610000729,House 0729 Bondhere District Mogadishu,guardian0729@example.com,Mother,6a76266063e146a4e41f686e,,,6a7621e463e146a4e41f6852,2026-08-07,Somali,false
Hassan,Warsame,Omar,2016-02-26,Male,Yasmin Omar,+252610000730,House 0730 Daynile District Mogadishu,guardian0730@example.com,Father,6a76266063e146a4e41f686e,,,6a7621e463e146a4e41f6852,2026-08-07,Somali,false
Halima,Daud,Omar,2017-03-27,Female,Muse Omar,+252610000731,House 0731 Hodan District Mogadishu,guardian0731@example.com,Mother,6a76266063e146a4e41f686e,,,6a7621e463e146a4e41f6852,2026-08-07,Somali,false
Omar,Guled,Omar,2016-04-28,Male,Khadra Omar,+252610000732,House 0732 Waberi District Mogadishu,guardian0732@example.com,Father,6a76266063e146a4e41f686e,,,6a7621e463e146a4e41f6852,2026-08-07,Somali,false
Yasmin,Yusuf,Omar,2017-05-01,Female,Omar Omar,+252610000733,House 0733 Hamar Weyne District Mogadishu,guardian0733@example.com,Mother,6a76266063e146a4e41f686e,,,6a7621e463e146a4e41f6852,2026-08-07,Somali,false
Ali,Jama,Omar,2016-06-02,Male,Ifrah Omar,+252610000734,House 0734 Yaqshid District Mogadishu,guardian0734@example.com,Father,6a76266063e146a4e41f686e,,,6a7621e463e146a4e41f6852,2026-08-07,Somali,false
Ikram,Said,Omar,2017-07-03,Female,Said Omar,+252610000735,House 0735 Karaan District Mogadishu,guardian0735@example.com,Mother,6a76266063e146a4e41f686e,,,6a7621e463e146a4e41f6852,2026-08-07,Somali,false
Ismail,Shire,Omar,2016-08-04,Male,Sahra Omar,+252610000736,House 0736 Wadajir District Mogadishu,guardian0736@example.com,Father,6a76266063e146a4e41f686e,,,6a7621e463e146a4e41f6852,2026-08-07,Somali,false
Nasteho,Abdi,Omar,2017-09-05,Female,Ismail Omar,+252610000737,House 0737 Dharkenley District Mogadishu,guardian0737@example.com,Mother,6a76266063e146a4e41f686e,,,6a7621e463e146a4e41f6852,2026-08-07,Somali,false
Ibrahim,Nur,Omar,2016-10-06,Male,Sumaya Omar,+252610000738,House 0738 Shangani District Mogadishu,guardian0738@example.com,Father,6a76266063e146a4e41f686e,,,6a7621e463e146a4e41f6852,2026-08-07,Somali,false
Deqa,Adan,Omar,2017-11-07,Female,Samatar Omar,+252610000739,House 0739 Bondhere District Mogadishu,guardian0739@example.com,Mother,6a76266063e146a4e41f686e,,,6a7621e463e146a4e41f6852,2026-08-07,Somali,false
Zakariya,Liban,Omar,2016-12-08,Male,Maryan Omar,+252610000740,House 0740 Daynile District Mogadishu,guardian0740@example.com,Father,6a76266063e146a4e41f686e,,,6a7621e463e146a4e41f6852,2026-08-07,Somali,false
Asha,Ali,Omar,2017-01-09,Female,Osman Omar,+252610000741,House 0741 Hodan District Mogadishu,guardian0741@example.com,Mother,6a76266063e146a4e41f686e,,,6a7621e463e146a4e41f6852,2026-08-07,Somali,false
Abdullahi,Ibrahim,Omar,2016-02-10,Male,Muna Omar,+252610000742,House 0742 Waberi District Mogadishu,guardian0742@example.com,Father,6a76266063e146a4e41f686e,,,6a7621e463e146a4e41f6852,2026-08-07,Somali,false
Khadija,Abdullahi,Omar,2017-03-11,Female,Mohamed Omar,+252610000743,House 0743 Hamar Weyne District Mogadishu,guardian0743@example.com,Mother,6a76266063e146a4e41f686e,,,6a7621e463e146a4e41f6852,2026-08-07,Somali,false
Bashir,Samatar,Omar,2016-04-12,Male,Asha Omar,+252610000744,House 0744 Yaqshid District Mogadishu,guardian0744@example.com,Father,6a76266063e146a4e41f686e,,,6a7621e463e146a4e41f6852,2026-08-07,Somali,false
Hibo,Elmi,Omar,2017-05-13,Female,Farah Omar,+252610000745,House 0745 Karaan District Mogadishu,guardian0745@example.com,Mother,6a76266063e146a4e41f686e,,,6a7621e463e146a4e41f6852,2026-08-07,Somali,false
Mahad,Mohamed,Omar,2016-06-14,Male,Amal Omar,+252610000746,House 0746 Wadajir District Mogadishu,guardian0746@example.com,Father,6a76266063e146a4e41f686e,,,6a7621e463e146a4e41f6852,2026-08-07,Somali,false
Rahma,Farah,Omar,2017-07-15,Female,Yusuf Omar,+252610000747,House 0747 Dharkenley District Mogadishu,guardian0747@example.com,Mother,6a76266063e146a4e41f686e,,,6a7621e463e146a4e41f6852,2026-08-07,Somali,false
Adan,Muse,Omar,2016-08-16,Male,Nasteho Omar,+252610000748,House 0748 Shangani District Mogadishu,guardian0748@example.com,Father,6a76266063e146a4e41f686e,,,6a7621e463e146a4e41f6852,2026-08-07,Somali,false
Ifrah,Roble,Omar,2017-09-17,Female,Bashir Omar,+252610000749,House 0749 Bondhere District Mogadishu,guardian0749@example.com,Mother,6a76266063e146a4e41f686e,,,6a7621e463e146a4e41f6852,2026-08-07,Somali,false
Farah,Omar,Omar,2016-10-18,Male,Khadija Omar,+252610000750,House 0750 Daynile District Mogadishu,guardian0750@example.com,Father,6a76266063e146a4e41f686e,,,6a7621e463e146a4e41f6852,2026-08-07,Somali,false
Sumaya,Osman,Omar,2017-11-19,Female,Hassan Omar,+252610000751,House 0751 Hodan District Mogadishu,guardian0751@example.com,Mother,6a76266063e146a4e41f686e,,,6a7621e463e146a4e41f6852,2026-08-07,Somali,false
Jama,Bashir,Omar,2016-12-20,Male,Rahma Omar,+252610000752,House 0752 Waberi District Mogadishu,guardian0752@example.com,Father,6a76266063e146a4e41f686e,,,6a7621e463e146a4e41f6852,2026-08-07,Somali,false
Muna,Khalif,Omar,2017-01-21,Female,Warsame Omar,+252610000753,House 0753 Hamar Weyne District Mogadishu,guardian0753@example.com,Mother,6a76266063e146a4e41f686e,,,6a7621e463e146a4e41f6852,2026-08-07,Somali,false
Osman,Hassan,Omar,2016-02-22,Male,Hawa Omar,+252610000754,House 0754 Yaqshid District Mogadishu,guardian0754@example.com,Father,6a76266063e146a4e41f686e,,,6a7621e463e146a4e41f6852,2026-08-07,Somali,false
Ruqiya,Ismail,Omar,2017-03-23,Female,Ibrahim Omar,+252610000755,House 0755 Karaan District Mogadishu,guardian0755@example.com,Mother,6a76266063e146a4e41f686e,,,6a7621e463e146a4e41f6852,2026-08-07,Somali,false
Said,Mahad,Omar,2016-04-24,Male,Hibo Omar,+252610000756,House 0756 Wadajir District Mogadishu,guardian0756@example.com,Father,6a76266063e146a4e41f686e,,,6a7621e463e146a4e41f6852,2026-08-07,Somali,false
Luul,Abshir,Omar,2017-05-25,Female,Daud Omar,+252610000757,House 0757 Dharkenley District Mogadishu,guardian0757@example.com,Mother,6a76266063e146a4e41f686e,,,6a7621e463e146a4e41f6852,2026-08-07,Somali,false
Muse,Aden,Omar,2016-06-26,Male,Fadumo Omar,+252610000758,House 0758 Shangani District Mogadishu,guardian0758@example.com,Father,6a76266063e146a4e41f686e,,,6a7621e463e146a4e41f6852,2026-08-07,Somali,false
Amal,Ahmed,Omar,2017-07-27,Female,Mahad Omar,+252610000759,House 0759 Bondhere District Mogadishu,guardian0759@example.com,Mother,6a76266063e146a4e41f686e,,,6a7621e463e146a4e41f6852,2026-08-07,Somali,false
Warsame,Warsame,Omar,2016-08-28,Male,Luul Omar,+252610000760,House 0760 Daynile District Mogadishu,guardian0760@example.com,Father,6a76266063e146a4e41f686e,,,6a7621e463e146a4e41f6852,2026-08-07,Somali,false
Amina,Daud,Adan,2017-09-01,Female,Abdullahi Adan,+252610000761,House 0761 Hodan District Mogadishu,guardian0761@example.com,Mother,6a76266063e146a4e41f686e,,,6a7621e463e146a4e41f6852,2026-08-07,Somali,false
Ahmed,Guled,Adan,2016-10-02,Male,Halima Adan,+252610000762,House 0762 Waberi District Mogadishu,guardian0762@example.com,Father,6a76266063e146a4e41f686e,,,6a7621e463e146a4e41f6852,2026-08-07,Somali,false
Hodan,Yusuf,Adan,2017-11-03,Female,Jama Adan,+252610000763,House 0763 Hamar Weyne District Mogadishu,guardian0763@example.com,Mother,6a76266063e146a4e41f686e,,,6a7621e463e146a4e41f6852,2026-08-07,Somali,false
Mohamed,Jama,Adan,2016-12-04,Male,Ruqiya Adan,+252610000764,House 0764 Yaqshid District Mogadishu,guardian0764@example.com,Father,6a76266063e146a4e41f686e,,,6a7621e463e146a4e41f6852,2026-08-07,Somali,false
Sahra,Said,Adan,2017-01-05,Female,Ahmed Adan,+252610000765,House 0765 Karaan District Mogadishu,guardian0765@example.com,Mother,6a76266063e146a4e41f686e,,,6a7621e463e146a4e41f6852,2026-08-07,Somali,false
Abdi,Shire,Adan,2016-02-06,Male,Deqa Adan,+252610000766,House 0766 Wadajir District Mogadishu,guardian0766@example.com,Father,6a76266063e146a4e41f686e,,,6a7621e463e146a4e41f6852,2026-08-07,Somali,false
Fadumo,Abdi,Adan,2017-03-07,Female,Adan Adan,+252610000767,House 0767 Dharkenley District Mogadishu,guardian0767@example.com,Mother,6a76266063e146a4e41f686e,,,6a7621e463e146a4e41f6852,2026-08-07,Somali,false
Yusuf,Nur,Adan,2016-04-08,Male,Ikram Adan,+252610000768,House 0768 Shangani District Mogadishu,guardian0768@example.com,Father,6a76266063e146a4e41f686e,,,6a7621e463e146a4e41f6852,2026-08-07,Somali,false
Maryan,Adan,Adan,2017-05-09,Female,Ali Adan,+252610000769,House 0769 Bondhere District Mogadishu,guardian0769@example.com,Mother,6a76266063e146a4e41f686e,,,6a7621e463e146a4e41f6852,2026-08-07,Somali,false
Hassan,Liban,Adan,2016-06-10,Male,Yasmin Adan,+252610000770,House 0770 Daynile District Mogadishu,guardian0770@example.com,Father,6a76266063e146a4e41f686e,,,6a7621e463e146a4e41f6852,2026-08-07,Somali,false
Halima,Ali,Adan,2017-07-11,Female,Muse Adan,+252610000771,House 0771 Hodan District Mogadishu,guardian0771@example.com,Mother,6a76266063e146a4e41f686e,,,6a7621e463e146a4e41f6852,2026-08-07,Somali,false
Omar,Ibrahim,Adan,2016-08-12,Male,Khadra Adan,+252610000772,House 0772 Waberi District Mogadishu,guardian0772@example.com,Father,6a76266063e146a4e41f686e,,,6a7621e463e146a4e41f6852,2026-08-07,Somali,false
Yasmin,Abdullahi,Adan,2017-09-13,Female,Omar Adan,+252610000773,House 0773 Hamar Weyne District Mogadishu,guardian0773@example.com,Mother,6a76266063e146a4e41f686e,,,6a7621e463e146a4e41f6852,2026-08-07,Somali,false
Ali,Samatar,Adan,2016-10-14,Male,Ifrah Adan,+252610000774,House 0774 Yaqshid District Mogadishu,guardian0774@example.com,Father,6a76266063e146a4e41f686e,,,6a7621e463e146a4e41f6852,2026-08-07,Somali,false
Ikram,Elmi,Adan,2017-11-15,Female,Said Adan,+252610000775,House 0775 Karaan District Mogadishu,guardian0775@example.com,Mother,6a76266063e146a4e41f686e,,,6a7621e463e146a4e41f6852,2026-08-07,Somali,false
Ismail,Mohamed,Adan,2016-12-16,Male,Sahra Adan,+252610000776,House 0776 Wadajir District Mogadishu,guardian0776@example.com,Father,6a76266063e146a4e41f686e,,,6a7621e463e146a4e41f6852,2026-08-07,Somali,false
Nasteho,Farah,Adan,2017-01-17,Female,Ismail Adan,+252610000777,House 0777 Dharkenley District Mogadishu,guardian0777@example.com,Mother,6a76266063e146a4e41f686e,,,6a7621e463e146a4e41f6852,2026-08-07,Somali,false
Ibrahim,Muse,Adan,2016-02-18,Male,Sumaya Adan,+252610000778,House 0778 Shangani District Mogadishu,guardian0778@example.com,Father,6a76266063e146a4e41f686e,,,6a7621e463e146a4e41f6852,2026-08-07,Somali,false
Deqa,Roble,Adan,2017-03-19,Female,Samatar Adan,+252610000779,House 0779 Bondhere District Mogadishu,guardian0779@example.com,Mother,6a76266063e146a4e41f686e,,,6a7621e463e146a4e41f6852,2026-08-07,Somali,false
Zakariya,Omar,Adan,2016-04-20,Male,Maryan Adan,+252610000780,House 0780 Daynile District Mogadishu,guardian0780@example.com,Father,6a76266063e146a4e41f686e,,,6a7621e463e146a4e41f6852,2026-08-07,Somali,false
Asha,Osman,Adan,2017-05-21,Female,Osman Adan,+252610000781,House 0781 Hodan District Mogadishu,guardian0781@example.com,Mother,6a76266063e146a4e41f686e,,,6a7621e463e146a4e41f6852,2026-08-07,Somali,false
Abdullahi,Bashir,Adan,2016-06-22,Male,Muna Adan,+252610000782,House 0782 Waberi District Mogadishu,guardian0782@example.com,Father,6a76266063e146a4e41f686e,,,6a7621e463e146a4e41f6852,2026-08-07,Somali,false
Khadija,Khalif,Adan,2017-07-23,Female,Mohamed Adan,+252610000783,House 0783 Hamar Weyne District Mogadishu,guardian0783@example.com,Mother,6a76266063e146a4e41f686e,,,6a7621e463e146a4e41f6852,2026-08-07,Somali,false
Bashir,Hassan,Adan,2016-08-24,Male,Asha Adan,+252610000784,House 0784 Yaqshid District Mogadishu,guardian0784@example.com,Father,6a76266063e146a4e41f686e,,,6a7621e463e146a4e41f6852,2026-08-07,Somali,false
Hibo,Ismail,Adan,2017-09-25,Female,Farah Adan,+252610000785,House 0785 Karaan District Mogadishu,guardian0785@example.com,Mother,6a76266063e146a4e41f686e,,,6a7621e463e146a4e41f6852,2026-08-07,Somali,false
Mahad,Mahad,Adan,2016-10-26,Male,Amal Adan,+252610000786,House 0786 Wadajir District Mogadishu,guardian0786@example.com,Father,6a76266063e146a4e41f686e,,,6a7621e463e146a4e41f6852,2026-08-07,Somali,false
Rahma,Abshir,Adan,2017-11-27,Female,Yusuf Adan,+252610000787,House 0787 Dharkenley District Mogadishu,guardian0787@example.com,Mother,6a76266063e146a4e41f686e,,,6a7621e463e146a4e41f6852,2026-08-07,Somali,false
Adan,Aden,Adan,2016-12-28,Male,Nasteho Adan,+252610000788,House 0788 Shangani District Mogadishu,guardian0788@example.com,Father,6a76266063e146a4e41f686e,,,6a7621e463e146a4e41f6852,2026-08-07,Somali,false
Ifrah,Ahmed,Adan,2017-01-01,Female,Bashir Adan,+252610000789,House 0789 Bondhere District Mogadishu,guardian0789@example.com,Mother,6a76266063e146a4e41f686e,,,6a7621e463e146a4e41f6852,2026-08-07,Somali,false
Farah,Warsame,Adan,2016-02-02,Male,Khadija Adan,+252610000790,House 0790 Daynile District Mogadishu,guardian0790@example.com,Father,6a76266063e146a4e41f686e,,,6a7621e463e146a4e41f6852,2026-08-07,Somali,false
Sumaya,Daud,Adan,2017-03-03,Female,Hassan Adan,+252610000791,House 0791 Hodan District Mogadishu,guardian0791@example.com,Mother,6a76266063e146a4e41f686e,,,6a7621e463e146a4e41f6852,2026-08-07,Somali,false
Jama,Guled,Adan,2016-04-04,Male,Rahma Adan,+252610000792,House 0792 Waberi District Mogadishu,guardian0792@example.com,Father,6a76266063e146a4e41f686e,,,6a7621e463e146a4e41f6852,2026-08-07,Somali,false
Muna,Yusuf,Adan,2017-05-05,Female,Warsame Adan,+252610000793,House 0793 Hamar Weyne District Mogadishu,guardian0793@example.com,Mother,6a76266063e146a4e41f686e,,,6a7621e463e146a4e41f6852,2026-08-07,Somali,false
Osman,Jama,Adan,2016-06-06,Male,Hawa Adan,+252610000794,House 0794 Yaqshid District Mogadishu,guardian0794@example.com,Father,6a76266063e146a4e41f686e,,,6a7621e463e146a4e41f6852,2026-08-07,Somali,false
Ruqiya,Said,Adan,2017-07-07,Female,Ibrahim Adan,+252610000795,House 0795 Karaan District Mogadishu,guardian0795@example.com,Mother,6a76266063e146a4e41f686e,,,6a7621e463e146a4e41f6852,2026-08-07,Somali,false
Said,Shire,Adan,2016-08-08,Male,Hibo Adan,+252610000796,House 0796 Wadajir District Mogadishu,guardian0796@example.com,Father,6a76266063e146a4e41f686e,,,6a7621e463e146a4e41f6852,2026-08-07,Somali,false
Luul,Abdi,Adan,2017-09-09,Female,Daud Adan,+252610000797,House 0797 Dharkenley District Mogadishu,guardian0797@example.com,Mother,6a76266063e146a4e41f686e,,,6a7621e463e146a4e41f6852,2026-08-07,Somali,false
Muse,Nur,Adan,2016-10-10,Male,Fadumo Adan,+252610000798,House 0798 Shangani District Mogadishu,guardian0798@example.com,Father,6a76266063e146a4e41f686e,,,6a7621e463e146a4e41f6852,2026-08-07,Somali,false
Amal,Adan,Adan,2017-11-11,Female,Mahad Adan,+252610000799,House 0799 Bondhere District Mogadishu,guardian0799@example.com,Mother,6a76266063e146a4e41f686e,,,6a7621e463e146a4e41f6852,2026-08-07,Somali,false
Warsame,Liban,Adan,2016-12-12,Male,Luul Adan,+252610000800,House 0800 Daynile District Mogadishu,guardian0800@example.com,Father,6a76266063e146a4e41f686e,,,6a7621e463e146a4e41f6852,2026-08-07,Somali,false
Amina,Ali,Bashir,2017-01-13,Female,Abdullahi Bashir,+252610000801,House 0801 Hodan District Mogadishu,guardian0801@example.com,Mother,6a76266063e146a4e41f686e,,,6a7621e463e146a4e41f6852,2026-08-07,Somali,false
Ahmed,Ibrahim,Bashir,2016-02-14,Male,Halima Bashir,+252610000802,House 0802 Waberi District Mogadishu,guardian0802@example.com,Father,6a76266063e146a4e41f686e,,,6a7621e463e146a4e41f6852,2026-08-07,Somali,false
Hodan,Abdullahi,Bashir,2017-03-15,Female,Jama Bashir,+252610000803,House 0803 Hamar Weyne District Mogadishu,guardian0803@example.com,Mother,6a76266063e146a4e41f686e,,,6a7621e463e146a4e41f6852,2026-08-07,Somali,false
Mohamed,Samatar,Bashir,2016-04-16,Male,Ruqiya Bashir,+252610000804,House 0804 Yaqshid District Mogadishu,guardian0804@example.com,Father,6a76266063e146a4e41f686e,,,6a7621e463e146a4e41f6852,2026-08-07,Somali,false
Sahra,Elmi,Bashir,2017-05-17,Female,Ahmed Bashir,+252610000805,House 0805 Karaan District Mogadishu,guardian0805@example.com,Mother,6a76266063e146a4e41f686e,,,6a7621e463e146a4e41f6852,2026-08-07,Somali,false
Abdi,Mohamed,Bashir,2016-06-18,Male,Deqa Bashir,+252610000806,House 0806 Wadajir District Mogadishu,guardian0806@example.com,Father,6a76266063e146a4e41f686e,,,6a7621e463e146a4e41f6852,2026-08-07,Somali,false
Fadumo,Farah,Bashir,2017-07-19,Female,Adan Bashir,+252610000807,House 0807 Dharkenley District Mogadishu,guardian0807@example.com,Mother,6a76266063e146a4e41f686e,,,6a7621e463e146a4e41f6852,2026-08-07,Somali,false
Yusuf,Muse,Bashir,2016-08-20,Male,Ikram Bashir,+252610000808,House 0808 Shangani District Mogadishu,guardian0808@example.com,Father,6a76266063e146a4e41f686e,,,6a7621e463e146a4e41f6852,2026-08-07,Somali,false
Maryan,Roble,Bashir,2017-09-21,Female,Ali Bashir,+252610000809,House 0809 Bondhere District Mogadishu,guardian0809@example.com,Mother,6a76266063e146a4e41f686e,,,6a7621e463e146a4e41f6852,2026-08-07,Somali,false
Hassan,Omar,Bashir,2016-10-22,Male,Yasmin Bashir,+252610000810,House 0810 Daynile District Mogadishu,guardian0810@example.com,Father,6a76266063e146a4e41f686e,,,6a7621e463e146a4e41f6852,2026-08-07,Somali,false
Halima,Osman,Bashir,2017-11-23,Female,Muse Bashir,+252610000811,House 0811 Hodan District Mogadishu,guardian0811@example.com,Mother,6a76266063e146a4e41f686e,,,6a7621e463e146a4e41f6852,2026-08-07,Somali,false
Omar,Bashir,Bashir,2016-12-24,Male,Khadra Bashir,+252610000812,House 0812 Waberi District Mogadishu,guardian0812@example.com,Father,6a76266063e146a4e41f686e,,,6a7621e463e146a4e41f6852,2026-08-07,Somali,false
Yasmin,Khalif,Bashir,2017-01-25,Female,Omar Bashir,+252610000813,House 0813 Hamar Weyne District Mogadishu,guardian0813@example.com,Mother,6a76266063e146a4e41f686e,,,6a7621e463e146a4e41f6852,2026-08-07,Somali,false
Ali,Hassan,Bashir,2016-02-26,Male,Ifrah Bashir,+252610000814,House 0814 Yaqshid District Mogadishu,guardian0814@example.com,Father,6a76266063e146a4e41f686e,,,6a7621e463e146a4e41f6852,2026-08-07,Somali,false
Ikram,Ismail,Bashir,2017-03-27,Female,Said Bashir,+252610000815,House 0815 Karaan District Mogadishu,guardian0815@example.com,Mother,6a76266063e146a4e41f686e,,,6a7621e463e146a4e41f6852,2026-08-07,Somali,false
Ismail,Mahad,Bashir,2016-04-28,Male,Sahra Bashir,+252610000816,House 0816 Wadajir District Mogadishu,guardian0816@example.com,Father,6a76266063e146a4e41f686e,,,6a7621e463e146a4e41f6852,2026-08-07,Somali,false
Nasteho,Abshir,Bashir,2017-05-01,Female,Ismail Bashir,+252610000817,House 0817 Dharkenley District Mogadishu,guardian0817@example.com,Mother,6a76266063e146a4e41f686e,,,6a7621e463e146a4e41f6852,2026-08-07,Somali,false
Ibrahim,Aden,Bashir,2016-06-02,Male,Sumaya Bashir,+252610000818,House 0818 Shangani District Mogadishu,guardian0818@example.com,Father,6a76266063e146a4e41f686e,,,6a7621e463e146a4e41f6852,2026-08-07,Somali,false
Deqa,Ahmed,Bashir,2017-07-03,Female,Samatar Bashir,+252610000819,House 0819 Bondhere District Mogadishu,guardian0819@example.com,Mother,6a76266063e146a4e41f686e,,,6a7621e463e146a4e41f6852,2026-08-07,Somali,false
Zakariya,Warsame,Bashir,2016-08-04,Male,Maryan Bashir,+252610000820,House 0820 Daynile District Mogadishu,guardian0820@example.com,Father,6a76266063e146a4e41f686e,,,6a7621e463e146a4e41f6852,2026-08-07,Somali,false
Asha,Daud,Bashir,2017-09-05,Female,Osman Bashir,+252610000821,House 0821 Hodan District Mogadishu,guardian0821@example.com,Mother,6a76266063e146a4e41f686e,,,6a7621e463e146a4e41f6852,2026-08-07,Somali,false
Abdullahi,Guled,Bashir,2016-10-06,Male,Muna Bashir,+252610000822,House 0822 Waberi District Mogadishu,guardian0822@example.com,Father,6a76266063e146a4e41f686e,,,6a7621e463e146a4e41f6852,2026-08-07,Somali,false
Khadija,Yusuf,Bashir,2017-11-07,Female,Mohamed Bashir,+252610000823,House 0823 Hamar Weyne District Mogadishu,guardian0823@example.com,Mother,6a76266063e146a4e41f686e,,,6a7621e463e146a4e41f6852,2026-08-07,Somali,false
Bashir,Jama,Bashir,2016-12-08,Male,Asha Bashir,+252610000824,House 0824 Yaqshid District Mogadishu,guardian0824@example.com,Father,6a76266063e146a4e41f686e,,,6a7621e463e146a4e41f6852,2026-08-07,Somali,false
Hibo,Said,Bashir,2017-01-09,Female,Farah Bashir,+252610000825,House 0825 Karaan District Mogadishu,guardian0825@example.com,Mother,6a76266063e146a4e41f686e,,,6a7621e463e146a4e41f6852,2026-08-07,Somali,false
Mahad,Shire,Bashir,2016-02-10,Male,Amal Bashir,+252610000826,House 0826 Wadajir District Mogadishu,guardian0826@example.com,Father,6a76266063e146a4e41f686e,,,6a7621e463e146a4e41f6852,2026-08-07,Somali,false
Rahma,Abdi,Bashir,2017-03-11,Female,Yusuf Bashir,+252610000827,House 0827 Dharkenley District Mogadishu,guardian0827@example.com,Mother,6a76266063e146a4e41f686e,,,6a7621e463e146a4e41f6852,2026-08-07,Somali,false
Adan,Nur,Bashir,2016-04-12,Male,Nasteho Bashir,+252610000828,House 0828 Shangani District Mogadishu,guardian0828@example.com,Father,6a76266063e146a4e41f686e,,,6a7621e463e146a4e41f6852,2026-08-07,Somali,false
Ifrah,Adan,Bashir,2017-05-13,Female,Bashir Bashir,+252610000829,House 0829 Bondhere District Mogadishu,guardian0829@example.com,Mother,6a76266063e146a4e41f686e,,,6a7621e463e146a4e41f6852,2026-08-07,Somali,false
Farah,Liban,Bashir,2016-06-14,Male,Khadija Bashir,+252610000830,House 0830 Daynile District Mogadishu,guardian0830@example.com,Father,6a76266063e146a4e41f686e,,,6a7621e463e146a4e41f6852,2026-08-07,Somali,false
Sumaya,Ali,Bashir,2017-07-15,Female,Hassan Bashir,+252610000831,House 0831 Hodan District Mogadishu,guardian0831@example.com,Mother,6a76266063e146a4e41f686e,,,6a7621e463e146a4e41f6852,2026-08-07,Somali,false
Jama,Ibrahim,Bashir,2016-08-16,Male,Rahma Bashir,+252610000832,House 0832 Waberi District Mogadishu,guardian0832@example.com,Father,6a76266063e146a4e41f686e,,,6a7621e463e146a4e41f6852,2026-08-07,Somali,false
Muna,Abdullahi,Bashir,2017-09-17,Female,Warsame Bashir,+252610000833,House 0833 Hamar Weyne District Mogadishu,guardian0833@example.com,Mother,6a76266063e146a4e41f686e,,,6a7621e463e146a4e41f6852,2026-08-07,Somali,false
Osman,Samatar,Bashir,2016-10-18,Male,Hawa Bashir,+252610000834,House 0834 Yaqshid District Mogadishu,guardian0834@example.com,Father,6a76266063e146a4e41f686e,,,6a7621e463e146a4e41f6852,2026-08-07,Somali,false
Ruqiya,Elmi,Bashir,2017-11-19,Female,Ibrahim Bashir,+252610000835,House 0835 Karaan District Mogadishu,guardian0835@example.com,Mother,6a76266063e146a4e41f686e,,,6a7621e463e146a4e41f6852,2026-08-07,Somali,false
Said,Mohamed,Bashir,2016-12-20,Male,Hibo Bashir,+252610000836,House 0836 Wadajir District Mogadishu,guardian0836@example.com,Father,6a76266063e146a4e41f686e,,,6a7621e463e146a4e41f6852,2026-08-07,Somali,false
Luul,Farah,Bashir,2017-01-21,Female,Daud Bashir,+252610000837,House 0837 Dharkenley District Mogadishu,guardian0837@example.com,Mother,6a76266063e146a4e41f686e,,,6a7621e463e146a4e41f6852,2026-08-07,Somali,false
Muse,Muse,Bashir,2016-02-22,Male,Fadumo Bashir,+252610000838,House 0838 Shangani District Mogadishu,guardian0838@example.com,Father,6a76266063e146a4e41f686e,,,6a7621e463e146a4e41f6852,2026-08-07,Somali,false
Amal,Roble,Bashir,2017-03-23,Female,Mahad Bashir,+252610000839,House 0839 Bondhere District Mogadishu,guardian0839@example.com,Mother,6a76266063e146a4e41f686e,,,6a7621e463e146a4e41f6852,2026-08-07,Somali,false
Warsame,Omar,Bashir,2016-04-24,Male,Luul Bashir,+252610000840,House 0840 Daynile District Mogadishu,guardian0840@example.com,Father,6a76266063e146a4e41f686e,,,6a7621e463e146a4e41f6852,2026-08-07,Somali,false
Amina,Osman,Muse,2017-05-25,Female,Abdullahi Muse,+252610000841,House 0841 Hodan District Mogadishu,guardian0841@example.com,Mother,6a76266063e146a4e41f686e,,,6a7621e463e146a4e41f6852,2026-08-07,Somali,false
Ahmed,Bashir,Muse,2016-06-26,Male,Halima Muse,+252610000842,House 0842 Waberi District Mogadishu,guardian0842@example.com,Father,6a76266063e146a4e41f686e,,,6a7621e463e146a4e41f6852,2026-08-07,Somali,false
Hodan,Khalif,Muse,2017-07-27,Female,Jama Muse,+252610000843,House 0843 Hamar Weyne District Mogadishu,guardian0843@example.com,Mother,6a76266063e146a4e41f686e,,,6a7621e463e146a4e41f6852,2026-08-07,Somali,false
Mohamed,Hassan,Muse,2016-08-28,Male,Ruqiya Muse,+252610000844,House 0844 Yaqshid District Mogadishu,guardian0844@example.com,Father,6a76266063e146a4e41f686e,,,6a7621e463e146a4e41f6852,2026-08-07,Somali,false
Sahra,Ismail,Muse,2017-09-01,Female,Ahmed Muse,+252610000845,House 0845 Karaan District Mogadishu,guardian0845@example.com,Mother,6a76266063e146a4e41f686e,,,6a7621e463e146a4e41f6852,2026-08-07,Somali,false
Abdi,Mahad,Muse,2016-10-02,Male,Deqa Muse,+252610000846,House 0846 Wadajir District Mogadishu,guardian0846@example.com,Father,6a76266063e146a4e41f686e,,,6a7621e463e146a4e41f6852,2026-08-07,Somali,false
Fadumo,Abshir,Muse,2017-11-03,Female,Adan Muse,+252610000847,House 0847 Dharkenley District Mogadishu,guardian0847@example.com,Mother,6a76266063e146a4e41f686e,,,6a7621e463e146a4e41f6852,2026-08-07,Somali,false
Yusuf,Aden,Muse,2016-12-04,Male,Ikram Muse,+252610000848,House 0848 Shangani District Mogadishu,guardian0848@example.com,Father,6a76266063e146a4e41f686e,,,6a7621e463e146a4e41f6852,2026-08-07,Somali,false
Maryan,Ahmed,Muse,2017-01-05,Female,Ali Muse,+252610000849,House 0849 Bondhere District Mogadishu,guardian0849@example.com,Mother,6a76266063e146a4e41f686e,,,6a7621e463e146a4e41f6852,2026-08-07,Somali,false
Hassan,Warsame,Muse,2016-02-06,Male,Yasmin Muse,+252610000850,House 0850 Daynile District Mogadishu,guardian0850@example.com,Father,6a76266063e146a4e41f686e,,,6a7621e463e146a4e41f6852,2026-08-07,Somali,false
Halima,Daud,Muse,2017-03-07,Female,Muse Muse,+252610000851,House 0851 Hodan District Mogadishu,guardian0851@example.com,Mother,6a76266063e146a4e41f686e,,,6a7621e463e146a4e41f6852,2026-08-07,Somali,false
Omar,Guled,Muse,2016-04-08,Male,Khadra Muse,+252610000852,House 0852 Waberi District Mogadishu,guardian0852@example.com,Father,6a76266063e146a4e41f686e,,,6a7621e463e146a4e41f6852,2026-08-07,Somali,false
Yasmin,Yusuf,Muse,2017-05-09,Female,Omar Muse,+252610000853,House 0853 Hamar Weyne District Mogadishu,guardian0853@example.com,Mother,6a76266063e146a4e41f686e,,,6a7621e463e146a4e41f6852,2026-08-07,Somali,false
Ali,Jama,Muse,2016-06-10,Male,Ifrah Muse,+252610000854,House 0854 Yaqshid District Mogadishu,guardian0854@example.com,Father,6a76266063e146a4e41f686e,,,6a7621e463e146a4e41f6852,2026-08-07,Somali,false
Ikram,Said,Muse,2017-07-11,Female,Said Muse,+252610000855,House 0855 Karaan District Mogadishu,guardian0855@example.com,Mother,6a76266063e146a4e41f686e,,,6a7621e463e146a4e41f6852,2026-08-07,Somali,false
Ismail,Shire,Muse,2016-08-12,Male,Sahra Muse,+252610000856,House 0856 Wadajir District Mogadishu,guardian0856@example.com,Father,6a76266063e146a4e41f686e,,,6a7621e463e146a4e41f6852,2026-08-07,Somali,false
Nasteho,Abdi,Muse,2017-09-13,Female,Ismail Muse,+252610000857,House 0857 Dharkenley District Mogadishu,guardian0857@example.com,Mother,6a76266063e146a4e41f686e,,,6a7621e463e146a4e41f6852,2026-08-07,Somali,false
Ibrahim,Nur,Muse,2016-10-14,Male,Sumaya Muse,+252610000858,House 0858 Shangani District Mogadishu,guardian0858@example.com,Father,6a76266063e146a4e41f686e,,,6a7621e463e146a4e41f6852,2026-08-07,Somali,false
Deqa,Adan,Muse,2017-11-15,Female,Samatar Muse,+252610000859,House 0859 Bondhere District Mogadishu,guardian0859@example.com,Mother,6a76266063e146a4e41f686e,,,6a7621e463e146a4e41f6852,2026-08-07,Somali,false
Zakariya,Liban,Muse,2016-12-16,Male,Maryan Muse,+252610000860,House 0860 Daynile District Mogadishu,guardian0860@example.com,Father,6a76266063e146a4e41f686e,,,6a7621e463e146a4e41f6852,2026-08-07,Somali,false
Asha,Ali,Muse,2017-01-17,Female,Osman Muse,+252610000861,House 0861 Hodan District Mogadishu,guardian0861@example.com,Mother,6a76266063e146a4e41f686e,,,6a7621e463e146a4e41f6852,2026-08-07,Somali,false
Abdullahi,Ibrahim,Muse,2016-02-18,Male,Muna Muse,+252610000862,House 0862 Waberi District Mogadishu,guardian0862@example.com,Father,6a76266063e146a4e41f686e,,,6a7621e463e146a4e41f6852,2026-08-07,Somali,false
Khadija,Abdullahi,Muse,2017-03-19,Female,Mohamed Muse,+252610000863,House 0863 Hamar Weyne District Mogadishu,guardian0863@example.com,Mother,6a76266063e146a4e41f686e,,,6a7621e463e146a4e41f6852,2026-08-07,Somali,false
Bashir,Samatar,Muse,2016-04-20,Male,Asha Muse,+252610000864,House 0864 Yaqshid District Mogadishu,guardian0864@example.com,Father,6a76266063e146a4e41f686e,,,6a7621e463e146a4e41f6852,2026-08-07,Somali,false
Hibo,Elmi,Muse,2017-05-21,Female,Farah Muse,+252610000865,House 0865 Karaan District Mogadishu,guardian0865@example.com,Mother,6a76266063e146a4e41f686e,,,6a7621e463e146a4e41f6852,2026-08-07,Somali,false
Mahad,Mohamed,Muse,2016-06-22,Male,Amal Muse,+252610000866,House 0866 Wadajir District Mogadishu,guardian0866@example.com,Father,6a76266063e146a4e41f686e,,,6a7621e463e146a4e41f6852,2026-08-07,Somali,false
Rahma,Farah,Muse,2017-07-23,Female,Yusuf Muse,+252610000867,House 0867 Dharkenley District Mogadishu,guardian0867@example.com,Mother,6a76266063e146a4e41f686e,,,6a7621e463e146a4e41f6852,2026-08-07,Somali,false
Adan,Muse,Muse,2016-08-24,Male,Nasteho Muse,+252610000868,House 0868 Shangani District Mogadishu,guardian0868@example.com,Father,6a76266063e146a4e41f686e,,,6a7621e463e146a4e41f6852,2026-08-07,Somali,false
Ifrah,Roble,Muse,2017-09-25,Female,Bashir Muse,+252610000869,House 0869 Bondhere District Mogadishu,guardian0869@example.com,Mother,6a76266063e146a4e41f686e,,,6a7621e463e146a4e41f6852,2026-08-07,Somali,false
Farah,Omar,Muse,2016-10-26,Male,Khadija Muse,+252610000870,House 0870 Daynile District Mogadishu,guardian0870@example.com,Father,6a76266063e146a4e41f686e,,,6a7621e463e146a4e41f6852,2026-08-07,Somali,false
Sumaya,Osman,Muse,2017-11-27,Female,Hassan Muse,+252610000871,House 0871 Hodan District Mogadishu,guardian0871@example.com,Mother,6a76266063e146a4e41f686e,,,6a7621e463e146a4e41f6852,2026-08-07,Somali,false
Jama,Bashir,Muse,2016-12-28,Male,Rahma Muse,+252610000872,House 0872 Waberi District Mogadishu,guardian0872@example.com,Father,6a76266063e146a4e41f686e,,,6a7621e463e146a4e41f6852,2026-08-07,Somali,false
Muna,Khalif,Muse,2017-01-01,Female,Warsame Muse,+252610000873,House 0873 Hamar Weyne District Mogadishu,guardian0873@example.com,Mother,6a76266063e146a4e41f686e,,,6a7621e463e146a4e41f6852,2026-08-07,Somali,false
Osman,Hassan,Muse,2016-02-02,Male,Hawa Muse,+252610000874,House 0874 Yaqshid District Mogadishu,guardian0874@example.com,Father,6a76266063e146a4e41f686e,,,6a7621e463e146a4e41f6852,2026-08-07,Somali,false
Ruqiya,Ismail,Muse,2017-03-03,Female,Ibrahim Muse,+252610000875,House 0875 Karaan District Mogadishu,guardian0875@example.com,Mother,6a76266063e146a4e41f686e,,,6a7621e463e146a4e41f6852,2026-08-07,Somali,false
Said,Mahad,Muse,2016-04-04,Male,Hibo Muse,+252610000876,House 0876 Wadajir District Mogadishu,guardian0876@example.com,Father,6a76266063e146a4e41f686e,,,6a7621e463e146a4e41f6852,2026-08-07,Somali,false
Luul,Abshir,Muse,2017-05-05,Female,Daud Muse,+252610000877,House 0877 Dharkenley District Mogadishu,guardian0877@example.com,Mother,6a76266063e146a4e41f686e,,,6a7621e463e146a4e41f6852,2026-08-07,Somali,false
Muse,Aden,Muse,2016-06-06,Male,Fadumo Muse,+252610000878,House 0878 Shangani District Mogadishu,guardian0878@example.com,Father,6a76266063e146a4e41f686e,,,6a7621e463e146a4e41f6852,2026-08-07,Somali,false
Amal,Ahmed,Muse,2017-07-07,Female,Mahad Muse,+252610000879,House 0879 Bondhere District Mogadishu,guardian0879@example.com,Mother,6a76266063e146a4e41f686e,,,6a7621e463e146a4e41f6852,2026-08-07,Somali,false
Warsame,Warsame,Muse,2016-08-08,Male,Luul Muse,+252610000880,House 0880 Daynile District Mogadishu,guardian0880@example.com,Father,6a76266063e146a4e41f686e,,,6a7621e463e146a4e41f6852,2026-08-07,Somali,false
Amina,Daud,Said,2017-09-09,Female,Abdullahi Said,+252610000881,House 0881 Hodan District Mogadishu,guardian0881@example.com,Mother,6a76266063e146a4e41f686e,,,6a7621e463e146a4e41f6852,2026-08-07,Somali,false
Ahmed,Guled,Said,2016-10-10,Male,Halima Said,+252610000882,House 0882 Waberi District Mogadishu,guardian0882@example.com,Father,6a76266063e146a4e41f686e,,,6a7621e463e146a4e41f6852,2026-08-07,Somali,false
Hodan,Yusuf,Said,2017-11-11,Female,Jama Said,+252610000883,House 0883 Hamar Weyne District Mogadishu,guardian0883@example.com,Mother,6a76266063e146a4e41f686e,,,6a7621e463e146a4e41f6852,2026-08-07,Somali,false
Mohamed,Jama,Said,2016-12-12,Male,Ruqiya Said,+252610000884,House 0884 Yaqshid District Mogadishu,guardian0884@example.com,Father,6a76266063e146a4e41f686e,,,6a7621e463e146a4e41f6852,2026-08-07,Somali,false
Sahra,Said,Said,2017-01-13,Female,Ahmed Said,+252610000885,House 0885 Karaan District Mogadishu,guardian0885@example.com,Mother,6a76266063e146a4e41f686e,,,6a7621e463e146a4e41f6852,2026-08-07,Somali,false
Abdi,Shire,Said,2016-02-14,Male,Deqa Said,+252610000886,House 0886 Wadajir District Mogadishu,guardian0886@example.com,Father,6a76266063e146a4e41f686e,,,6a7621e463e146a4e41f6852,2026-08-07,Somali,false
Fadumo,Abdi,Said,2017-03-15,Female,Adan Said,+252610000887,House 0887 Dharkenley District Mogadishu,guardian0887@example.com,Mother,6a76266063e146a4e41f686e,,,6a7621e463e146a4e41f6852,2026-08-07,Somali,false
Yusuf,Nur,Said,2016-04-16,Male,Ikram Said,+252610000888,House 0888 Shangani District Mogadishu,guardian0888@example.com,Father,6a76266063e146a4e41f686e,,,6a7621e463e146a4e41f6852,2026-08-07,Somali,false
Maryan,Adan,Said,2017-05-17,Female,Ali Said,+252610000889,House 0889 Bondhere District Mogadishu,guardian0889@example.com,Mother,6a76266063e146a4e41f686e,,,6a7621e463e146a4e41f6852,2026-08-07,Somali,false
Hassan,Liban,Said,2016-06-18,Male,Yasmin Said,+252610000890,House 0890 Daynile District Mogadishu,guardian0890@example.com,Father,6a76266063e146a4e41f686e,,,6a7621e463e146a4e41f6852,2026-08-07,Somali,false
Halima,Ali,Said,2017-07-19,Female,Muse Said,+252610000891,House 0891 Hodan District Mogadishu,guardian0891@example.com,Mother,6a76266063e146a4e41f686e,,,6a7621e463e146a4e41f6852,2026-08-07,Somali,false
Omar,Ibrahim,Said,2016-08-20,Male,Khadra Said,+252610000892,House 0892 Waberi District Mogadishu,guardian0892@example.com,Father,6a76266063e146a4e41f686e,,,6a7621e463e146a4e41f6852,2026-08-07,Somali,false
Yasmin,Abdullahi,Said,2017-09-21,Female,Omar Said,+252610000893,House 0893 Hamar Weyne District Mogadishu,guardian0893@example.com,Mother,6a76266063e146a4e41f686e,,,6a7621e463e146a4e41f6852,2026-08-07,Somali,false
Ali,Samatar,Said,2016-10-22,Male,Ifrah Said,+252610000894,House 0894 Yaqshid District Mogadishu,guardian0894@example.com,Father,6a76266063e146a4e41f686e,,,6a7621e463e146a4e41f6852,2026-08-07,Somali,false
Ikram,Elmi,Said,2017-11-23,Female,Said Said,+252610000895,House 0895 Karaan District Mogadishu,guardian0895@example.com,Mother,6a76266063e146a4e41f686e,,,6a7621e463e146a4e41f6852,2026-08-07,Somali,false
Ismail,Mohamed,Said,2016-12-24,Male,Sahra Said,+252610000896,House 0896 Wadajir District Mogadishu,guardian0896@example.com,Father,6a76266063e146a4e41f686e,,,6a7621e463e146a4e41f6852,2026-08-07,Somali,false
Nasteho,Farah,Said,2017-01-25,Female,Ismail Said,+252610000897,House 0897 Dharkenley District Mogadishu,guardian0897@example.com,Mother,6a76266063e146a4e41f686e,,,6a7621e463e146a4e41f6852,2026-08-07,Somali,false
Ibrahim,Muse,Said,2016-02-26,Male,Sumaya Said,+252610000898,House 0898 Shangani District Mogadishu,guardian0898@example.com,Father,6a76266063e146a4e41f686e,,,6a7621e463e146a4e41f6852,2026-08-07,Somali,false
Deqa,Roble,Said,2017-03-27,Female,Samatar Said,+252610000899,House 0899 Bondhere District Mogadishu,guardian0899@example.com,Mother,6a76266063e146a4e41f686e,,,6a7621e463e146a4e41f6852,2026-08-07,Somali,false
Zakariya,Omar,Said,2016-04-28,Male,Maryan Said,+252610000900,House 0900 Daynile District Mogadishu,guardian0900@example.com,Father,6a76266063e146a4e41f686e,,,6a7621e463e146a4e41f6852,2026-08-07,Somali,false
Asha,Osman,Said,2017-05-01,Female,Osman Said,+252610000901,House 0901 Hodan District Mogadishu,guardian0901@example.com,Mother,6a76266063e146a4e41f686e,,,6a7621e463e146a4e41f6852,2026-08-07,Somali,false
Abdullahi,Bashir,Said,2016-06-02,Male,Muna Said,+252610000902,House 0902 Waberi District Mogadishu,guardian0902@example.com,Father,6a76266063e146a4e41f686e,,,6a7621e463e146a4e41f6852,2026-08-07,Somali,false
Khadija,Khalif,Said,2017-07-03,Female,Mohamed Said,+252610000903,House 0903 Hamar Weyne District Mogadishu,guardian0903@example.com,Mother,6a76266063e146a4e41f686e,,,6a7621e463e146a4e41f6852,2026-08-07,Somali,false
Bashir,Hassan,Said,2016-08-04,Male,Asha Said,+252610000904,House 0904 Yaqshid District Mogadishu,guardian0904@example.com,Father,6a76266063e146a4e41f686e,,,6a7621e463e146a4e41f6852,2026-08-07,Somali,false
Hibo,Ismail,Said,2017-09-05,Female,Farah Said,+252610000905,House 0905 Karaan District Mogadishu,guardian0905@example.com,Mother,6a76266063e146a4e41f686e,,,6a7621e463e146a4e41f6852,2026-08-07,Somali,false
Mahad,Mahad,Said,2016-10-06,Male,Amal Said,+252610000906,House 0906 Wadajir District Mogadishu,guardian0906@example.com,Father,6a76266063e146a4e41f686e,,,6a7621e463e146a4e41f6852,2026-08-07,Somali,false
Rahma,Abshir,Said,2017-11-07,Female,Yusuf Said,+252610000907,House 0907 Dharkenley District Mogadishu,guardian0907@example.com,Mother,6a76266063e146a4e41f686e,,,6a7621e463e146a4e41f6852,2026-08-07,Somali,false
Adan,Aden,Said,2016-12-08,Male,Nasteho Said,+252610000908,House 0908 Shangani District Mogadishu,guardian0908@example.com,Father,6a76266063e146a4e41f686e,,,6a7621e463e146a4e41f6852,2026-08-07,Somali,false
Ifrah,Ahmed,Said,2017-01-09,Female,Bashir Said,+252610000909,House 0909 Bondhere District Mogadishu,guardian0909@example.com,Mother,6a76266063e146a4e41f686e,,,6a7621e463e146a4e41f6852,2026-08-07,Somali,false
Farah,Warsame,Said,2016-02-10,Male,Khadija Said,+252610000910,House 0910 Daynile District Mogadishu,guardian0910@example.com,Father,6a76266063e146a4e41f686e,,,6a7621e463e146a4e41f6852,2026-08-07,Somali,false
Sumaya,Daud,Said,2017-03-11,Female,Hassan Said,+252610000911,House 0911 Hodan District Mogadishu,guardian0911@example.com,Mother,6a76266063e146a4e41f686e,,,6a7621e463e146a4e41f6852,2026-08-07,Somali,false
Jama,Guled,Said,2016-04-12,Male,Rahma Said,+252610000912,House 0912 Waberi District Mogadishu,guardian0912@example.com,Father,6a76266063e146a4e41f686e,,,6a7621e463e146a4e41f6852,2026-08-07,Somali,false
Muna,Yusuf,Said,2017-05-13,Female,Warsame Said,+252610000913,House 0913 Hamar Weyne District Mogadishu,guardian0913@example.com,Mother,6a76266063e146a4e41f686e,,,6a7621e463e146a4e41f6852,2026-08-07,Somali,false
Osman,Jama,Said,2016-06-14,Male,Hawa Said,+252610000914,House 0914 Yaqshid District Mogadishu,guardian0914@example.com,Father,6a76266063e146a4e41f686e,,,6a7621e463e146a4e41f6852,2026-08-07,Somali,false
Ruqiya,Said,Said,2017-07-15,Female,Ibrahim Said,+252610000915,House 0915 Karaan District Mogadishu,guardian0915@example.com,Mother,6a76266063e146a4e41f686e,,,6a7621e463e146a4e41f6852,2026-08-07,Somali,false
Said,Shire,Said,2016-08-16,Male,Hibo Said,+252610000916,House 0916 Wadajir District Mogadishu,guardian0916@example.com,Father,6a76266063e146a4e41f686e,,,6a7621e463e146a4e41f6852,2026-08-07,Somali,false
Luul,Abdi,Said,2017-09-17,Female,Daud Said,+252610000917,House 0917 Dharkenley District Mogadishu,guardian0917@example.com,Mother,6a76266063e146a4e41f686e,,,6a7621e463e146a4e41f6852,2026-08-07,Somali,false
Muse,Nur,Said,2016-10-18,Male,Fadumo Said,+252610000918,House 0918 Shangani District Mogadishu,guardian0918@example.com,Father,6a76266063e146a4e41f686e,,,6a7621e463e146a4e41f6852,2026-08-07,Somali,false
Amal,Adan,Said,2017-11-19,Female,Mahad Said,+252610000919,House 0919 Bondhere District Mogadishu,guardian0919@example.com,Mother,6a76266063e146a4e41f686e,,,6a7621e463e146a4e41f6852,2026-08-07,Somali,false
Warsame,Liban,Said,2016-12-20,Male,Luul Said,+252610000920,House 0920 Daynile District Mogadishu,guardian0920@example.com,Father,6a76266063e146a4e41f686e,,,6a7621e463e146a4e41f6852,2026-08-07,Somali,false
Amina,Ali,Mahad,2017-01-21,Female,Abdullahi Mahad,+252610000921,House 0921 Hodan District Mogadishu,guardian0921@example.com,Mother,6a76266063e146a4e41f686e,,,6a7621e463e146a4e41f6852,2026-08-07,Somali,false
Ahmed,Ibrahim,Mahad,2016-02-22,Male,Halima Mahad,+252610000922,House 0922 Waberi District Mogadishu,guardian0922@example.com,Father,6a76266063e146a4e41f686e,,,6a7621e463e146a4e41f6852,2026-08-07,Somali,false
Hodan,Abdullahi,Mahad,2017-03-23,Female,Jama Mahad,+252610000923,House 0923 Hamar Weyne District Mogadishu,guardian0923@example.com,Mother,6a76266063e146a4e41f686e,,,6a7621e463e146a4e41f6852,2026-08-07,Somali,false
Mohamed,Samatar,Mahad,2016-04-24,Male,Ruqiya Mahad,+252610000924,House 0924 Yaqshid District Mogadishu,guardian0924@example.com,Father,6a76266063e146a4e41f686e,,,6a7621e463e146a4e41f6852,2026-08-07,Somali,false
Sahra,Elmi,Mahad,2017-05-25,Female,Ahmed Mahad,+252610000925,House 0925 Karaan District Mogadishu,guardian0925@example.com,Mother,6a76266063e146a4e41f686e,,,6a7621e463e146a4e41f6852,2026-08-07,Somali,false
Abdi,Mohamed,Mahad,2016-06-26,Male,Deqa Mahad,+252610000926,House 0926 Wadajir District Mogadishu,guardian0926@example.com,Father,6a76266063e146a4e41f686e,,,6a7621e463e146a4e41f6852,2026-08-07,Somali,false
Fadumo,Farah,Mahad,2017-07-27,Female,Adan Mahad,+252610000927,House 0927 Dharkenley District Mogadishu,guardian0927@example.com,Mother,6a76266063e146a4e41f686e,,,6a7621e463e146a4e41f6852,2026-08-07,Somali,false
Yusuf,Muse,Mahad,2016-08-28,Male,Ikram Mahad,+252610000928,House 0928 Shangani District Mogadishu,guardian0928@example.com,Father,6a76266063e146a4e41f686e,,,6a7621e463e146a4e41f6852,2026-08-07,Somali,false
Maryan,Roble,Mahad,2017-09-01,Female,Ali Mahad,+252610000929,House 0929 Bondhere District Mogadishu,guardian0929@example.com,Mother,6a76266063e146a4e41f686e,,,6a7621e463e146a4e41f6852,2026-08-07,Somali,false
Hassan,Omar,Mahad,2016-10-02,Male,Yasmin Mahad,+252610000930,House 0930 Daynile District Mogadishu,guardian0930@example.com,Father,6a76266063e146a4e41f686e,,,6a7621e463e146a4e41f6852,2026-08-07,Somali,false
Halima,Osman,Mahad,2017-11-03,Female,Muse Mahad,+252610000931,House 0931 Hodan District Mogadishu,guardian0931@example.com,Mother,6a76266063e146a4e41f686e,,,6a7621e463e146a4e41f6852,2026-08-07,Somali,false
Omar,Bashir,Mahad,2016-12-04,Male,Khadra Mahad,+252610000932,House 0932 Waberi District Mogadishu,guardian0932@example.com,Father,6a76266063e146a4e41f686e,,,6a7621e463e146a4e41f6852,2026-08-07,Somali,false
Yasmin,Khalif,Mahad,2017-01-05,Female,Omar Mahad,+252610000933,House 0933 Hamar Weyne District Mogadishu,guardian0933@example.com,Mother,6a76266063e146a4e41f686e,,,6a7621e463e146a4e41f6852,2026-08-07,Somali,false
Ali,Hassan,Mahad,2016-02-06,Male,Ifrah Mahad,+252610000934,House 0934 Yaqshid District Mogadishu,guardian0934@example.com,Father,6a76266063e146a4e41f686e,,,6a7621e463e146a4e41f6852,2026-08-07,Somali,false
Ikram,Ismail,Mahad,2017-03-07,Female,Said Mahad,+252610000935,House 0935 Karaan District Mogadishu,guardian0935@example.com,Mother,6a76266063e146a4e41f686e,,,6a7621e463e146a4e41f6852,2026-08-07,Somali,false
Ismail,Mahad,Mahad,2016-04-08,Male,Sahra Mahad,+252610000936,House 0936 Wadajir District Mogadishu,guardian0936@example.com,Father,6a76266063e146a4e41f686e,,,6a7621e463e146a4e41f6852,2026-08-07,Somali,false
Nasteho,Abshir,Mahad,2017-05-09,Female,Ismail Mahad,+252610000937,House 0937 Dharkenley District Mogadishu,guardian0937@example.com,Mother,6a76266063e146a4e41f686e,,,6a7621e463e146a4e41f6852,2026-08-07,Somali,false
Ibrahim,Aden,Mahad,2016-06-10,Male,Sumaya Mahad,+252610000938,House 0938 Shangani District Mogadishu,guardian0938@example.com,Father,6a76266063e146a4e41f686e,,,6a7621e463e146a4e41f6852,2026-08-07,Somali,false
Deqa,Ahmed,Mahad,2017-07-11,Female,Samatar Mahad,+252610000939,House 0939 Bondhere District Mogadishu,guardian0939@example.com,Mother,6a76266063e146a4e41f686e,,,6a7621e463e146a4e41f6852,2026-08-07,Somali,false
Zakariya,Warsame,Mahad,2016-08-12,Male,Maryan Mahad,+252610000940,House 0940 Daynile District Mogadishu,guardian0940@example.com,Father,6a76266063e146a4e41f686e,,,6a7621e463e146a4e41f6852,2026-08-07,Somali,false
Asha,Daud,Mahad,2017-09-13,Female,Osman Mahad,+252610000941,House 0941 Hodan District Mogadishu,guardian0941@example.com,Mother,6a76266063e146a4e41f686e,,,6a7621e463e146a4e41f6852,2026-08-07,Somali,false
Abdullahi,Guled,Mahad,2016-10-14,Male,Muna Mahad,+252610000942,House 0942 Waberi District Mogadishu,guardian0942@example.com,Father,6a76266063e146a4e41f686e,,,6a7621e463e146a4e41f6852,2026-08-07,Somali,false
Khadija,Yusuf,Mahad,2017-11-15,Female,Mohamed Mahad,+252610000943,House 0943 Hamar Weyne District Mogadishu,guardian0943@example.com,Mother,6a76266063e146a4e41f686e,,,6a7621e463e146a4e41f6852,2026-08-07,Somali,false
Bashir,Jama,Mahad,2016-12-16,Male,Asha Mahad,+252610000944,House 0944 Yaqshid District Mogadishu,guardian0944@example.com,Father,6a76266063e146a4e41f686e,,,6a7621e463e146a4e41f6852,2026-08-07,Somali,false
Hibo,Said,Mahad,2017-01-17,Female,Farah Mahad,+252610000945,House 0945 Karaan District Mogadishu,guardian0945@example.com,Mother,6a76266063e146a4e41f686e,,,6a7621e463e146a4e41f6852,2026-08-07,Somali,false
Mahad,Shire,Mahad,2016-02-18,Male,Amal Mahad,+252610000946,House 0946 Wadajir District Mogadishu,guardian0946@example.com,Father,6a76266063e146a4e41f686e,,,6a7621e463e146a4e41f6852,2026-08-07,Somali,false
Rahma,Abdi,Mahad,2017-03-19,Female,Yusuf Mahad,+252610000947,House 0947 Dharkenley District Mogadishu,guardian0947@example.com,Mother,6a76266063e146a4e41f686e,,,6a7621e463e146a4e41f6852,2026-08-07,Somali,false
Adan,Nur,Mahad,2016-04-20,Male,Nasteho Mahad,+252610000948,House 0948 Shangani District Mogadishu,guardian0948@example.com,Father,6a76266063e146a4e41f686e,,,6a7621e463e146a4e41f6852,2026-08-07,Somali,false
Ifrah,Adan,Mahad,2017-05-21,Female,Bashir Mahad,+252610000949,House 0949 Bondhere District Mogadishu,guardian0949@example.com,Mother,6a76266063e146a4e41f686e,,,6a7621e463e146a4e41f6852,2026-08-07,Somali,false
Farah,Liban,Mahad,2016-06-22,Male,Khadija Mahad,+252610000950,House 0950 Daynile District Mogadishu,guardian0950@example.com,Father,6a76266063e146a4e41f686e,,,6a7621e463e146a4e41f6852,2026-08-07,Somali,false
Sumaya,Ali,Mahad,2017-07-23,Female,Hassan Mahad,+252610000951,House 0951 Hodan District Mogadishu,guardian0951@example.com,Mother,6a76266063e146a4e41f686e,,,6a7621e463e146a4e41f6852,2026-08-07,Somali,false
Jama,Ibrahim,Mahad,2016-08-24,Male,Rahma Mahad,+252610000952,House 0952 Waberi District Mogadishu,guardian0952@example.com,Father,6a76266063e146a4e41f686e,,,6a7621e463e146a4e41f6852,2026-08-07,Somali,false
Muna,Abdullahi,Mahad,2017-09-25,Female,Warsame Mahad,+252610000953,House 0953 Hamar Weyne District Mogadishu,guardian0953@example.com,Mother,6a76266063e146a4e41f686e,,,6a7621e463e146a4e41f6852,2026-08-07,Somali,false
Osman,Samatar,Mahad,2016-10-26,Male,Hawa Mahad,+252610000954,House 0954 Yaqshid District Mogadishu,guardian0954@example.com,Father,6a76266063e146a4e41f686e,,,6a7621e463e146a4e41f6852,2026-08-07,Somali,false
Ruqiya,Elmi,Mahad,2017-11-27,Female,Ibrahim Mahad,+252610000955,House 0955 Karaan District Mogadishu,guardian0955@example.com,Mother,6a76266063e146a4e41f686e,,,6a7621e463e146a4e41f6852,2026-08-07,Somali,false
Said,Mohamed,Mahad,2016-12-28,Male,Hibo Mahad,+252610000956,House 0956 Wadajir District Mogadishu,guardian0956@example.com,Father,6a76266063e146a4e41f686e,,,6a7621e463e146a4e41f6852,2026-08-07,Somali,false
Luul,Farah,Mahad,2017-01-01,Female,Daud Mahad,+252610000957,House 0957 Dharkenley District Mogadishu,guardian0957@example.com,Mother,6a76266063e146a4e41f686e,,,6a7621e463e146a4e41f6852,2026-08-07,Somali,false
Muse,Muse,Mahad,2016-02-02,Male,Fadumo Mahad,+252610000958,House 0958 Shangani District Mogadishu,guardian0958@example.com,Father,6a76266063e146a4e41f686e,,,6a7621e463e146a4e41f6852,2026-08-07,Somali,false
Amal,Roble,Mahad,2017-03-03,Female,Mahad Mahad,+252610000959,House 0959 Bondhere District Mogadishu,guardian0959@example.com,Mother,6a76266063e146a4e41f686e,,,6a7621e463e146a4e41f6852,2026-08-07,Somali,false
Warsame,Omar,Mahad,2016-04-04,Male,Luul Mahad,+252610000960,House 0960 Daynile District Mogadishu,guardian0960@example.com,Father,6a76266063e146a4e41f686e,,,6a7621e463e146a4e41f6852,2026-08-07,Somali,false
Amina,Osman,Samatar,2017-05-05,Female,Abdullahi Samatar,+252610000961,House 0961 Hodan District Mogadishu,guardian0961@example.com,Mother,6a76266063e146a4e41f686e,,,6a7621e463e146a4e41f6852,2026-08-07,Somali,false
Ahmed,Bashir,Samatar,2016-06-06,Male,Halima Samatar,+252610000962,House 0962 Waberi District Mogadishu,guardian0962@example.com,Father,6a76266063e146a4e41f686e,,,6a7621e463e146a4e41f6852,2026-08-07,Somali,false
Hodan,Khalif,Samatar,2017-07-07,Female,Jama Samatar,+252610000963,House 0963 Hamar Weyne District Mogadishu,guardian0963@example.com,Mother,6a76266063e146a4e41f686e,,,6a7621e463e146a4e41f6852,2026-08-07,Somali,false
Mohamed,Hassan,Samatar,2016-08-08,Male,Ruqiya Samatar,+252610000964,House 0964 Yaqshid District Mogadishu,guardian0964@example.com,Father,6a76266063e146a4e41f686e,,,6a7621e463e146a4e41f6852,2026-08-07,Somali,false
Sahra,Ismail,Samatar,2017-09-09,Female,Ahmed Samatar,+252610000965,House 0965 Karaan District Mogadishu,guardian0965@example.com,Mother,6a76266063e146a4e41f686e,,,6a7621e463e146a4e41f6852,2026-08-07,Somali,false
Abdi,Mahad,Samatar,2016-10-10,Male,Deqa Samatar,+252610000966,House 0966 Wadajir District Mogadishu,guardian0966@example.com,Father,6a76266063e146a4e41f686e,,,6a7621e463e146a4e41f6852,2026-08-07,Somali,false
Fadumo,Abshir,Samatar,2017-11-11,Female,Adan Samatar,+252610000967,House 0967 Dharkenley District Mogadishu,guardian0967@example.com,Mother,6a76266063e146a4e41f686e,,,6a7621e463e146a4e41f6852,2026-08-07,Somali,false
Yusuf,Aden,Samatar,2016-12-12,Male,Ikram Samatar,+252610000968,House 0968 Shangani District Mogadishu,guardian0968@example.com,Father,6a76266063e146a4e41f686e,,,6a7621e463e146a4e41f6852,2026-08-07,Somali,false
Maryan,Ahmed,Samatar,2017-01-13,Female,Ali Samatar,+252610000969,House 0969 Bondhere District Mogadishu,guardian0969@example.com,Mother,6a76266063e146a4e41f686e,,,6a7621e463e146a4e41f6852,2026-08-07,Somali,false
Hassan,Warsame,Samatar,2016-02-14,Male,Yasmin Samatar,+252610000970,House 0970 Daynile District Mogadishu,guardian0970@example.com,Father,6a76266063e146a4e41f686e,,,6a7621e463e146a4e41f6852,2026-08-07,Somali,false
Halima,Daud,Samatar,2017-03-15,Female,Muse Samatar,+252610000971,House 0971 Hodan District Mogadishu,guardian0971@example.com,Mother,6a76266063e146a4e41f686e,,,6a7621e463e146a4e41f6852,2026-08-07,Somali,false
Omar,Guled,Samatar,2016-04-16,Male,Khadra Samatar,+252610000972,House 0972 Waberi District Mogadishu,guardian0972@example.com,Father,6a76266063e146a4e41f686e,,,6a7621e463e146a4e41f6852,2026-08-07,Somali,false
Yasmin,Yusuf,Samatar,2017-05-17,Female,Omar Samatar,+252610000973,House 0973 Hamar Weyne District Mogadishu,guardian0973@example.com,Mother,6a76266063e146a4e41f686e,,,6a7621e463e146a4e41f6852,2026-08-07,Somali,false
Ali,Jama,Samatar,2016-06-18,Male,Ifrah Samatar,+252610000974,House 0974 Yaqshid District Mogadishu,guardian0974@example.com,Father,6a76266063e146a4e41f686e,,,6a7621e463e146a4e41f6852,2026-08-07,Somali,false
Ikram,Said,Samatar,2017-07-19,Female,Said Samatar,+252610000975,House 0975 Karaan District Mogadishu,guardian0975@example.com,Mother,6a76266063e146a4e41f686e,,,6a7621e463e146a4e41f6852,2026-08-07,Somali,false
Ismail,Shire,Samatar,2016-08-20,Male,Sahra Samatar,+252610000976,House 0976 Wadajir District Mogadishu,guardian0976@example.com,Father,6a76266063e146a4e41f686e,,,6a7621e463e146a4e41f6852,2026-08-07,Somali,false
Nasteho,Abdi,Samatar,2017-09-21,Female,Ismail Samatar,+252610000977,House 0977 Dharkenley District Mogadishu,guardian0977@example.com,Mother,6a76266063e146a4e41f686e,,,6a7621e463e146a4e41f6852,2026-08-07,Somali,false
Ibrahim,Nur,Samatar,2016-10-22,Male,Sumaya Samatar,+252610000978,House 0978 Shangani District Mogadishu,guardian0978@example.com,Father,6a76266063e146a4e41f686e,,,6a7621e463e146a4e41f6852,2026-08-07,Somali,false
Deqa,Adan,Samatar,2017-11-23,Female,Samatar Samatar,+252610000979,House 0979 Bondhere District Mogadishu,guardian0979@example.com,Mother,6a76266063e146a4e41f686e,,,6a7621e463e146a4e41f6852,2026-08-07,Somali,false
Zakariya,Liban,Samatar,2016-12-24,Male,Maryan Samatar,+252610000980,House 0980 Daynile District Mogadishu,guardian0980@example.com,Father,6a76266063e146a4e41f686e,,,6a7621e463e146a4e41f6852,2026-08-07,Somali,false
Asha,Ali,Samatar,2017-01-25,Female,Osman Samatar,+252610000981,House 0981 Hodan District Mogadishu,guardian0981@example.com,Mother,6a76266063e146a4e41f686e,,,6a7621e463e146a4e41f6852,2026-08-07,Somali,false
Abdullahi,Ibrahim,Samatar,2016-02-26,Male,Muna Samatar,+252610000982,House 0982 Waberi District Mogadishu,guardian0982@example.com,Father,6a76266063e146a4e41f686e,,,6a7621e463e146a4e41f6852,2026-08-07,Somali,false
Khadija,Abdullahi,Samatar,2017-03-27,Female,Mohamed Samatar,+252610000983,House 0983 Hamar Weyne District Mogadishu,guardian0983@example.com,Mother,6a76266063e146a4e41f686e,,,6a7621e463e146a4e41f6852,2026-08-07,Somali,false
Bashir,Samatar,Samatar,2016-04-28,Male,Asha Samatar,+252610000984,House 0984 Yaqshid District Mogadishu,guardian0984@example.com,Father,6a76266063e146a4e41f686e,,,6a7621e463e146a4e41f6852,2026-08-07,Somali,false
Hibo,Elmi,Samatar,2017-05-01,Female,Farah Samatar,+252610000985,House 0985 Karaan District Mogadishu,guardian0985@example.com,Mother,6a76266063e146a4e41f686e,,,6a7621e463e146a4e41f6852,2026-08-07,Somali,false
Mahad,Mohamed,Samatar,2016-06-02,Male,Amal Samatar,+252610000986,House 0986 Wadajir District Mogadishu,guardian0986@example.com,Father,6a76266063e146a4e41f686e,,,6a7621e463e146a4e41f6852,2026-08-07,Somali,false
Rahma,Farah,Samatar,2017-07-03,Female,Yusuf Samatar,+252610000987,House 0987 Dharkenley District Mogadishu,guardian0987@example.com,Mother,6a76266063e146a4e41f686e,,,6a7621e463e146a4e41f6852,2026-08-07,Somali,false
Adan,Muse,Samatar,2016-08-04,Male,Nasteho Samatar,+252610000988,House 0988 Shangani District Mogadishu,guardian0988@example.com,Father,6a76266063e146a4e41f686e,,,6a7621e463e146a4e41f6852,2026-08-07,Somali,false
Ifrah,Roble,Samatar,2017-09-05,Female,Bashir Samatar,+252610000989,House 0989 Bondhere District Mogadishu,guardian0989@example.com,Mother,6a76266063e146a4e41f686e,,,6a7621e463e146a4e41f6852,2026-08-07,Somali,false
Farah,Omar,Samatar,2016-10-06,Male,Khadija Samatar,+252610000990,House 0990 Daynile District Mogadishu,guardian0990@example.com,Father,6a76266063e146a4e41f686e,,,6a7621e463e146a4e41f6852,2026-08-07,Somali,false
Sumaya,Osman,Samatar,2017-11-07,Female,Hassan Samatar,+252610000991,House 0991 Hodan District Mogadishu,guardian0991@example.com,Mother,6a76266063e146a4e41f686e,,,6a7621e463e146a4e41f6852,2026-08-07,Somali,false
Jama,Bashir,Samatar,2016-12-08,Male,Rahma Samatar,+252610000992,House 0992 Waberi District Mogadishu,guardian0992@example.com,Father,6a76266063e146a4e41f686e,,,6a7621e463e146a4e41f6852,2026-08-07,Somali,false
Muna,Khalif,Samatar,2017-01-09,Female,Warsame Samatar,+252610000993,House 0993 Hamar Weyne District Mogadishu,guardian0993@example.com,Mother,6a76266063e146a4e41f686e,,,6a7621e463e146a4e41f6852,2026-08-07,Somali,false
Osman,Hassan,Samatar,2016-02-10,Male,Hawa Samatar,+252610000994,House 0994 Yaqshid District Mogadishu,guardian0994@example.com,Father,6a76266063e146a4e41f686e,,,6a7621e463e146a4e41f6852,2026-08-07,Somali,false
Ruqiya,Ismail,Samatar,2017-03-11,Female,Ibrahim Samatar,+252610000995,House 0995 Karaan District Mogadishu,guardian0995@example.com,Mother,6a76266063e146a4e41f686e,,,6a7621e463e146a4e41f6852,2026-08-07,Somali,false
Said,Mahad,Samatar,2016-04-12,Male,Hibo Samatar,+252610000996,House 0996 Wadajir District Mogadishu,guardian0996@example.com,Father,6a76266063e146a4e41f686e,,,6a7621e463e146a4e41f6852,2026-08-07,Somali,false
Luul,Abshir,Samatar,2017-05-13,Female,Daud Samatar,+252610000997,House 0997 Dharkenley District Mogadishu,guardian0997@example.com,Mother,6a76266063e146a4e41f686e,,,6a7621e463e146a4e41f6852,2026-08-07,Somali,false
Muse,Aden,Samatar,2016-06-14,Male,Fadumo Samatar,+252610000998,House 0998 Shangani District Mogadishu,guardian0998@example.com,Father,6a76266063e146a4e41f686e,,,6a7621e463e146a4e41f6852,2026-08-07,Somali,false
Amal,Ahmed,Samatar,2017-07-15,Female,Mahad Samatar,+252610000999,House 0999 Bondhere District Mogadishu,guardian0999@example.com,Mother,6a76266063e146a4e41f686e,,,6a7621e463e146a4e41f6852,2026-08-07,Somali,false
Warsame,Warsame,Samatar,2016-08-16,Male,Luul Samatar,+252610001000,House 1000 Daynile District Mogadishu,guardian1000@example.com,Father,6a76266063e146a4e41f686e,,,6a7621e463e146a4e41f6852,2026-08-07,Somali,false
Amina,Daud,Daud,2017-09-17,Female,Abdullahi Daud,+252610001001,House 1001 Hodan District Mogadishu,guardian1001@example.com,Mother,6a76266063e146a4e41f686e,,,6a7621e463e146a4e41f6852,2026-08-07,Somali,false
Ahmed,Guled,Daud,2016-10-18,Male,Halima Daud,+252610001002,House 1002 Waberi District Mogadishu,guardian1002@example.com,Father,6a76266063e146a4e41f686e,,,6a7621e463e146a4e41f6852,2026-08-07,Somali,false
Hodan,Yusuf,Daud,2017-11-19,Female,Jama Daud,+252610001003,House 1003 Hamar Weyne District Mogadishu,guardian1003@example.com,Mother,6a76266063e146a4e41f686e,,,6a7621e463e146a4e41f6852,2026-08-07,Somali,false
Mohamed,Jama,Daud,2016-12-20,Male,Ruqiya Daud,+252610001004,House 1004 Yaqshid District Mogadishu,guardian1004@example.com,Father,6a76266063e146a4e41f686e,,,6a7621e463e146a4e41f6852,2026-08-07,Somali,false
Sahra,Said,Daud,2017-01-21,Female,Ahmed Daud,+252610001005,House 1005 Karaan District Mogadishu,guardian1005@example.com,Mother,6a76266063e146a4e41f686e,,,6a7621e463e146a4e41f6852,2026-08-07,Somali,false
Abdi,Shire,Daud,2016-02-22,Male,Deqa Daud,+252610001006,House 1006 Wadajir District Mogadishu,guardian1006@example.com,Father,6a76266063e146a4e41f686e,,,6a7621e463e146a4e41f6852,2026-08-07,Somali,false
Fadumo,Abdi,Daud,2017-03-23,Female,Adan Daud,+252610001007,House 1007 Dharkenley District Mogadishu,guardian1007@example.com,Mother,6a76266063e146a4e41f686e,,,6a7621e463e146a4e41f6852,2026-08-07,Somali,false
Yusuf,Nur,Daud,2016-04-24,Male,Ikram Daud,+252610001008,House 1008 Shangani District Mogadishu,guardian1008@example.com,Father,6a76266063e146a4e41f686e,,,6a7621e463e146a4e41f6852,2026-08-07,Somali,false
Maryan,Adan,Daud,2017-05-25,Female,Ali Daud,+252610001009,House 1009 Bondhere District Mogadishu,guardian1009@example.com,Mother,6a76266063e146a4e41f686e,,,6a7621e463e146a4e41f6852,2026-08-07,Somali,false
Hassan,Liban,Daud,2016-06-26,Male,Yasmin Daud,+252610001010,House 1010 Daynile District Mogadishu,guardian1010@example.com,Father,6a76266063e146a4e41f686e,,,6a7621e463e146a4e41f6852,2026-08-07,Somali,false
Halima,Ali,Daud,2017-07-27,Female,Muse Daud,+252610001011,House 1011 Hodan District Mogadishu,guardian1011@example.com,Mother,6a76266063e146a4e41f686e,,,6a7621e463e146a4e41f6852,2026-08-07,Somali,false
Omar,Ibrahim,Daud,2016-08-28,Male,Khadra Daud,+252610001012,House 1012 Waberi District Mogadishu,guardian1012@example.com,Father,6a76266063e146a4e41f686e,,,6a7621e463e146a4e41f6852,2026-08-07,Somali,false
Yasmin,Abdullahi,Daud,2017-09-01,Female,Omar Daud,+252610001013,House 1013 Hamar Weyne District Mogadishu,guardian1013@example.com,Mother,6a76266063e146a4e41f686e,,,6a7621e463e146a4e41f6852,2026-08-07,Somali,false
Ali,Samatar,Daud,2016-10-02,Male,Ifrah Daud,+252610001014,House 1014 Yaqshid District Mogadishu,guardian1014@example.com,Father,6a76266063e146a4e41f686e,,,6a7621e463e146a4e41f6852,2026-08-07,Somali,false
Ikram,Elmi,Daud,2017-11-03,Female,Said Daud,+252610001015,House 1015 Karaan District Mogadishu,guardian1015@example.com,Mother,6a76266063e146a4e41f686e,,,6a7621e463e146a4e41f6852,2026-08-07,Somali,false
Ismail,Mohamed,Daud,2016-12-04,Male,Sahra Daud,+252610001016,House 1016 Wadajir District Mogadishu,guardian1016@example.com,Father,6a76266063e146a4e41f686e,,,6a7621e463e146a4e41f6852,2026-08-07,Somali,false
Nasteho,Farah,Daud,2017-01-05,Female,Ismail Daud,+252610001017,House 1017 Dharkenley District Mogadishu,guardian1017@example.com,Mother,6a76266063e146a4e41f686e,,,6a7621e463e146a4e41f6852,2026-08-07,Somali,false
Ibrahim,Muse,Daud,2016-02-06,Male,Sumaya Daud,+252610001018,House 1018 Shangani District Mogadishu,guardian1018@example.com,Father,6a76266063e146a4e41f686e,,,6a7621e463e146a4e41f6852,2026-08-07,Somali,false
Deqa,Roble,Daud,2017-03-07,Female,Samatar Daud,+252610001019,House 1019 Bondhere District Mogadishu,guardian1019@example.com,Mother,6a76266063e146a4e41f686e,,,6a7621e463e146a4e41f6852,2026-08-07,Somali,false
Zakariya,Omar,Daud,2016-04-08,Male,Maryan Daud,+252610001020,House 1020 Daynile District Mogadishu,guardian1020@example.com,Father,6a76266063e146a4e41f686e,,,6a7621e463e146a4e41f6852,2026-08-07,Somali,false
Asha,Osman,Daud,2017-05-09,Female,Osman Daud,+252610001021,House 1021 Hodan District Mogadishu,guardian1021@example.com,Mother,6a76266063e146a4e41f686e,,,6a7621e463e146a4e41f6852,2026-08-07,Somali,false
Abdullahi,Bashir,Daud,2016-06-10,Male,Muna Daud,+252610001022,House 1022 Waberi District Mogadishu,guardian1022@example.com,Father,6a76266063e146a4e41f686e,,,6a7621e463e146a4e41f6852,2026-08-07,Somali,false
Khadija,Khalif,Daud,2017-07-11,Female,Mohamed Daud,+252610001023,House 1023 Hamar Weyne District Mogadishu,guardian1023@example.com,Mother,6a76266063e146a4e41f686e,,,6a7621e463e146a4e41f6852,2026-08-07,Somali,false
Bashir,Hassan,Daud,2016-08-12,Male,Asha Daud,+252610001024,House 1024 Yaqshid District Mogadishu,guardian1024@example.com,Father,6a76266063e146a4e41f686e,,,6a7621e463e146a4e41f6852,2026-08-07,Somali,false
Hibo,Ismail,Daud,2017-09-13,Female,Farah Daud,+252610001025,House 1025 Karaan District Mogadishu,guardian1025@example.com,Mother,6a76266063e146a4e41f686e,,,6a7621e463e146a4e41f6852,2026-08-07,Somali,false
Mahad,Mahad,Daud,2016-10-14,Male,Amal Daud,+252610001026,House 1026 Wadajir District Mogadishu,guardian1026@example.com,Father,6a76266063e146a4e41f686e,,,6a7621e463e146a4e41f6852,2026-08-07,Somali,false
Rahma,Abshir,Daud,2017-11-15,Female,Yusuf Daud,+252610001027,House 1027 Dharkenley District Mogadishu,guardian1027@example.com,Mother,6a76266063e146a4e41f686e,,,6a7621e463e146a4e41f6852,2026-08-07,Somali,false
Adan,Aden,Daud,2016-12-16,Male,Nasteho Daud,+252610001028,House 1028 Shangani District Mogadishu,guardian1028@example.com,Father,6a76266063e146a4e41f686e,,,6a7621e463e146a4e41f6852,2026-08-07,Somali,false
Ifrah,Ahmed,Daud,2017-01-17,Female,Bashir Daud,+252610001029,House 1029 Bondhere District Mogadishu,guardian1029@example.com,Mother,6a76266063e146a4e41f686e,,,6a7621e463e146a4e41f6852,2026-08-07,Somali,false
Farah,Warsame,Daud,2016-02-18,Male,Khadija Daud,+252610001030,House 1030 Daynile District Mogadishu,guardian1030@example.com,Father,6a76266063e146a4e41f686e,,,6a7621e463e146a4e41f6852,2026-08-07,Somali,false
Sumaya,Daud,Daud,2017-03-19,Female,Hassan Daud,+252610001031,House 1031 Hodan District Mogadishu,guardian1031@example.com,Mother,6a76266063e146a4e41f686e,,,6a7621e463e146a4e41f6852,2026-08-07,Somali,false
Jama,Guled,Daud,2016-04-20,Male,Rahma Daud,+252610001032,House 1032 Waberi District Mogadishu,guardian1032@example.com,Father,6a76266063e146a4e41f686e,,,6a7621e463e146a4e41f6852,2026-08-07,Somali,false
Muna,Yusuf,Daud,2017-05-21,Female,Warsame Daud,+252610001033,House 1033 Hamar Weyne District Mogadishu,guardian1033@example.com,Mother,6a76266063e146a4e41f686e,,,6a7621e463e146a4e41f6852,2026-08-07,Somali,false
Osman,Jama,Daud,2016-06-22,Male,Hawa Daud,+252610001034,House 1034 Yaqshid District Mogadishu,guardian1034@example.com,Father,6a76266063e146a4e41f686e,,,6a7621e463e146a4e41f6852,2026-08-07,Somali,false
Ruqiya,Said,Daud,2017-07-23,Female,Ibrahim Daud,+252610001035,House 1035 Karaan District Mogadishu,guardian1035@example.com,Mother,6a76266063e146a4e41f686e,,,6a7621e463e146a4e41f6852,2026-08-07,Somali,false
Said,Shire,Daud,2016-08-24,Male,Hibo Daud,+252610001036,House 1036 Wadajir District Mogadishu,guardian1036@example.com,Father,6a76266063e146a4e41f686e,,,6a7621e463e146a4e41f6852,2026-08-07,Somali,false
Luul,Abdi,Daud,2017-09-25,Female,Daud Daud,+252610001037,House 1037 Dharkenley District Mogadishu,guardian1037@example.com,Mother,6a76266063e146a4e41f686e,,,6a7621e463e146a4e41f6852,2026-08-07,Somali,false
Muse,Nur,Daud,2016-10-26,Male,Fadumo Daud,+252610001038,House 1038 Shangani District Mogadishu,guardian1038@example.com,Father,6a76266063e146a4e41f686e,,,6a7621e463e146a4e41f6852,2026-08-07,Somali,false
Amal,Adan,Daud,2017-11-27,Female,Mahad Daud,+252610001039,House 1039 Bondhere District Mogadishu,guardian1039@example.com,Mother,6a76266063e146a4e41f686e,,,6a7621e463e146a4e41f6852,2026-08-07,Somali,false
Warsame,Liban,Daud,2016-12-28,Male,Luul Daud,+252610001040,House 1040 Daynile District Mogadishu,guardian1040@example.com,Father,6a76266063e146a4e41f686e,,,6a7621e463e146a4e41f6852,2026-08-07,Somali,false
Amina,Ali,Abshir,2017-01-01,Female,Abdullahi Abshir,+252610001041,House 1041 Hodan District Mogadishu,guardian1041@example.com,Mother,6a76266063e146a4e41f686e,,,6a7621e463e146a4e41f6852,2026-08-07,Somali,false
Ahmed,Ibrahim,Abshir,2016-02-02,Male,Halima Abshir,+252610001042,House 1042 Waberi District Mogadishu,guardian1042@example.com,Father,6a76266063e146a4e41f686e,,,6a7621e463e146a4e41f6852,2026-08-07,Somali,false
Hodan,Abdullahi,Abshir,2017-03-03,Female,Jama Abshir,+252610001043,House 1043 Hamar Weyne District Mogadishu,guardian1043@example.com,Mother,6a76266063e146a4e41f686e,,,6a7621e463e146a4e41f6852,2026-08-07,Somali,false
Mohamed,Samatar,Abshir,2016-04-04,Male,Ruqiya Abshir,+252610001044,House 1044 Yaqshid District Mogadishu,guardian1044@example.com,Father,6a76266063e146a4e41f686e,,,6a7621e463e146a4e41f6852,2026-08-07,Somali,false
Sahra,Elmi,Abshir,2017-05-05,Female,Ahmed Abshir,+252610001045,House 1045 Karaan District Mogadishu,guardian1045@example.com,Mother,6a76266063e146a4e41f686e,,,6a7621e463e146a4e41f6852,2026-08-07,Somali,false
Abdi,Mohamed,Abshir,2016-06-06,Male,Deqa Abshir,+252610001046,House 1046 Wadajir District Mogadishu,guardian1046@example.com,Father,6a76266063e146a4e41f686e,,,6a7621e463e146a4e41f6852,2026-08-07,Somali,false
Fadumo,Farah,Abshir,2017-07-07,Female,Adan Abshir,+252610001047,House 1047 Dharkenley District Mogadishu,guardian1047@example.com,Mother,6a76266063e146a4e41f686e,,,6a7621e463e146a4e41f6852,2026-08-07,Somali,false
Yusuf,Muse,Abshir,2016-08-08,Male,Ikram Abshir,+252610001048,House 1048 Shangani District Mogadishu,guardian1048@example.com,Father,6a76266063e146a4e41f686e,,,6a7621e463e146a4e41f6852,2026-08-07,Somali,false
Maryan,Roble,Abshir,2017-09-09,Female,Ali Abshir,+252610001049,House 1049 Bondhere District Mogadishu,guardian1049@example.com,Mother,6a76266063e146a4e41f686e,,,6a7621e463e146a4e41f6852,2026-08-07,Somali,false
Hassan,Omar,Abshir,2016-10-10,Male,Yasmin Abshir,+252610001050,House 1050 Daynile District Mogadishu,guardian1050@example.com,Father,6a76266063e146a4e41f686e,,,6a7621e463e146a4e41f6852,2026-08-07,Somali,false
Halima,Osman,Abshir,2017-11-11,Female,Muse Abshir,+252610001051,House 1051 Hodan District Mogadishu,guardian1051@example.com,Mother,6a76266063e146a4e41f686e,,,6a7621e463e146a4e41f6852,2026-08-07,Somali,false
Omar,Bashir,Abshir,2016-12-12,Male,Khadra Abshir,+252610001052,House 1052 Waberi District Mogadishu,guardian1052@example.com,Father,6a76266063e146a4e41f686e,,,6a7621e463e146a4e41f6852,2026-08-07,Somali,false
Yasmin,Khalif,Abshir,2017-01-13,Female,Omar Abshir,+252610001053,House 1053 Hamar Weyne District Mogadishu,guardian1053@example.com,Mother,6a76266063e146a4e41f686e,,,6a7621e463e146a4e41f6852,2026-08-07,Somali,false
Ali,Hassan,Abshir,2016-02-14,Male,Ifrah Abshir,+252610001054,House 1054 Yaqshid District Mogadishu,guardian1054@example.com,Father,6a76266063e146a4e41f686e,,,6a7621e463e146a4e41f6852,2026-08-07,Somali,false
Ikram,Ismail,Abshir,2017-03-15,Female,Said Abshir,+252610001055,House 1055 Karaan District Mogadishu,guardian1055@example.com,Mother,6a76266063e146a4e41f686e,,,6a7621e463e146a4e41f6852,2026-08-07,Somali,false
Ismail,Mahad,Abshir,2016-04-16,Male,Sahra Abshir,+252610001056,House 1056 Wadajir District Mogadishu,guardian1056@example.com,Father,6a76266063e146a4e41f686e,,,6a7621e463e146a4e41f6852,2026-08-07,Somali,false
Nasteho,Abshir,Abshir,2017-05-17,Female,Ismail Abshir,+252610001057,House 1057 Dharkenley District Mogadishu,guardian1057@example.com,Mother,6a76266063e146a4e41f686e,,,6a7621e463e146a4e41f6852,2026-08-07,Somali,false
Ibrahim,Aden,Abshir,2016-06-18,Male,Sumaya Abshir,+252610001058,House 1058 Shangani District Mogadishu,guardian1058@example.com,Father,6a76266063e146a4e41f686e,,,6a7621e463e146a4e41f6852,2026-08-07,Somali,false
Deqa,Ahmed,Abshir,2017-07-19,Female,Samatar Abshir,+252610001059,House 1059 Bondhere District Mogadishu,guardian1059@example.com,Mother,6a76266063e146a4e41f686e,,,6a7621e463e146a4e41f6852,2026-08-07,Somali,false
Zakariya,Warsame,Abshir,2016-08-20,Male,Maryan Abshir,+252610001060,House 1060 Daynile District Mogadishu,guardian1060@example.com,Father,6a76266063e146a4e41f686e,,,6a7621e463e146a4e41f6852,2026-08-07,Somali,false
Asha,Daud,Abshir,2017-09-21,Female,Osman Abshir,+252610001061,House 1061 Hodan District Mogadishu,guardian1061@example.com,Mother,6a76266063e146a4e41f686e,,,6a7621e463e146a4e41f6852,2026-08-07,Somali,false
Abdullahi,Guled,Abshir,2016-10-22,Male,Muna Abshir,+252610001062,House 1062 Waberi District Mogadishu,guardian1062@example.com,Father,6a76266063e146a4e41f686e,,,6a7621e463e146a4e41f6852,2026-08-07,Somali,false
Khadija,Yusuf,Abshir,2017-11-23,Female,Mohamed Abshir,+252610001063,House 1063 Hamar Weyne District Mogadishu,guardian1063@example.com,Mother,6a76266063e146a4e41f686e,,,6a7621e463e146a4e41f6852,2026-08-07,Somali,false
Bashir,Jama,Abshir,2016-12-24,Male,Asha Abshir,+252610001064,House 1064 Yaqshid District Mogadishu,guardian1064@example.com,Father,6a76266063e146a4e41f686e,,,6a7621e463e146a4e41f6852,2026-08-07,Somali,false
Hibo,Said,Abshir,2017-01-25,Female,Farah Abshir,+252610001065,House 1065 Karaan District Mogadishu,guardian1065@example.com,Mother,6a76266063e146a4e41f686e,,,6a7621e463e146a4e41f6852,2026-08-07,Somali,false
Mahad,Shire,Abshir,2016-02-26,Male,Amal Abshir,+252610001066,House 1066 Wadajir District Mogadishu,guardian1066@example.com,Father,6a76266063e146a4e41f686e,,,6a7621e463e146a4e41f6852,2026-08-07,Somali,false
Rahma,Abdi,Abshir,2017-03-27,Female,Yusuf Abshir,+252610001067,House 1067 Dharkenley District Mogadishu,guardian1067@example.com,Mother,6a76266063e146a4e41f686e,,,6a7621e463e146a4e41f6852,2026-08-07,Somali,false
Adan,Nur,Abshir,2016-04-28,Male,Nasteho Abshir,+252610001068,House 1068 Shangani District Mogadishu,guardian1068@example.com,Father,6a76266063e146a4e41f686e,,,6a7621e463e146a4e41f6852,2026-08-07,Somali,false
Ifrah,Adan,Abshir,2017-05-01,Female,Bashir Abshir,+252610001069,House 1069 Bondhere District Mogadishu,guardian1069@example.com,Mother,6a76266063e146a4e41f686e,,,6a7621e463e146a4e41f6852,2026-08-07,Somali,false
Farah,Liban,Abshir,2016-06-02,Male,Khadija Abshir,+252610001070,House 1070 Daynile District Mogadishu,guardian1070@example.com,Father,6a76266063e146a4e41f686e,,,6a7621e463e146a4e41f6852,2026-08-07,Somali,false
Sumaya,Ali,Abshir,2017-07-03,Female,Hassan Abshir,+252610001071,House 1071 Hodan District Mogadishu,guardian1071@example.com,Mother,6a76266063e146a4e41f686e,,,6a7621e463e146a4e41f6852,2026-08-07,Somali,false
Jama,Ibrahim,Abshir,2016-08-04,Male,Rahma Abshir,+252610001072,House 1072 Waberi District Mogadishu,guardian1072@example.com,Father,6a76266063e146a4e41f686e,,,6a7621e463e146a4e41f6852,2026-08-07,Somali,false
Muna,Abdullahi,Abshir,2017-09-05,Female,Warsame Abshir,+252610001073,House 1073 Hamar Weyne District Mogadishu,guardian1073@example.com,Mother,6a76266063e146a4e41f686e,,,6a7621e463e146a4e41f6852,2026-08-07,Somali,false
Osman,Samatar,Abshir,2016-10-06,Male,Hawa Abshir,+252610001074,House 1074 Yaqshid District Mogadishu,guardian1074@example.com,Father,6a76266063e146a4e41f686e,,,6a7621e463e146a4e41f6852,2026-08-07,Somali,false
Ruqiya,Elmi,Abshir,2017-11-07,Female,Ibrahim Abshir,+252610001075,House 1075 Karaan District Mogadishu,guardian1075@example.com,Mother,6a76266063e146a4e41f686e,,,6a7621e463e146a4e41f6852,2026-08-07,Somali,false
Said,Mohamed,Abshir,2016-12-08,Male,Hibo Abshir,+252610001076,House 1076 Wadajir District Mogadishu,guardian1076@example.com,Father,6a76266063e146a4e41f686e,,,6a7621e463e146a4e41f6852,2026-08-07,Somali,false
Luul,Farah,Abshir,2017-01-09,Female,Daud Abshir,+252610001077,House 1077 Dharkenley District Mogadishu,guardian1077@example.com,Mother,6a76266063e146a4e41f686e,,,6a7621e463e146a4e41f6852,2026-08-07,Somali,false
Muse,Muse,Abshir,2016-02-10,Male,Fadumo Abshir,+252610001078,House 1078 Shangani District Mogadishu,guardian1078@example.com,Father,6a76266063e146a4e41f686e,,,6a7621e463e146a4e41f6852,2026-08-07,Somali,false
Amal,Roble,Abshir,2017-03-11,Female,Mahad Abshir,+252610001079,House 1079 Bondhere District Mogadishu,guardian1079@example.com,Mother,6a76266063e146a4e41f686e,,,6a7621e463e146a4e41f6852,2026-08-07,Somali,false
Warsame,Omar,Abshir,2016-04-12,Male,Luul Abshir,+252610001080,House 1080 Daynile District Mogadishu,guardian1080@example.com,Father,6a76266063e146a4e41f686e,,,6a7621e463e146a4e41f6852,2026-08-07,Somali,false
Amina,Osman,Liban,2017-05-13,Female,Abdullahi Liban,+252610001081,House 1081 Hodan District Mogadishu,guardian1081@example.com,Mother,6a76266063e146a4e41f686e,,,6a7621e463e146a4e41f6852,2026-08-07,Somali,false
Ahmed,Bashir,Liban,2016-06-14,Male,Halima Liban,+252610001082,House 1082 Waberi District Mogadishu,guardian1082@example.com,Father,6a76266063e146a4e41f686e,,,6a7621e463e146a4e41f6852,2026-08-07,Somali,false
Hodan,Khalif,Liban,2017-07-15,Female,Jama Liban,+252610001083,House 1083 Hamar Weyne District Mogadishu,guardian1083@example.com,Mother,6a76266063e146a4e41f686e,,,6a7621e463e146a4e41f6852,2026-08-07,Somali,false
Mohamed,Hassan,Liban,2016-08-16,Male,Ruqiya Liban,+252610001084,House 1084 Yaqshid District Mogadishu,guardian1084@example.com,Father,6a76266063e146a4e41f686e,,,6a7621e463e146a4e41f6852,2026-08-07,Somali,false
Sahra,Ismail,Liban,2017-09-17,Female,Ahmed Liban,+252610001085,House 1085 Karaan District Mogadishu,guardian1085@example.com,Mother,6a76266063e146a4e41f686e,,,6a7621e463e146a4e41f6852,2026-08-07,Somali,false
Abdi,Mahad,Liban,2016-10-18,Male,Deqa Liban,+252610001086,House 1086 Wadajir District Mogadishu,guardian1086@example.com,Father,6a76266063e146a4e41f686e,,,6a7621e463e146a4e41f6852,2026-08-07,Somali,false
Fadumo,Abshir,Liban,2017-11-19,Female,Adan Liban,+252610001087,House 1087 Dharkenley District Mogadishu,guardian1087@example.com,Mother,6a76266063e146a4e41f686e,,,6a7621e463e146a4e41f6852,2026-08-07,Somali,false
Yusuf,Aden,Liban,2016-12-20,Male,Ikram Liban,+252610001088,House 1088 Shangani District Mogadishu,guardian1088@example.com,Father,6a76266063e146a4e41f686e,,,6a7621e463e146a4e41f6852,2026-08-07,Somali,false
Maryan,Ahmed,Liban,2017-01-21,Female,Ali Liban,+252610001089,House 1089 Bondhere District Mogadishu,guardian1089@example.com,Mother,6a76266063e146a4e41f686e,,,6a7621e463e146a4e41f6852,2026-08-07,Somali,false
Hassan,Warsame,Liban,2016-02-22,Male,Yasmin Liban,+252610001090,House 1090 Daynile District Mogadishu,guardian1090@example.com,Father,6a76266063e146a4e41f686e,,,6a7621e463e146a4e41f6852,2026-08-07,Somali,false
Halima,Daud,Liban,2017-03-23,Female,Muse Liban,+252610001091,House 1091 Hodan District Mogadishu,guardian1091@example.com,Mother,6a76266063e146a4e41f686e,,,6a7621e463e146a4e41f6852,2026-08-07,Somali,false
Omar,Guled,Liban,2016-04-24,Male,Khadra Liban,+252610001092,House 1092 Waberi District Mogadishu,guardian1092@example.com,Father,6a76266063e146a4e41f686e,,,6a7621e463e146a4e41f6852,2026-08-07,Somali,false
Yasmin,Yusuf,Liban,2017-05-25,Female,Omar Liban,+252610001093,House 1093 Hamar Weyne District Mogadishu,guardian1093@example.com,Mother,6a76266063e146a4e41f686e,,,6a7621e463e146a4e41f6852,2026-08-07,Somali,false
Ali,Jama,Liban,2016-06-26,Male,Ifrah Liban,+252610001094,House 1094 Yaqshid District Mogadishu,guardian1094@example.com,Father,6a76266063e146a4e41f686e,,,6a7621e463e146a4e41f6852,2026-08-07,Somali,false
Ikram,Said,Liban,2017-07-27,Female,Said Liban,+252610001095,House 1095 Karaan District Mogadishu,guardian1095@example.com,Mother,6a76266063e146a4e41f686e,,,6a7621e463e146a4e41f6852,2026-08-07,Somali,false
Ismail,Shire,Liban,2016-08-28,Male,Sahra Liban,+252610001096,House 1096 Wadajir District Mogadishu,guardian1096@example.com,Father,6a76266063e146a4e41f686e,,,6a7621e463e146a4e41f6852,2026-08-07,Somali,false
Nasteho,Abdi,Liban,2017-09-01,Female,Ismail Liban,+252610001097,House 1097 Dharkenley District Mogadishu,guardian1097@example.com,Mother,6a76266063e146a4e41f686e,,,6a7621e463e146a4e41f6852,2026-08-07,Somali,false
Ibrahim,Nur,Liban,2016-10-02,Male,Sumaya Liban,+252610001098,House 1098 Shangani District Mogadishu,guardian1098@example.com,Father,6a76266063e146a4e41f686e,,,6a7621e463e146a4e41f6852,2026-08-07,Somali,false
Deqa,Adan,Liban,2017-11-03,Female,Samatar Liban,+252610001099,House 1099 Bondhere District Mogadishu,guardian1099@example.com,Mother,6a76266063e146a4e41f686e,,,6a7621e463e146a4e41f6852,2026-08-07,Somali,false
Zakariya,Liban,Liban,2016-12-04,Male,Maryan Liban,+252610001100,House 1100 Daynile District Mogadishu,guardian1100@example.com,Father,6a76266063e146a4e41f686e,,,6a7621e463e146a4e41f6852,2026-08-07,Somali,false
Asha,Ali,Liban,2016-01-01,Female,Osman Liban,+252610001101,House 1101 Hodan District Mogadishu,guardian1101@example.com,Mother,6a76266d63e146a4e41f6870,,,6a7621e463e146a4e41f6852,2026-08-07,Somali,false
Abdullahi,Ibrahim,Liban,2015-02-02,Male,Muna Liban,+252610001102,House 1102 Waberi District Mogadishu,guardian1102@example.com,Father,6a76266d63e146a4e41f6870,,,6a7621e463e146a4e41f6852,2026-08-07,Somali,false
Khadija,Abdullahi,Liban,2016-03-03,Female,Mohamed Liban,+252610001103,House 1103 Hamar Weyne District Mogadishu,guardian1103@example.com,Mother,6a76266d63e146a4e41f6870,,,6a7621e463e146a4e41f6852,2026-08-07,Somali,false
Bashir,Samatar,Liban,2015-04-04,Male,Asha Liban,+252610001104,House 1104 Yaqshid District Mogadishu,guardian1104@example.com,Father,6a76266d63e146a4e41f6870,,,6a7621e463e146a4e41f6852,2026-08-07,Somali,false
Hibo,Elmi,Liban,2016-05-05,Female,Farah Liban,+252610001105,House 1105 Karaan District Mogadishu,guardian1105@example.com,Mother,6a76266d63e146a4e41f6870,,,6a7621e463e146a4e41f6852,2026-08-07,Somali,false
Mahad,Mohamed,Liban,2015-06-06,Male,Amal Liban,+252610001106,House 1106 Wadajir District Mogadishu,guardian1106@example.com,Father,6a76266d63e146a4e41f6870,,,6a7621e463e146a4e41f6852,2026-08-07,Somali,false
Rahma,Farah,Liban,2016-07-07,Female,Yusuf Liban,+252610001107,House 1107 Dharkenley District Mogadishu,guardian1107@example.com,Mother,6a76266d63e146a4e41f6870,,,6a7621e463e146a4e41f6852,2026-08-07,Somali,false
Adan,Muse,Liban,2015-08-08,Male,Nasteho Liban,+252610001108,House 1108 Shangani District Mogadishu,guardian1108@example.com,Father,6a76266d63e146a4e41f6870,,,6a7621e463e146a4e41f6852,2026-08-07,Somali,false
Ifrah,Roble,Liban,2016-09-09,Female,Bashir Liban,+252610001109,House 1109 Bondhere District Mogadishu,guardian1109@example.com,Mother,6a76266d63e146a4e41f6870,,,6a7621e463e146a4e41f6852,2026-08-07,Somali,false
Farah,Omar,Liban,2015-10-10,Male,Khadija Liban,+252610001110,House 1110 Daynile District Mogadishu,guardian1110@example.com,Father,6a76266d63e146a4e41f6870,,,6a7621e463e146a4e41f6852,2026-08-07,Somali,false
Sumaya,Osman,Liban,2016-11-11,Female,Hassan Liban,+252610001111,House 1111 Hodan District Mogadishu,guardian1111@example.com,Mother,6a76266d63e146a4e41f6870,,,6a7621e463e146a4e41f6852,2026-08-07,Somali,false
Jama,Bashir,Liban,2015-12-12,Male,Rahma Liban,+252610001112,House 1112 Waberi District Mogadishu,guardian1112@example.com,Father,6a76266d63e146a4e41f6870,,,6a7621e463e146a4e41f6852,2026-08-07,Somali,false
Muna,Khalif,Liban,2016-01-13,Female,Warsame Liban,+252610001113,House 1113 Hamar Weyne District Mogadishu,guardian1113@example.com,Mother,6a76266d63e146a4e41f6870,,,6a7621e463e146a4e41f6852,2026-08-07,Somali,false
Osman,Hassan,Liban,2015-02-14,Male,Hawa Liban,+252610001114,House 1114 Yaqshid District Mogadishu,guardian1114@example.com,Father,6a76266d63e146a4e41f6870,,,6a7621e463e146a4e41f6852,2026-08-07,Somali,false
Ruqiya,Ismail,Liban,2016-03-15,Female,Ibrahim Liban,+252610001115,House 1115 Karaan District Mogadishu,guardian1115@example.com,Mother,6a76266d63e146a4e41f6870,,,6a7621e463e146a4e41f6852,2026-08-07,Somali,false
Said,Mahad,Liban,2015-04-16,Male,Hibo Liban,+252610001116,House 1116 Wadajir District Mogadishu,guardian1116@example.com,Father,6a76266d63e146a4e41f6870,,,6a7621e463e146a4e41f6852,2026-08-07,Somali,false
Luul,Abshir,Liban,2016-05-17,Female,Daud Liban,+252610001117,House 1117 Dharkenley District Mogadishu,guardian1117@example.com,Mother,6a76266d63e146a4e41f6870,,,6a7621e463e146a4e41f6852,2026-08-07,Somali,false
Muse,Aden,Liban,2015-06-18,Male,Fadumo Liban,+252610001118,House 1118 Shangani District Mogadishu,guardian1118@example.com,Father,6a76266d63e146a4e41f6870,,,6a7621e463e146a4e41f6852,2026-08-07,Somali,false
Amal,Ahmed,Liban,2016-07-19,Female,Mahad Liban,+252610001119,House 1119 Bondhere District Mogadishu,guardian1119@example.com,Mother,6a76266d63e146a4e41f6870,,,6a7621e463e146a4e41f6852,2026-08-07,Somali,false
Warsame,Warsame,Liban,2015-08-20,Male,Luul Liban,+252610001120,House 1120 Daynile District Mogadishu,guardian1120@example.com,Father,6a76266d63e146a4e41f6870,,,6a7621e463e146a4e41f6852,2026-08-07,Somali,false
Amina,Daud,Khalif,2016-09-21,Female,Abdullahi Khalif,+252610001121,House 1121 Hodan District Mogadishu,guardian1121@example.com,Mother,6a76266d63e146a4e41f6870,,,6a7621e463e146a4e41f6852,2026-08-07,Somali,false
Ahmed,Guled,Khalif,2015-10-22,Male,Halima Khalif,+252610001122,House 1122 Waberi District Mogadishu,guardian1122@example.com,Father,6a76266d63e146a4e41f6870,,,6a7621e463e146a4e41f6852,2026-08-07,Somali,false
Hodan,Yusuf,Khalif,2016-11-23,Female,Jama Khalif,+252610001123,House 1123 Hamar Weyne District Mogadishu,guardian1123@example.com,Mother,6a76266d63e146a4e41f6870,,,6a7621e463e146a4e41f6852,2026-08-07,Somali,false
Mohamed,Jama,Khalif,2015-12-24,Male,Ruqiya Khalif,+252610001124,House 1124 Yaqshid District Mogadishu,guardian1124@example.com,Father,6a76266d63e146a4e41f6870,,,6a7621e463e146a4e41f6852,2026-08-07,Somali,false
Sahra,Said,Khalif,2016-01-25,Female,Ahmed Khalif,+252610001125,House 1125 Karaan District Mogadishu,guardian1125@example.com,Mother,6a76266d63e146a4e41f6870,,,6a7621e463e146a4e41f6852,2026-08-07,Somali,false
Abdi,Shire,Khalif,2015-02-26,Male,Deqa Khalif,+252610001126,House 1126 Wadajir District Mogadishu,guardian1126@example.com,Father,6a76266d63e146a4e41f6870,,,6a7621e463e146a4e41f6852,2026-08-07,Somali,false
Fadumo,Abdi,Khalif,2016-03-27,Female,Adan Khalif,+252610001127,House 1127 Dharkenley District Mogadishu,guardian1127@example.com,Mother,6a76266d63e146a4e41f6870,,,6a7621e463e146a4e41f6852,2026-08-07,Somali,false
Yusuf,Nur,Khalif,2015-04-28,Male,Ikram Khalif,+252610001128,House 1128 Shangani District Mogadishu,guardian1128@example.com,Father,6a76266d63e146a4e41f6870,,,6a7621e463e146a4e41f6852,2026-08-07,Somali,false
Maryan,Adan,Khalif,2016-05-01,Female,Ali Khalif,+252610001129,House 1129 Bondhere District Mogadishu,guardian1129@example.com,Mother,6a76266d63e146a4e41f6870,,,6a7621e463e146a4e41f6852,2026-08-07,Somali,false
Hassan,Liban,Khalif,2015-06-02,Male,Yasmin Khalif,+252610001130,House 1130 Daynile District Mogadishu,guardian1130@example.com,Father,6a76266d63e146a4e41f6870,,,6a7621e463e146a4e41f6852,2026-08-07,Somali,false
Halima,Ali,Khalif,2016-07-03,Female,Muse Khalif,+252610001131,House 1131 Hodan District Mogadishu,guardian1131@example.com,Mother,6a76266d63e146a4e41f6870,,,6a7621e463e146a4e41f6852,2026-08-07,Somali,false
Omar,Ibrahim,Khalif,2015-08-04,Male,Khadra Khalif,+252610001132,House 1132 Waberi District Mogadishu,guardian1132@example.com,Father,6a76266d63e146a4e41f6870,,,6a7621e463e146a4e41f6852,2026-08-07,Somali,false
Yasmin,Abdullahi,Khalif,2016-09-05,Female,Omar Khalif,+252610001133,House 1133 Hamar Weyne District Mogadishu,guardian1133@example.com,Mother,6a76266d63e146a4e41f6870,,,6a7621e463e146a4e41f6852,2026-08-07,Somali,false
Ali,Samatar,Khalif,2015-10-06,Male,Ifrah Khalif,+252610001134,House 1134 Yaqshid District Mogadishu,guardian1134@example.com,Father,6a76266d63e146a4e41f6870,,,6a7621e463e146a4e41f6852,2026-08-07,Somali,false
Ikram,Elmi,Khalif,2016-11-07,Female,Said Khalif,+252610001135,House 1135 Karaan District Mogadishu,guardian1135@example.com,Mother,6a76266d63e146a4e41f6870,,,6a7621e463e146a4e41f6852,2026-08-07,Somali,false
Ismail,Mohamed,Khalif,2015-12-08,Male,Sahra Khalif,+252610001136,House 1136 Wadajir District Mogadishu,guardian1136@example.com,Father,6a76266d63e146a4e41f6870,,,6a7621e463e146a4e41f6852,2026-08-07,Somali,false
Nasteho,Farah,Khalif,2016-01-09,Female,Ismail Khalif,+252610001137,House 1137 Dharkenley District Mogadishu,guardian1137@example.com,Mother,6a76266d63e146a4e41f6870,,,6a7621e463e146a4e41f6852,2026-08-07,Somali,false
Ibrahim,Muse,Khalif,2015-02-10,Male,Sumaya Khalif,+252610001138,House 1138 Shangani District Mogadishu,guardian1138@example.com,Father,6a76266d63e146a4e41f6870,,,6a7621e463e146a4e41f6852,2026-08-07,Somali,false
Deqa,Roble,Khalif,2016-03-11,Female,Samatar Khalif,+252610001139,House 1139 Bondhere District Mogadishu,guardian1139@example.com,Mother,6a76266d63e146a4e41f6870,,,6a7621e463e146a4e41f6852,2026-08-07,Somali,false
Zakariya,Omar,Khalif,2015-04-12,Male,Maryan Khalif,+252610001140,House 1140 Daynile District Mogadishu,guardian1140@example.com,Father,6a76266d63e146a4e41f6870,,,6a7621e463e146a4e41f6852,2026-08-07,Somali,false
Asha,Osman,Khalif,2016-05-13,Female,Osman Khalif,+252610001141,House 1141 Hodan District Mogadishu,guardian1141@example.com,Mother,6a76266d63e146a4e41f6870,,,6a7621e463e146a4e41f6852,2026-08-07,Somali,false
Abdullahi,Bashir,Khalif,2015-06-14,Male,Muna Khalif,+252610001142,House 1142 Waberi District Mogadishu,guardian1142@example.com,Father,6a76266d63e146a4e41f6870,,,6a7621e463e146a4e41f6852,2026-08-07,Somali,false
Khadija,Khalif,Khalif,2016-07-15,Female,Mohamed Khalif,+252610001143,House 1143 Hamar Weyne District Mogadishu,guardian1143@example.com,Mother,6a76266d63e146a4e41f6870,,,6a7621e463e146a4e41f6852,2026-08-07,Somali,false
Bashir,Hassan,Khalif,2015-08-16,Male,Asha Khalif,+252610001144,House 1144 Yaqshid District Mogadishu,guardian1144@example.com,Father,6a76266d63e146a4e41f6870,,,6a7621e463e146a4e41f6852,2026-08-07,Somali,false
Hibo,Ismail,Khalif,2016-09-17,Female,Farah Khalif,+252610001145,House 1145 Karaan District Mogadishu,guardian1145@example.com,Mother,6a76266d63e146a4e41f6870,,,6a7621e463e146a4e41f6852,2026-08-07,Somali,false
Mahad,Mahad,Khalif,2015-10-18,Male,Amal Khalif,+252610001146,House 1146 Wadajir District Mogadishu,guardian1146@example.com,Father,6a76266d63e146a4e41f6870,,,6a7621e463e146a4e41f6852,2026-08-07,Somali,false
Rahma,Abshir,Khalif,2016-11-19,Female,Yusuf Khalif,+252610001147,House 1147 Dharkenley District Mogadishu,guardian1147@example.com,Mother,6a76266d63e146a4e41f6870,,,6a7621e463e146a4e41f6852,2026-08-07,Somali,false
Adan,Aden,Khalif,2015-12-20,Male,Nasteho Khalif,+252610001148,House 1148 Shangani District Mogadishu,guardian1148@example.com,Father,6a76266d63e146a4e41f6870,,,6a7621e463e146a4e41f6852,2026-08-07,Somali,false
Ifrah,Ahmed,Khalif,2016-01-21,Female,Bashir Khalif,+252610001149,House 1149 Bondhere District Mogadishu,guardian1149@example.com,Mother,6a76266d63e146a4e41f6870,,,6a7621e463e146a4e41f6852,2026-08-07,Somali,false
Farah,Warsame,Khalif,2015-02-22,Male,Khadija Khalif,+252610001150,House 1150 Daynile District Mogadishu,guardian1150@example.com,Father,6a76266d63e146a4e41f6870,,,6a7621e463e146a4e41f6852,2026-08-07,Somali,false
Sumaya,Daud,Khalif,2016-03-23,Female,Hassan Khalif,+252610001151,House 1151 Hodan District Mogadishu,guardian1151@example.com,Mother,6a76266d63e146a4e41f6870,,,6a7621e463e146a4e41f6852,2026-08-07,Somali,false
Jama,Guled,Khalif,2015-04-24,Male,Rahma Khalif,+252610001152,House 1152 Waberi District Mogadishu,guardian1152@example.com,Father,6a76266d63e146a4e41f6870,,,6a7621e463e146a4e41f6852,2026-08-07,Somali,false
Muna,Yusuf,Khalif,2016-05-25,Female,Warsame Khalif,+252610001153,House 1153 Hamar Weyne District Mogadishu,guardian1153@example.com,Mother,6a76266d63e146a4e41f6870,,,6a7621e463e146a4e41f6852,2026-08-07,Somali,false
Osman,Jama,Khalif,2015-06-26,Male,Hawa Khalif,+252610001154,House 1154 Yaqshid District Mogadishu,guardian1154@example.com,Father,6a76266d63e146a4e41f6870,,,6a7621e463e146a4e41f6852,2026-08-07,Somali,false
Ruqiya,Said,Khalif,2016-07-27,Female,Ibrahim Khalif,+252610001155,House 1155 Karaan District Mogadishu,guardian1155@example.com,Mother,6a76266d63e146a4e41f6870,,,6a7621e463e146a4e41f6852,2026-08-07,Somali,false
Said,Shire,Khalif,2015-08-28,Male,Hibo Khalif,+252610001156,House 1156 Wadajir District Mogadishu,guardian1156@example.com,Father,6a76266d63e146a4e41f6870,,,6a7621e463e146a4e41f6852,2026-08-07,Somali,false
Luul,Abdi,Khalif,2016-09-01,Female,Daud Khalif,+252610001157,House 1157 Dharkenley District Mogadishu,guardian1157@example.com,Mother,6a76266d63e146a4e41f6870,,,6a7621e463e146a4e41f6852,2026-08-07,Somali,false
Muse,Nur,Khalif,2015-10-02,Male,Fadumo Khalif,+252610001158,House 1158 Shangani District Mogadishu,guardian1158@example.com,Father,6a76266d63e146a4e41f6870,,,6a7621e463e146a4e41f6852,2026-08-07,Somali,false
Amal,Adan,Khalif,2016-11-03,Female,Mahad Khalif,+252610001159,House 1159 Bondhere District Mogadishu,guardian1159@example.com,Mother,6a76266d63e146a4e41f6870,,,6a7621e463e146a4e41f6852,2026-08-07,Somali,false
Warsame,Liban,Khalif,2015-12-04,Male,Luul Khalif,+252610001160,House 1160 Daynile District Mogadishu,guardian1160@example.com,Father,6a76266d63e146a4e41f6870,,,6a7621e463e146a4e41f6852,2026-08-07,Somali,false
Amina,Ali,Shire,2016-01-05,Female,Abdullahi Shire,+252610001161,House 1161 Hodan District Mogadishu,guardian1161@example.com,Mother,6a76266d63e146a4e41f6870,,,6a7621e463e146a4e41f6852,2026-08-07,Somali,false
Ahmed,Ibrahim,Shire,2015-02-06,Male,Halima Shire,+252610001162,House 1162 Waberi District Mogadishu,guardian1162@example.com,Father,6a76266d63e146a4e41f6870,,,6a7621e463e146a4e41f6852,2026-08-07,Somali,false
Hodan,Abdullahi,Shire,2016-03-07,Female,Jama Shire,+252610001163,House 1163 Hamar Weyne District Mogadishu,guardian1163@example.com,Mother,6a76266d63e146a4e41f6870,,,6a7621e463e146a4e41f6852,2026-08-07,Somali,false
Mohamed,Samatar,Shire,2015-04-08,Male,Ruqiya Shire,+252610001164,House 1164 Yaqshid District Mogadishu,guardian1164@example.com,Father,6a76266d63e146a4e41f6870,,,6a7621e463e146a4e41f6852,2026-08-07,Somali,false
Sahra,Elmi,Shire,2016-05-09,Female,Ahmed Shire,+252610001165,House 1165 Karaan District Mogadishu,guardian1165@example.com,Mother,6a76266d63e146a4e41f6870,,,6a7621e463e146a4e41f6852,2026-08-07,Somali,false
Abdi,Mohamed,Shire,2015-06-10,Male,Deqa Shire,+252610001166,House 1166 Wadajir District Mogadishu,guardian1166@example.com,Father,6a76266d63e146a4e41f6870,,,6a7621e463e146a4e41f6852,2026-08-07,Somali,false
Fadumo,Farah,Shire,2016-07-11,Female,Adan Shire,+252610001167,House 1167 Dharkenley District Mogadishu,guardian1167@example.com,Mother,6a76266d63e146a4e41f6870,,,6a7621e463e146a4e41f6852,2026-08-07,Somali,false
Yusuf,Muse,Shire,2015-08-12,Male,Ikram Shire,+252610001168,House 1168 Shangani District Mogadishu,guardian1168@example.com,Father,6a76266d63e146a4e41f6870,,,6a7621e463e146a4e41f6852,2026-08-07,Somali,false
Maryan,Roble,Shire,2016-09-13,Female,Ali Shire,+252610001169,House 1169 Bondhere District Mogadishu,guardian1169@example.com,Mother,6a76266d63e146a4e41f6870,,,6a7621e463e146a4e41f6852,2026-08-07,Somali,false
Hassan,Omar,Shire,2015-10-14,Male,Yasmin Shire,+252610001170,House 1170 Daynile District Mogadishu,guardian1170@example.com,Father,6a76266d63e146a4e41f6870,,,6a7621e463e146a4e41f6852,2026-08-07,Somali,false
Halima,Osman,Shire,2016-11-15,Female,Muse Shire,+252610001171,House 1171 Hodan District Mogadishu,guardian1171@example.com,Mother,6a76266d63e146a4e41f6870,,,6a7621e463e146a4e41f6852,2026-08-07,Somali,false
Omar,Bashir,Shire,2015-12-16,Male,Khadra Shire,+252610001172,House 1172 Waberi District Mogadishu,guardian1172@example.com,Father,6a76266d63e146a4e41f6870,,,6a7621e463e146a4e41f6852,2026-08-07,Somali,false
Yasmin,Khalif,Shire,2016-01-17,Female,Omar Shire,+252610001173,House 1173 Hamar Weyne District Mogadishu,guardian1173@example.com,Mother,6a76266d63e146a4e41f6870,,,6a7621e463e146a4e41f6852,2026-08-07,Somali,false
Ali,Hassan,Shire,2015-02-18,Male,Ifrah Shire,+252610001174,House 1174 Yaqshid District Mogadishu,guardian1174@example.com,Father,6a76266d63e146a4e41f6870,,,6a7621e463e146a4e41f6852,2026-08-07,Somali,false
Ikram,Ismail,Shire,2016-03-19,Female,Said Shire,+252610001175,House 1175 Karaan District Mogadishu,guardian1175@example.com,Mother,6a76266d63e146a4e41f6870,,,6a7621e463e146a4e41f6852,2026-08-07,Somali,false
Ismail,Mahad,Shire,2015-04-20,Male,Sahra Shire,+252610001176,House 1176 Wadajir District Mogadishu,guardian1176@example.com,Father,6a76266d63e146a4e41f6870,,,6a7621e463e146a4e41f6852,2026-08-07,Somali,false
Nasteho,Abshir,Shire,2016-05-21,Female,Ismail Shire,+252610001177,House 1177 Dharkenley District Mogadishu,guardian1177@example.com,Mother,6a76266d63e146a4e41f6870,,,6a7621e463e146a4e41f6852,2026-08-07,Somali,false
Ibrahim,Aden,Shire,2015-06-22,Male,Sumaya Shire,+252610001178,House 1178 Shangani District Mogadishu,guardian1178@example.com,Father,6a76266d63e146a4e41f6870,,,6a7621e463e146a4e41f6852,2026-08-07,Somali,false
Deqa,Ahmed,Shire,2016-07-23,Female,Samatar Shire,+252610001179,House 1179 Bondhere District Mogadishu,guardian1179@example.com,Mother,6a76266d63e146a4e41f6870,,,6a7621e463e146a4e41f6852,2026-08-07,Somali,false
Zakariya,Warsame,Shire,2015-08-24,Male,Maryan Shire,+252610001180,House 1180 Daynile District Mogadishu,guardian1180@example.com,Father,6a76266d63e146a4e41f6870,,,6a7621e463e146a4e41f6852,2026-08-07,Somali,false
Asha,Daud,Shire,2016-09-25,Female,Osman Shire,+252610001181,House 1181 Hodan District Mogadishu,guardian1181@example.com,Mother,6a76266d63e146a4e41f6870,,,6a7621e463e146a4e41f6852,2026-08-07,Somali,false
Abdullahi,Guled,Shire,2015-10-26,Male,Muna Shire,+252610001182,House 1182 Waberi District Mogadishu,guardian1182@example.com,Father,6a76266d63e146a4e41f6870,,,6a7621e463e146a4e41f6852,2026-08-07,Somali,false
Khadija,Yusuf,Shire,2016-11-27,Female,Mohamed Shire,+252610001183,House 1183 Hamar Weyne District Mogadishu,guardian1183@example.com,Mother,6a76266d63e146a4e41f6870,,,6a7621e463e146a4e41f6852,2026-08-07,Somali,false
Bashir,Jama,Shire,2015-12-28,Male,Asha Shire,+252610001184,House 1184 Yaqshid District Mogadishu,guardian1184@example.com,Father,6a76266d63e146a4e41f6870,,,6a7621e463e146a4e41f6852,2026-08-07,Somali,false
Hibo,Said,Shire,2016-01-01,Female,Farah Shire,+252610001185,House 1185 Karaan District Mogadishu,guardian1185@example.com,Mother,6a76266d63e146a4e41f6870,,,6a7621e463e146a4e41f6852,2026-08-07,Somali,false
Mahad,Shire,Shire,2015-02-02,Male,Amal Shire,+252610001186,House 1186 Wadajir District Mogadishu,guardian1186@example.com,Father,6a76266d63e146a4e41f6870,,,6a7621e463e146a4e41f6852,2026-08-07,Somali,false
Rahma,Abdi,Shire,2016-03-03,Female,Yusuf Shire,+252610001187,House 1187 Dharkenley District Mogadishu,guardian1187@example.com,Mother,6a76266d63e146a4e41f6870,,,6a7621e463e146a4e41f6852,2026-08-07,Somali,false
Adan,Nur,Shire,2015-04-04,Male,Nasteho Shire,+252610001188,House 1188 Shangani District Mogadishu,guardian1188@example.com,Father,6a76266d63e146a4e41f6870,,,6a7621e463e146a4e41f6852,2026-08-07,Somali,false
Ifrah,Adan,Shire,2016-05-05,Female,Bashir Shire,+252610001189,House 1189 Bondhere District Mogadishu,guardian1189@example.com,Mother,6a76266d63e146a4e41f6870,,,6a7621e463e146a4e41f6852,2026-08-07,Somali,false
Farah,Liban,Shire,2015-06-06,Male,Khadija Shire,+252610001190,House 1190 Daynile District Mogadishu,guardian1190@example.com,Father,6a76266d63e146a4e41f6870,,,6a7621e463e146a4e41f6852,2026-08-07,Somali,false
Sumaya,Ali,Shire,2016-07-07,Female,Hassan Shire,+252610001191,House 1191 Hodan District Mogadishu,guardian1191@example.com,Mother,6a76266d63e146a4e41f6870,,,6a7621e463e146a4e41f6852,2026-08-07,Somali,false
Jama,Ibrahim,Shire,2015-08-08,Male,Rahma Shire,+252610001192,House 1192 Waberi District Mogadishu,guardian1192@example.com,Father,6a76266d63e146a4e41f6870,,,6a7621e463e146a4e41f6852,2026-08-07,Somali,false
Muna,Abdullahi,Shire,2016-09-09,Female,Warsame Shire,+252610001193,House 1193 Hamar Weyne District Mogadishu,guardian1193@example.com,Mother,6a76266d63e146a4e41f6870,,,6a7621e463e146a4e41f6852,2026-08-07,Somali,false
Osman,Samatar,Shire,2015-10-10,Male,Hawa Shire,+252610001194,House 1194 Yaqshid District Mogadishu,guardian1194@example.com,Father,6a76266d63e146a4e41f6870,,,6a7621e463e146a4e41f6852,2026-08-07,Somali,false
Ruqiya,Elmi,Shire,2016-11-11,Female,Ibrahim Shire,+252610001195,House 1195 Karaan District Mogadishu,guardian1195@example.com,Mother,6a76266d63e146a4e41f6870,,,6a7621e463e146a4e41f6852,2026-08-07,Somali,false
Said,Mohamed,Shire,2015-12-12,Male,Hibo Shire,+252610001196,House 1196 Wadajir District Mogadishu,guardian1196@example.com,Father,6a76266d63e146a4e41f6870,,,6a7621e463e146a4e41f6852,2026-08-07,Somali,false
Luul,Farah,Shire,2016-01-13,Female,Daud Shire,+252610001197,House 1197 Dharkenley District Mogadishu,guardian1197@example.com,Mother,6a76266d63e146a4e41f6870,,,6a7621e463e146a4e41f6852,2026-08-07,Somali,false
Muse,Muse,Shire,2015-02-14,Male,Fadumo Shire,+252610001198,House 1198 Shangani District Mogadishu,guardian1198@example.com,Father,6a76266d63e146a4e41f6870,,,6a7621e463e146a4e41f6852,2026-08-07,Somali,false
Amal,Roble,Shire,2016-03-15,Female,Mahad Shire,+252610001199,House 1199 Bondhere District Mogadishu,guardian1199@example.com,Mother,6a76266d63e146a4e41f6870,,,6a7621e463e146a4e41f6852,2026-08-07,Somali,false
Warsame,Omar,Shire,2015-04-16,Male,Luul Shire,+252610001200,House 1200 Daynile District Mogadishu,guardian1200@example.com,Father,6a76266d63e146a4e41f6870,,,6a7621e463e146a4e41f6852,2026-08-07,Somali,false
Amina,Osman,Roble,2016-05-17,Female,Abdullahi Roble,+252610001201,House 1201 Hodan District Mogadishu,guardian1201@example.com,Mother,6a76266d63e146a4e41f6870,,,6a7621e463e146a4e41f6852,2026-08-07,Somali,false
Ahmed,Bashir,Roble,2015-06-18,Male,Halima Roble,+252610001202,House 1202 Waberi District Mogadishu,guardian1202@example.com,Father,6a76266d63e146a4e41f6870,,,6a7621e463e146a4e41f6852,2026-08-07,Somali,false
Hodan,Khalif,Roble,2016-07-19,Female,Jama Roble,+252610001203,House 1203 Hamar Weyne District Mogadishu,guardian1203@example.com,Mother,6a76266d63e146a4e41f6870,,,6a7621e463e146a4e41f6852,2026-08-07,Somali,false
Mohamed,Hassan,Roble,2015-08-20,Male,Ruqiya Roble,+252610001204,House 1204 Yaqshid District Mogadishu,guardian1204@example.com,Father,6a76266d63e146a4e41f6870,,,6a7621e463e146a4e41f6852,2026-08-07,Somali,false
Sahra,Ismail,Roble,2016-09-21,Female,Ahmed Roble,+252610001205,House 1205 Karaan District Mogadishu,guardian1205@example.com,Mother,6a76266d63e146a4e41f6870,,,6a7621e463e146a4e41f6852,2026-08-07,Somali,false
Abdi,Mahad,Roble,2015-10-22,Male,Deqa Roble,+252610001206,House 1206 Wadajir District Mogadishu,guardian1206@example.com,Father,6a76266d63e146a4e41f6870,,,6a7621e463e146a4e41f6852,2026-08-07,Somali,false
Fadumo,Abshir,Roble,2016-11-23,Female,Adan Roble,+252610001207,House 1207 Dharkenley District Mogadishu,guardian1207@example.com,Mother,6a76266d63e146a4e41f6870,,,6a7621e463e146a4e41f6852,2026-08-07,Somali,false
Yusuf,Aden,Roble,2015-12-24,Male,Ikram Roble,+252610001208,House 1208 Shangani District Mogadishu,guardian1208@example.com,Father,6a76266d63e146a4e41f6870,,,6a7621e463e146a4e41f6852,2026-08-07,Somali,false
Maryan,Ahmed,Roble,2016-01-25,Female,Ali Roble,+252610001209,House 1209 Bondhere District Mogadishu,guardian1209@example.com,Mother,6a76266d63e146a4e41f6870,,,6a7621e463e146a4e41f6852,2026-08-07,Somali,false
Hassan,Warsame,Roble,2015-02-26,Male,Yasmin Roble,+252610001210,House 1210 Daynile District Mogadishu,guardian1210@example.com,Father,6a76266d63e146a4e41f6870,,,6a7621e463e146a4e41f6852,2026-08-07,Somali,false
Halima,Daud,Roble,2016-03-27,Female,Muse Roble,+252610001211,House 1211 Hodan District Mogadishu,guardian1211@example.com,Mother,6a76266d63e146a4e41f6870,,,6a7621e463e146a4e41f6852,2026-08-07,Somali,false
Omar,Guled,Roble,2015-04-28,Male,Khadra Roble,+252610001212,House 1212 Waberi District Mogadishu,guardian1212@example.com,Father,6a76266d63e146a4e41f6870,,,6a7621e463e146a4e41f6852,2026-08-07,Somali,false
Yasmin,Yusuf,Roble,2016-05-01,Female,Omar Roble,+252610001213,House 1213 Hamar Weyne District Mogadishu,guardian1213@example.com,Mother,6a76266d63e146a4e41f6870,,,6a7621e463e146a4e41f6852,2026-08-07,Somali,false
Ali,Jama,Roble,2015-06-02,Male,Ifrah Roble,+252610001214,House 1214 Yaqshid District Mogadishu,guardian1214@example.com,Father,6a76266d63e146a4e41f6870,,,6a7621e463e146a4e41f6852,2026-08-07,Somali,false
Ikram,Said,Roble,2016-07-03,Female,Said Roble,+252610001215,House 1215 Karaan District Mogadishu,guardian1215@example.com,Mother,6a76266d63e146a4e41f6870,,,6a7621e463e146a4e41f6852,2026-08-07,Somali,false
Ismail,Shire,Roble,2015-08-04,Male,Sahra Roble,+252610001216,House 1216 Wadajir District Mogadishu,guardian1216@example.com,Father,6a76266d63e146a4e41f6870,,,6a7621e463e146a4e41f6852,2026-08-07,Somali,false
Nasteho,Abdi,Roble,2016-09-05,Female,Ismail Roble,+252610001217,House 1217 Dharkenley District Mogadishu,guardian1217@example.com,Mother,6a76266d63e146a4e41f6870,,,6a7621e463e146a4e41f6852,2026-08-07,Somali,false
Ibrahim,Nur,Roble,2015-10-06,Male,Sumaya Roble,+252610001218,House 1218 Shangani District Mogadishu,guardian1218@example.com,Father,6a76266d63e146a4e41f6870,,,6a7621e463e146a4e41f6852,2026-08-07,Somali,false
Deqa,Adan,Roble,2016-11-07,Female,Samatar Roble,+252610001219,House 1219 Bondhere District Mogadishu,guardian1219@example.com,Mother,6a76266d63e146a4e41f6870,,,6a7621e463e146a4e41f6852,2026-08-07,Somali,false
Zakariya,Liban,Roble,2015-12-08,Male,Maryan Roble,+252610001220,House 1220 Daynile District Mogadishu,guardian1220@example.com,Father,6a76266d63e146a4e41f6870,,,6a7621e463e146a4e41f6852,2026-08-07,Somali,false
Asha,Ali,Roble,2016-01-09,Female,Osman Roble,+252610001221,House 1221 Hodan District Mogadishu,guardian1221@example.com,Mother,6a76266d63e146a4e41f6870,,,6a7621e463e146a4e41f6852,2026-08-07,Somali,false
Abdullahi,Ibrahim,Roble,2015-02-10,Male,Muna Roble,+252610001222,House 1222 Waberi District Mogadishu,guardian1222@example.com,Father,6a76266d63e146a4e41f6870,,,6a7621e463e146a4e41f6852,2026-08-07,Somali,false
Khadija,Abdullahi,Roble,2016-03-11,Female,Mohamed Roble,+252610001223,House 1223 Hamar Weyne District Mogadishu,guardian1223@example.com,Mother,6a76266d63e146a4e41f6870,,,6a7621e463e146a4e41f6852,2026-08-07,Somali,false
Bashir,Samatar,Roble,2015-04-12,Male,Asha Roble,+252610001224,House 1224 Yaqshid District Mogadishu,guardian1224@example.com,Father,6a76266d63e146a4e41f6870,,,6a7621e463e146a4e41f6852,2026-08-07,Somali,false
Hibo,Elmi,Roble,2016-05-13,Female,Farah Roble,+252610001225,House 1225 Karaan District Mogadishu,guardian1225@example.com,Mother,6a76266d63e146a4e41f6870,,,6a7621e463e146a4e41f6852,2026-08-07,Somali,false
Mahad,Mohamed,Roble,2015-06-14,Male,Amal Roble,+252610001226,House 1226 Wadajir District Mogadishu,guardian1226@example.com,Father,6a76266d63e146a4e41f6870,,,6a7621e463e146a4e41f6852,2026-08-07,Somali,false
Rahma,Farah,Roble,2016-07-15,Female,Yusuf Roble,+252610001227,House 1227 Dharkenley District Mogadishu,guardian1227@example.com,Mother,6a76266d63e146a4e41f6870,,,6a7621e463e146a4e41f6852,2026-08-07,Somali,false
Adan,Muse,Roble,2015-08-16,Male,Nasteho Roble,+252610001228,House 1228 Shangani District Mogadishu,guardian1228@example.com,Father,6a76266d63e146a4e41f6870,,,6a7621e463e146a4e41f6852,2026-08-07,Somali,false
Ifrah,Roble,Roble,2016-09-17,Female,Bashir Roble,+252610001229,House 1229 Bondhere District Mogadishu,guardian1229@example.com,Mother,6a76266d63e146a4e41f6870,,,6a7621e463e146a4e41f6852,2026-08-07,Somali,false
Farah,Omar,Roble,2015-10-18,Male,Khadija Roble,+252610001230,House 1230 Daynile District Mogadishu,guardian1230@example.com,Father,6a76266d63e146a4e41f6870,,,6a7621e463e146a4e41f6852,2026-08-07,Somali,false
Sumaya,Osman,Roble,2016-11-19,Female,Hassan Roble,+252610001231,House 1231 Hodan District Mogadishu,guardian1231@example.com,Mother,6a76266d63e146a4e41f6870,,,6a7621e463e146a4e41f6852,2026-08-07,Somali,false
Jama,Bashir,Roble,2015-12-20,Male,Rahma Roble,+252610001232,House 1232 Waberi District Mogadishu,guardian1232@example.com,Father,6a76266d63e146a4e41f6870,,,6a7621e463e146a4e41f6852,2026-08-07,Somali,false
Muna,Khalif,Roble,2016-01-21,Female,Warsame Roble,+252610001233,House 1233 Hamar Weyne District Mogadishu,guardian1233@example.com,Mother,6a76266d63e146a4e41f6870,,,6a7621e463e146a4e41f6852,2026-08-07,Somali,false
Osman,Hassan,Roble,2015-02-22,Male,Hawa Roble,+252610001234,House 1234 Yaqshid District Mogadishu,guardian1234@example.com,Father,6a76266d63e146a4e41f6870,,,6a7621e463e146a4e41f6852,2026-08-07,Somali,false
Ruqiya,Ismail,Roble,2016-03-23,Female,Ibrahim Roble,+252610001235,House 1235 Karaan District Mogadishu,guardian1235@example.com,Mother,6a76266d63e146a4e41f6870,,,6a7621e463e146a4e41f6852,2026-08-07,Somali,false
Said,Mahad,Roble,2015-04-24,Male,Hibo Roble,+252610001236,House 1236 Wadajir District Mogadishu,guardian1236@example.com,Father,6a76266d63e146a4e41f6870,,,6a7621e463e146a4e41f6852,2026-08-07,Somali,false
Luul,Abshir,Roble,2016-05-25,Female,Daud Roble,+252610001237,House 1237 Dharkenley District Mogadishu,guardian1237@example.com,Mother,6a76266d63e146a4e41f6870,,,6a7621e463e146a4e41f6852,2026-08-07,Somali,false
Muse,Aden,Roble,2015-06-26,Male,Fadumo Roble,+252610001238,House 1238 Shangani District Mogadishu,guardian1238@example.com,Father,6a76266d63e146a4e41f6870,,,6a7621e463e146a4e41f6852,2026-08-07,Somali,false
Amal,Ahmed,Roble,2016-07-27,Female,Mahad Roble,+252610001239,House 1239 Bondhere District Mogadishu,guardian1239@example.com,Mother,6a76266d63e146a4e41f6870,,,6a7621e463e146a4e41f6852,2026-08-07,Somali,false
Warsame,Warsame,Roble,2015-08-28,Male,Luul Roble,+252610001240,House 1240 Daynile District Mogadishu,guardian1240@example.com,Father,6a76266d63e146a4e41f6870,,,6a7621e463e146a4e41f6852,2026-08-07,Somali,false
Amina,Daud,Guled,2016-09-01,Female,Abdullahi Guled,+252610001241,House 1241 Hodan District Mogadishu,guardian1241@example.com,Mother,6a76266d63e146a4e41f6870,,,6a7621e463e146a4e41f6852,2026-08-07,Somali,false
Ahmed,Guled,Guled,2015-10-02,Male,Halima Guled,+252610001242,House 1242 Waberi District Mogadishu,guardian1242@example.com,Father,6a76266d63e146a4e41f6870,,,6a7621e463e146a4e41f6852,2026-08-07,Somali,false
Hodan,Yusuf,Guled,2016-11-03,Female,Jama Guled,+252610001243,House 1243 Hamar Weyne District Mogadishu,guardian1243@example.com,Mother,6a76266d63e146a4e41f6870,,,6a7621e463e146a4e41f6852,2026-08-07,Somali,false
Mohamed,Jama,Guled,2015-12-04,Male,Ruqiya Guled,+252610001244,House 1244 Yaqshid District Mogadishu,guardian1244@example.com,Father,6a76266d63e146a4e41f6870,,,6a7621e463e146a4e41f6852,2026-08-07,Somali,false
Sahra,Said,Guled,2016-01-05,Female,Ahmed Guled,+252610001245,House 1245 Karaan District Mogadishu,guardian1245@example.com,Mother,6a76266d63e146a4e41f6870,,,6a7621e463e146a4e41f6852,2026-08-07,Somali,false
Abdi,Shire,Guled,2015-02-06,Male,Deqa Guled,+252610001246,House 1246 Wadajir District Mogadishu,guardian1246@example.com,Father,6a76266d63e146a4e41f6870,,,6a7621e463e146a4e41f6852,2026-08-07,Somali,false
Fadumo,Abdi,Guled,2016-03-07,Female,Adan Guled,+252610001247,House 1247 Dharkenley District Mogadishu,guardian1247@example.com,Mother,6a76266d63e146a4e41f6870,,,6a7621e463e146a4e41f6852,2026-08-07,Somali,false
Yusuf,Nur,Guled,2015-04-08,Male,Ikram Guled,+252610001248,House 1248 Shangani District Mogadishu,guardian1248@example.com,Father,6a76266d63e146a4e41f6870,,,6a7621e463e146a4e41f6852,2026-08-07,Somali,false
Maryan,Adan,Guled,2016-05-09,Female,Ali Guled,+252610001249,House 1249 Bondhere District Mogadishu,guardian1249@example.com,Mother,6a76266d63e146a4e41f6870,,,6a7621e463e146a4e41f6852,2026-08-07,Somali,false
Hassan,Liban,Guled,2015-06-10,Male,Yasmin Guled,+252610001250,House 1250 Daynile District Mogadishu,guardian1250@example.com,Father,6a76266d63e146a4e41f6870,,,6a7621e463e146a4e41f6852,2026-08-07,Somali,false
Halima,Ali,Guled,2016-07-11,Female,Muse Guled,+252610001251,House 1251 Hodan District Mogadishu,guardian1251@example.com,Mother,6a76266d63e146a4e41f6870,,,6a7621e463e146a4e41f6852,2026-08-07,Somali,false
Omar,Ibrahim,Guled,2015-08-12,Male,Khadra Guled,+252610001252,House 1252 Waberi District Mogadishu,guardian1252@example.com,Father,6a76266d63e146a4e41f6870,,,6a7621e463e146a4e41f6852,2026-08-07,Somali,false
Yasmin,Abdullahi,Guled,2016-09-13,Female,Omar Guled,+252610001253,House 1253 Hamar Weyne District Mogadishu,guardian1253@example.com,Mother,6a76266d63e146a4e41f6870,,,6a7621e463e146a4e41f6852,2026-08-07,Somali,false
Ali,Samatar,Guled,2015-10-14,Male,Ifrah Guled,+252610001254,House 1254 Yaqshid District Mogadishu,guardian1254@example.com,Father,6a76266d63e146a4e41f6870,,,6a7621e463e146a4e41f6852,2026-08-07,Somali,false
Ikram,Elmi,Guled,2016-11-15,Female,Said Guled,+252610001255,House 1255 Karaan District Mogadishu,guardian1255@example.com,Mother,6a76266d63e146a4e41f6870,,,6a7621e463e146a4e41f6852,2026-08-07,Somali,false
Ismail,Mohamed,Guled,2015-12-16,Male,Sahra Guled,+252610001256,House 1256 Wadajir District Mogadishu,guardian1256@example.com,Father,6a76266d63e146a4e41f6870,,,6a7621e463e146a4e41f6852,2026-08-07,Somali,false
Nasteho,Farah,Guled,2016-01-17,Female,Ismail Guled,+252610001257,House 1257 Dharkenley District Mogadishu,guardian1257@example.com,Mother,6a76266d63e146a4e41f6870,,,6a7621e463e146a4e41f6852,2026-08-07,Somali,false
Ibrahim,Muse,Guled,2015-02-18,Male,Sumaya Guled,+252610001258,House 1258 Shangani District Mogadishu,guardian1258@example.com,Father,6a76266d63e146a4e41f6870,,,6a7621e463e146a4e41f6852,2026-08-07,Somali,false
Deqa,Roble,Guled,2016-03-19,Female,Samatar Guled,+252610001259,House 1259 Bondhere District Mogadishu,guardian1259@example.com,Mother,6a76266d63e146a4e41f6870,,,6a7621e463e146a4e41f6852,2026-08-07,Somali,false
Zakariya,Omar,Guled,2015-04-20,Male,Maryan Guled,+252610001260,House 1260 Daynile District Mogadishu,guardian1260@example.com,Father,6a76266d63e146a4e41f6870,,,6a7621e463e146a4e41f6852,2026-08-07,Somali,false
Asha,Osman,Guled,2016-05-21,Female,Osman Guled,+252610001261,House 1261 Hodan District Mogadishu,guardian1261@example.com,Mother,6a76266d63e146a4e41f6870,,,6a7621e463e146a4e41f6852,2026-08-07,Somali,false
Abdullahi,Bashir,Guled,2015-06-22,Male,Muna Guled,+252610001262,House 1262 Waberi District Mogadishu,guardian1262@example.com,Father,6a76266d63e146a4e41f6870,,,6a7621e463e146a4e41f6852,2026-08-07,Somali,false
Khadija,Khalif,Guled,2016-07-23,Female,Mohamed Guled,+252610001263,House 1263 Hamar Weyne District Mogadishu,guardian1263@example.com,Mother,6a76266d63e146a4e41f6870,,,6a7621e463e146a4e41f6852,2026-08-07,Somali,false
Bashir,Hassan,Guled,2015-08-24,Male,Asha Guled,+252610001264,House 1264 Yaqshid District Mogadishu,guardian1264@example.com,Father,6a76266d63e146a4e41f6870,,,6a7621e463e146a4e41f6852,2026-08-07,Somali,false
Hibo,Ismail,Guled,2016-09-25,Female,Farah Guled,+252610001265,House 1265 Karaan District Mogadishu,guardian1265@example.com,Mother,6a76266d63e146a4e41f6870,,,6a7621e463e146a4e41f6852,2026-08-07,Somali,false
Mahad,Mahad,Guled,2015-10-26,Male,Amal Guled,+252610001266,House 1266 Wadajir District Mogadishu,guardian1266@example.com,Father,6a76266d63e146a4e41f6870,,,6a7621e463e146a4e41f6852,2026-08-07,Somali,false
Rahma,Abshir,Guled,2016-11-27,Female,Yusuf Guled,+252610001267,House 1267 Dharkenley District Mogadishu,guardian1267@example.com,Mother,6a76266d63e146a4e41f6870,,,6a7621e463e146a4e41f6852,2026-08-07,Somali,false
Adan,Aden,Guled,2015-12-28,Male,Nasteho Guled,+252610001268,House 1268 Shangani District Mogadishu,guardian1268@example.com,Father,6a76266d63e146a4e41f6870,,,6a7621e463e146a4e41f6852,2026-08-07,Somali,false
Ifrah,Ahmed,Guled,2016-01-01,Female,Bashir Guled,+252610001269,House 1269 Bondhere District Mogadishu,guardian1269@example.com,Mother,6a76266d63e146a4e41f6870,,,6a7621e463e146a4e41f6852,2026-08-07,Somali,false
Farah,Warsame,Guled,2015-02-02,Male,Khadija Guled,+252610001270,House 1270 Daynile District Mogadishu,guardian1270@example.com,Father,6a76266d63e146a4e41f6870,,,6a7621e463e146a4e41f6852,2026-08-07,Somali,false
Sumaya,Daud,Guled,2016-03-03,Female,Hassan Guled,+252610001271,House 1271 Hodan District Mogadishu,guardian1271@example.com,Mother,6a76266d63e146a4e41f6870,,,6a7621e463e146a4e41f6852,2026-08-07,Somali,false
Jama,Guled,Guled,2015-04-04,Male,Rahma Guled,+252610001272,House 1272 Waberi District Mogadishu,guardian1272@example.com,Father,6a76266d63e146a4e41f6870,,,6a7621e463e146a4e41f6852,2026-08-07,Somali,false
Muna,Yusuf,Guled,2016-05-05,Female,Warsame Guled,+252610001273,House 1273 Hamar Weyne District Mogadishu,guardian1273@example.com,Mother,6a76266d63e146a4e41f6870,,,6a7621e463e146a4e41f6852,2026-08-07,Somali,false
Osman,Jama,Guled,2015-06-06,Male,Hawa Guled,+252610001274,House 1274 Yaqshid District Mogadishu,guardian1274@example.com,Father,6a76266d63e146a4e41f6870,,,6a7621e463e146a4e41f6852,2026-08-07,Somali,false
Ruqiya,Said,Guled,2016-07-07,Female,Ibrahim Guled,+252610001275,House 1275 Karaan District Mogadishu,guardian1275@example.com,Mother,6a76266d63e146a4e41f6870,,,6a7621e463e146a4e41f6852,2026-08-07,Somali,false
Said,Shire,Guled,2015-08-08,Male,Hibo Guled,+252610001276,House 1276 Wadajir District Mogadishu,guardian1276@example.com,Father,6a76266d63e146a4e41f6870,,,6a7621e463e146a4e41f6852,2026-08-07,Somali,false
Luul,Abdi,Guled,2016-09-09,Female,Daud Guled,+252610001277,House 1277 Dharkenley District Mogadishu,guardian1277@example.com,Mother,6a76266d63e146a4e41f6870,,,6a7621e463e146a4e41f6852,2026-08-07,Somali,false
Muse,Nur,Guled,2015-10-10,Male,Fadumo Guled,+252610001278,House 1278 Shangani District Mogadishu,guardian1278@example.com,Father,6a76266d63e146a4e41f6870,,,6a7621e463e146a4e41f6852,2026-08-07,Somali,false
Amal,Adan,Guled,2016-11-11,Female,Mahad Guled,+252610001279,House 1279 Bondhere District Mogadishu,guardian1279@example.com,Mother,6a76266d63e146a4e41f6870,,,6a7621e463e146a4e41f6852,2026-08-07,Somali,false
Warsame,Liban,Guled,2015-12-12,Male,Luul Guled,+252610001280,House 1280 Daynile District Mogadishu,guardian1280@example.com,Father,6a76266d63e146a4e41f6870,,,6a7621e463e146a4e41f6852,2026-08-07,Somali,false
Amina,Ali,Elmi,2016-01-13,Female,Abdullahi Elmi,+252610001281,House 1281 Hodan District Mogadishu,guardian1281@example.com,Mother,6a76266d63e146a4e41f6870,,,6a7621e463e146a4e41f6852,2026-08-07,Somali,false
Ahmed,Ibrahim,Elmi,2015-02-14,Male,Halima Elmi,+252610001282,House 1282 Waberi District Mogadishu,guardian1282@example.com,Father,6a76266d63e146a4e41f6870,,,6a7621e463e146a4e41f6852,2026-08-07,Somali,false
Hodan,Abdullahi,Elmi,2016-03-15,Female,Jama Elmi,+252610001283,House 1283 Hamar Weyne District Mogadishu,guardian1283@example.com,Mother,6a76266d63e146a4e41f6870,,,6a7621e463e146a4e41f6852,2026-08-07,Somali,false
Mohamed,Samatar,Elmi,2015-04-16,Male,Ruqiya Elmi,+252610001284,House 1284 Yaqshid District Mogadishu,guardian1284@example.com,Father,6a76266d63e146a4e41f6870,,,6a7621e463e146a4e41f6852,2026-08-07,Somali,false
Sahra,Elmi,Elmi,2016-05-17,Female,Ahmed Elmi,+252610001285,House 1285 Karaan District Mogadishu,guardian1285@example.com,Mother,6a76266d63e146a4e41f6870,,,6a7621e463e146a4e41f6852,2026-08-07,Somali,false
Abdi,Mohamed,Elmi,2015-06-18,Male,Deqa Elmi,+252610001286,House 1286 Wadajir District Mogadishu,guardian1286@example.com,Father,6a76266d63e146a4e41f6870,,,6a7621e463e146a4e41f6852,2026-08-07,Somali,false
Fadumo,Farah,Elmi,2016-07-19,Female,Adan Elmi,+252610001287,House 1287 Dharkenley District Mogadishu,guardian1287@example.com,Mother,6a76266d63e146a4e41f6870,,,6a7621e463e146a4e41f6852,2026-08-07,Somali,false
Yusuf,Muse,Elmi,2015-08-20,Male,Ikram Elmi,+252610001288,House 1288 Shangani District Mogadishu,guardian1288@example.com,Father,6a76266d63e146a4e41f6870,,,6a7621e463e146a4e41f6852,2026-08-07,Somali,false
Maryan,Roble,Elmi,2016-09-21,Female,Ali Elmi,+252610001289,House 1289 Bondhere District Mogadishu,guardian1289@example.com,Mother,6a76266d63e146a4e41f6870,,,6a7621e463e146a4e41f6852,2026-08-07,Somali,false
Hassan,Omar,Elmi,2015-10-22,Male,Yasmin Elmi,+252610001290,House 1290 Daynile District Mogadishu,guardian1290@example.com,Father,6a76266d63e146a4e41f6870,,,6a7621e463e146a4e41f6852,2026-08-07,Somali,false
Halima,Osman,Elmi,2016-11-23,Female,Muse Elmi,+252610001291,House 1291 Hodan District Mogadishu,guardian1291@example.com,Mother,6a76266d63e146a4e41f6870,,,6a7621e463e146a4e41f6852,2026-08-07,Somali,false
Omar,Bashir,Elmi,2015-12-24,Male,Khadra Elmi,+252610001292,House 1292 Waberi District Mogadishu,guardian1292@example.com,Father,6a76266d63e146a4e41f6870,,,6a7621e463e146a4e41f6852,2026-08-07,Somali,false
Yasmin,Khalif,Elmi,2016-01-25,Female,Omar Elmi,+252610001293,House 1293 Hamar Weyne District Mogadishu,guardian1293@example.com,Mother,6a76266d63e146a4e41f6870,,,6a7621e463e146a4e41f6852,2026-08-07,Somali,false
Ali,Hassan,Elmi,2015-02-26,Male,Ifrah Elmi,+252610001294,House 1294 Yaqshid District Mogadishu,guardian1294@example.com,Father,6a76266d63e146a4e41f6870,,,6a7621e463e146a4e41f6852,2026-08-07,Somali,false
Ikram,Ismail,Elmi,2016-03-27,Female,Said Elmi,+252610001295,House 1295 Karaan District Mogadishu,guardian1295@example.com,Mother,6a76266d63e146a4e41f6870,,,6a7621e463e146a4e41f6852,2026-08-07,Somali,false
Ismail,Mahad,Elmi,2015-04-28,Male,Sahra Elmi,+252610001296,House 1296 Wadajir District Mogadishu,guardian1296@example.com,Father,6a76266d63e146a4e41f6870,,,6a7621e463e146a4e41f6852,2026-08-07,Somali,false
Nasteho,Abshir,Elmi,2016-05-01,Female,Ismail Elmi,+252610001297,House 1297 Dharkenley District Mogadishu,guardian1297@example.com,Mother,6a76266d63e146a4e41f6870,,,6a7621e463e146a4e41f6852,2026-08-07,Somali,false
Ibrahim,Aden,Elmi,2015-06-02,Male,Sumaya Elmi,+252610001298,House 1298 Shangani District Mogadishu,guardian1298@example.com,Father,6a76266d63e146a4e41f6870,,,6a7621e463e146a4e41f6852,2026-08-07,Somali,false
Deqa,Ahmed,Elmi,2016-07-03,Female,Samatar Elmi,+252610001299,House 1299 Bondhere District Mogadishu,guardian1299@example.com,Mother,6a76266d63e146a4e41f6870,,,6a7621e463e146a4e41f6852,2026-08-07,Somali,false
Zakariya,Warsame,Elmi,2015-08-04,Male,Maryan Elmi,+252610001300,House 1300 Daynile District Mogadishu,guardian1300@example.com,Father,6a76266d63e146a4e41f6870,,,6a7621e463e146a4e41f6852,2026-08-07,Somali,false
Asha,Daud,Elmi,2016-09-05,Female,Osman Elmi,+252610001301,House 1301 Hodan District Mogadishu,guardian1301@example.com,Mother,6a76266d63e146a4e41f6870,,,6a7621e463e146a4e41f6852,2026-08-07,Somali,false
Abdullahi,Guled,Elmi,2015-10-06,Male,Muna Elmi,+252610001302,House 1302 Waberi District Mogadishu,guardian1302@example.com,Father,6a76266d63e146a4e41f6870,,,6a7621e463e146a4e41f6852,2026-08-07,Somali,false
Khadija,Yusuf,Elmi,2016-11-07,Female,Mohamed Elmi,+252610001303,House 1303 Hamar Weyne District Mogadishu,guardian1303@example.com,Mother,6a76266d63e146a4e41f6870,,,6a7621e463e146a4e41f6852,2026-08-07,Somali,false
Bashir,Jama,Elmi,2015-12-08,Male,Asha Elmi,+252610001304,House 1304 Yaqshid District Mogadishu,guardian1304@example.com,Father,6a76266d63e146a4e41f6870,,,6a7621e463e146a4e41f6852,2026-08-07,Somali,false
Hibo,Said,Elmi,2016-01-09,Female,Farah Elmi,+252610001305,House 1305 Karaan District Mogadishu,guardian1305@example.com,Mother,6a76266d63e146a4e41f6870,,,6a7621e463e146a4e41f6852,2026-08-07,Somali,false
Mahad,Shire,Elmi,2015-02-10,Male,Amal Elmi,+252610001306,House 1306 Wadajir District Mogadishu,guardian1306@example.com,Father,6a76266d63e146a4e41f6870,,,6a7621e463e146a4e41f6852,2026-08-07,Somali,false
Rahma,Abdi,Elmi,2016-03-11,Female,Yusuf Elmi,+252610001307,House 1307 Dharkenley District Mogadishu,guardian1307@example.com,Mother,6a76266d63e146a4e41f6870,,,6a7621e463e146a4e41f6852,2026-08-07,Somali,false
Adan,Nur,Elmi,2015-04-12,Male,Nasteho Elmi,+252610001308,House 1308 Shangani District Mogadishu,guardian1308@example.com,Father,6a76266d63e146a4e41f6870,,,6a7621e463e146a4e41f6852,2026-08-07,Somali,false
Ifrah,Adan,Elmi,2016-05-13,Female,Bashir Elmi,+252610001309,House 1309 Bondhere District Mogadishu,guardian1309@example.com,Mother,6a76266d63e146a4e41f6870,,,6a7621e463e146a4e41f6852,2026-08-07,Somali,false
Farah,Liban,Elmi,2015-06-14,Male,Khadija Elmi,+252610001310,House 1310 Daynile District Mogadishu,guardian1310@example.com,Father,6a76266d63e146a4e41f6870,,,6a7621e463e146a4e41f6852,2026-08-07,Somali,false
Sumaya,Ali,Elmi,2016-07-15,Female,Hassan Elmi,+252610001311,House 1311 Hodan District Mogadishu,guardian1311@example.com,Mother,6a76266d63e146a4e41f6870,,,6a7621e463e146a4e41f6852,2026-08-07,Somali,false
Jama,Ibrahim,Elmi,2015-08-16,Male,Rahma Elmi,+252610001312,House 1312 Waberi District Mogadishu,guardian1312@example.com,Father,6a76266d63e146a4e41f6870,,,6a7621e463e146a4e41f6852,2026-08-07,Somali,false
Muna,Abdullahi,Elmi,2016-09-17,Female,Warsame Elmi,+252610001313,House 1313 Hamar Weyne District Mogadishu,guardian1313@example.com,Mother,6a76266d63e146a4e41f6870,,,6a7621e463e146a4e41f6852,2026-08-07,Somali,false
Osman,Samatar,Elmi,2015-10-18,Male,Hawa Elmi,+252610001314,House 1314 Yaqshid District Mogadishu,guardian1314@example.com,Father,6a76266d63e146a4e41f6870,,,6a7621e463e146a4e41f6852,2026-08-07,Somali,false
Ruqiya,Elmi,Elmi,2016-11-19,Female,Ibrahim Elmi,+252610001315,House 1315 Karaan District Mogadishu,guardian1315@example.com,Mother,6a76266d63e146a4e41f6870,,,6a7621e463e146a4e41f6852,2026-08-07,Somali,false
Said,Mohamed,Elmi,2015-12-20,Male,Hibo Elmi,+252610001316,House 1316 Wadajir District Mogadishu,guardian1316@example.com,Father,6a76266d63e146a4e41f6870,,,6a7621e463e146a4e41f6852,2026-08-07,Somali,false
Luul,Farah,Elmi,2016-01-21,Female,Daud Elmi,+252610001317,House 1317 Dharkenley District Mogadishu,guardian1317@example.com,Mother,6a76266d63e146a4e41f6870,,,6a7621e463e146a4e41f6852,2026-08-07,Somali,false
Muse,Muse,Elmi,2015-02-22,Male,Fadumo Elmi,+252610001318,House 1318 Shangani District Mogadishu,guardian1318@example.com,Father,6a76266d63e146a4e41f6870,,,6a7621e463e146a4e41f6852,2026-08-07,Somali,false
Amal,Roble,Elmi,2016-03-23,Female,Mahad Elmi,+252610001319,House 1319 Bondhere District Mogadishu,guardian1319@example.com,Mother,6a76266d63e146a4e41f6870,,,6a7621e463e146a4e41f6852,2026-08-07,Somali,false
Warsame,Omar,Elmi,2015-04-24,Male,Luul Elmi,+252610001320,House 1320 Daynile District Mogadishu,guardian1320@example.com,Father,6a76266d63e146a4e41f6870,,,6a7621e463e146a4e41f6852,2026-08-07,Somali,false
Amina,Osman,Aden,2016-05-25,Female,Abdullahi Aden,+252610001321,House 1321 Hodan District Mogadishu,guardian1321@example.com,Mother,6a76266d63e146a4e41f6870,,,6a7621e463e146a4e41f6852,2026-08-07,Somali,false
Ahmed,Bashir,Aden,2015-06-26,Male,Halima Aden,+252610001322,House 1322 Waberi District Mogadishu,guardian1322@example.com,Father,6a76266d63e146a4e41f6870,,,6a7621e463e146a4e41f6852,2026-08-07,Somali,false
Hodan,Khalif,Aden,2016-07-27,Female,Jama Aden,+252610001323,House 1323 Hamar Weyne District Mogadishu,guardian1323@example.com,Mother,6a76266d63e146a4e41f6870,,,6a7621e463e146a4e41f6852,2026-08-07,Somali,false
Mohamed,Hassan,Aden,2015-08-28,Male,Ruqiya Aden,+252610001324,House 1324 Yaqshid District Mogadishu,guardian1324@example.com,Father,6a76266d63e146a4e41f6870,,,6a7621e463e146a4e41f6852,2026-08-07,Somali,false
Sahra,Ismail,Aden,2016-09-01,Female,Ahmed Aden,+252610001325,House 1325 Karaan District Mogadishu,guardian1325@example.com,Mother,6a76266d63e146a4e41f6870,,,6a7621e463e146a4e41f6852,2026-08-07,Somali,false
Abdi,Mahad,Aden,2015-10-02,Male,Deqa Aden,+252610001326,House 1326 Wadajir District Mogadishu,guardian1326@example.com,Father,6a76266d63e146a4e41f6870,,,6a7621e463e146a4e41f6852,2026-08-07,Somali,false
Fadumo,Abshir,Aden,2016-11-03,Female,Adan Aden,+252610001327,House 1327 Dharkenley District Mogadishu,guardian1327@example.com,Mother,6a76266d63e146a4e41f6870,,,6a7621e463e146a4e41f6852,2026-08-07,Somali,false
Yusuf,Aden,Aden,2015-12-04,Male,Ikram Aden,+252610001328,House 1328 Shangani District Mogadishu,guardian1328@example.com,Father,6a76266d63e146a4e41f6870,,,6a7621e463e146a4e41f6852,2026-08-07,Somali,false
Maryan,Ahmed,Aden,2016-01-05,Female,Ali Aden,+252610001329,House 1329 Bondhere District Mogadishu,guardian1329@example.com,Mother,6a76266d63e146a4e41f6870,,,6a7621e463e146a4e41f6852,2026-08-07,Somali,false
Hassan,Warsame,Aden,2015-02-06,Male,Yasmin Aden,+252610001330,House 1330 Daynile District Mogadishu,guardian1330@example.com,Father,6a76266d63e146a4e41f6870,,,6a7621e463e146a4e41f6852,2026-08-07,Somali,false
Halima,Daud,Aden,2016-03-07,Female,Muse Aden,+252610001331,House 1331 Hodan District Mogadishu,guardian1331@example.com,Mother,6a76266d63e146a4e41f6870,,,6a7621e463e146a4e41f6852,2026-08-07,Somali,false
Omar,Guled,Aden,2015-04-08,Male,Khadra Aden,+252610001332,House 1332 Waberi District Mogadishu,guardian1332@example.com,Father,6a76266d63e146a4e41f6870,,,6a7621e463e146a4e41f6852,2026-08-07,Somali,false
Yasmin,Yusuf,Aden,2016-05-09,Female,Omar Aden,+252610001333,House 1333 Hamar Weyne District Mogadishu,guardian1333@example.com,Mother,6a76266d63e146a4e41f6870,,,6a7621e463e146a4e41f6852,2026-08-07,Somali,false
Ali,Jama,Aden,2015-06-10,Male,Ifrah Aden,+252610001334,House 1334 Yaqshid District Mogadishu,guardian1334@example.com,Father,6a76266d63e146a4e41f6870,,,6a7621e463e146a4e41f6852,2026-08-07,Somali,false
Ikram,Said,Aden,2016-07-11,Female,Said Aden,+252610001335,House 1335 Karaan District Mogadishu,guardian1335@example.com,Mother,6a76266d63e146a4e41f6870,,,6a7621e463e146a4e41f6852,2026-08-07,Somali,false
Ismail,Shire,Aden,2015-08-12,Male,Sahra Aden,+252610001336,House 1336 Wadajir District Mogadishu,guardian1336@example.com,Father,6a76266d63e146a4e41f6870,,,6a7621e463e146a4e41f6852,2026-08-07,Somali,false
Nasteho,Abdi,Aden,2016-09-13,Female,Ismail Aden,+252610001337,House 1337 Dharkenley District Mogadishu,guardian1337@example.com,Mother,6a76266d63e146a4e41f6870,,,6a7621e463e146a4e41f6852,2026-08-07,Somali,false
Ibrahim,Nur,Aden,2015-10-14,Male,Sumaya Aden,+252610001338,House 1338 Shangani District Mogadishu,guardian1338@example.com,Father,6a76266d63e146a4e41f6870,,,6a7621e463e146a4e41f6852,2026-08-07,Somali,false
Deqa,Adan,Aden,2016-11-15,Female,Samatar Aden,+252610001339,House 1339 Bondhere District Mogadishu,guardian1339@example.com,Mother,6a76266d63e146a4e41f6870,,,6a7621e463e146a4e41f6852,2026-08-07,Somali,false
Zakariya,Liban,Aden,2015-12-16,Male,Maryan Aden,+252610001340,House 1340 Daynile District Mogadishu,guardian1340@example.com,Father,6a76266d63e146a4e41f6870,,,6a7621e463e146a4e41f6852,2026-08-07,Somali,false
Asha,Ali,Aden,2016-01-17,Female,Osman Aden,+252610001341,House 1341 Hodan District Mogadishu,guardian1341@example.com,Mother,6a76266d63e146a4e41f6870,,,6a7621e463e146a4e41f6852,2026-08-07,Somali,false
Abdullahi,Ibrahim,Aden,2015-02-18,Male,Muna Aden,+252610001342,House 1342 Waberi District Mogadishu,guardian1342@example.com,Father,6a76266d63e146a4e41f6870,,,6a7621e463e146a4e41f6852,2026-08-07,Somali,false
Khadija,Abdullahi,Aden,2016-03-19,Female,Mohamed Aden,+252610001343,House 1343 Hamar Weyne District Mogadishu,guardian1343@example.com,Mother,6a76266d63e146a4e41f6870,,,6a7621e463e146a4e41f6852,2026-08-07,Somali,false
Bashir,Samatar,Aden,2015-04-20,Male,Asha Aden,+252610001344,House 1344 Yaqshid District Mogadishu,guardian1344@example.com,Father,6a76266d63e146a4e41f6870,,,6a7621e463e146a4e41f6852,2026-08-07,Somali,false
Hibo,Elmi,Aden,2016-05-21,Female,Farah Aden,+252610001345,House 1345 Karaan District Mogadishu,guardian1345@example.com,Mother,6a76266d63e146a4e41f6870,,,6a7621e463e146a4e41f6852,2026-08-07,Somali,false
Mahad,Mohamed,Aden,2015-06-22,Male,Amal Aden,+252610001346,House 1346 Wadajir District Mogadishu,guardian1346@example.com,Father,6a76266d63e146a4e41f6870,,,6a7621e463e146a4e41f6852,2026-08-07,Somali,false
Rahma,Farah,Aden,2016-07-23,Female,Yusuf Aden,+252610001347,House 1347 Dharkenley District Mogadishu,guardian1347@example.com,Mother,6a76266d63e146a4e41f6870,,,6a7621e463e146a4e41f6852,2026-08-07,Somali,false
Adan,Muse,Aden,2015-08-24,Male,Nasteho Aden,+252610001348,House 1348 Shangani District Mogadishu,guardian1348@example.com,Father,6a76266d63e146a4e41f6870,,,6a7621e463e146a4e41f6852,2026-08-07,Somali,false
Ifrah,Roble,Aden,2016-09-25,Female,Bashir Aden,+252610001349,House 1349 Bondhere District Mogadishu,guardian1349@example.com,Mother,6a76266d63e146a4e41f6870,,,6a7621e463e146a4e41f6852,2026-08-07,Somali,false
Farah,Omar,Aden,2015-10-26,Male,Khadija Aden,+252610001350,House 1350 Daynile District Mogadishu,guardian1350@example.com,Father,6a76266d63e146a4e41f6870,,,6a7621e463e146a4e41f6852,2026-08-07,Somali,false
Sumaya,Osman,Aden,2016-11-27,Female,Hassan Aden,+252610001351,House 1351 Hodan District Mogadishu,guardian1351@example.com,Mother,6a76266d63e146a4e41f6870,,,6a7621e463e146a4e41f6852,2026-08-07,Somali,false
Jama,Bashir,Aden,2015-12-28,Male,Rahma Aden,+252610001352,House 1352 Waberi District Mogadishu,guardian1352@example.com,Father,6a76266d63e146a4e41f6870,,,6a7621e463e146a4e41f6852,2026-08-07,Somali,false
Muna,Khalif,Aden,2016-01-01,Female,Warsame Aden,+252610001353,House 1353 Hamar Weyne District Mogadishu,guardian1353@example.com,Mother,6a76266d63e146a4e41f6870,,,6a7621e463e146a4e41f6852,2026-08-07,Somali,false
Osman,Hassan,Aden,2015-02-02,Male,Hawa Aden,+252610001354,House 1354 Yaqshid District Mogadishu,guardian1354@example.com,Father,6a76266d63e146a4e41f6870,,,6a7621e463e146a4e41f6852,2026-08-07,Somali,false
Ruqiya,Ismail,Aden,2016-03-03,Female,Ibrahim Aden,+252610001355,House 1355 Karaan District Mogadishu,guardian1355@example.com,Mother,6a76266d63e146a4e41f6870,,,6a7621e463e146a4e41f6852,2026-08-07,Somali,false
Said,Mahad,Aden,2015-04-04,Male,Hibo Aden,+252610001356,House 1356 Wadajir District Mogadishu,guardian1356@example.com,Father,6a76266d63e146a4e41f6870,,,6a7621e463e146a4e41f6852,2026-08-07,Somali,false
Luul,Abshir,Aden,2016-05-05,Female,Daud Aden,+252610001357,House 1357 Dharkenley District Mogadishu,guardian1357@example.com,Mother,6a76266d63e146a4e41f6870,,,6a7621e463e146a4e41f6852,2026-08-07,Somali,false
Muse,Aden,Aden,2015-06-06,Male,Fadumo Aden,+252610001358,House 1358 Shangani District Mogadishu,guardian1358@example.com,Father,6a76266d63e146a4e41f6870,,,6a7621e463e146a4e41f6852,2026-08-07,Somali,false
Amal,Ahmed,Aden,2016-07-07,Female,Mahad Aden,+252610001359,House 1359 Bondhere District Mogadishu,guardian1359@example.com,Mother,6a76266d63e146a4e41f6870,,,6a7621e463e146a4e41f6852,2026-08-07,Somali,false
Warsame,Warsame,Aden,2015-08-08,Male,Luul Aden,+252610001360,House 1360 Daynile District Mogadishu,guardian1360@example.com,Father,6a76266d63e146a4e41f6870,,,6a7621e463e146a4e41f6852,2026-08-07,Somali,false
Amina,Daud,Hersi,2016-09-09,Female,Abdullahi Hersi,+252610001361,House 1361 Hodan District Mogadishu,guardian1361@example.com,Mother,6a76266d63e146a4e41f6870,,,6a7621e463e146a4e41f6852,2026-08-07,Somali,false
Ahmed,Guled,Hersi,2015-10-10,Male,Halima Hersi,+252610001362,House 1362 Waberi District Mogadishu,guardian1362@example.com,Father,6a76266d63e146a4e41f6870,,,6a7621e463e146a4e41f6852,2026-08-07,Somali,false
Hodan,Yusuf,Hersi,2016-11-11,Female,Jama Hersi,+252610001363,House 1363 Hamar Weyne District Mogadishu,guardian1363@example.com,Mother,6a76266d63e146a4e41f6870,,,6a7621e463e146a4e41f6852,2026-08-07,Somali,false
Mohamed,Jama,Hersi,2015-12-12,Male,Ruqiya Hersi,+252610001364,House 1364 Yaqshid District Mogadishu,guardian1364@example.com,Father,6a76266d63e146a4e41f6870,,,6a7621e463e146a4e41f6852,2026-08-07,Somali,false
Sahra,Said,Hersi,2016-01-13,Female,Ahmed Hersi,+252610001365,House 1365 Karaan District Mogadishu,guardian1365@example.com,Mother,6a76266d63e146a4e41f6870,,,6a7621e463e146a4e41f6852,2026-08-07,Somali,false
Abdi,Shire,Hersi,2015-02-14,Male,Deqa Hersi,+252610001366,House 1366 Wadajir District Mogadishu,guardian1366@example.com,Father,6a76266d63e146a4e41f6870,,,6a7621e463e146a4e41f6852,2026-08-07,Somali,false
Fadumo,Abdi,Hersi,2016-03-15,Female,Adan Hersi,+252610001367,House 1367 Dharkenley District Mogadishu,guardian1367@example.com,Mother,6a76266d63e146a4e41f6870,,,6a7621e463e146a4e41f6852,2026-08-07,Somali,false
Yusuf,Nur,Hersi,2015-04-16,Male,Ikram Hersi,+252610001368,House 1368 Shangani District Mogadishu,guardian1368@example.com,Father,6a76266d63e146a4e41f6870,,,6a7621e463e146a4e41f6852,2026-08-07,Somali,false
Maryan,Adan,Hersi,2016-05-17,Female,Ali Hersi,+252610001369,House 1369 Bondhere District Mogadishu,guardian1369@example.com,Mother,6a76266d63e146a4e41f6870,,,6a7621e463e146a4e41f6852,2026-08-07,Somali,false
Hassan,Liban,Hersi,2015-06-18,Male,Yasmin Hersi,+252610001370,House 1370 Daynile District Mogadishu,guardian1370@example.com,Father,6a76266d63e146a4e41f6870,,,6a7621e463e146a4e41f6852,2026-08-07,Somali,false
Halima,Ali,Hersi,2016-07-19,Female,Muse Hersi,+252610001371,House 1371 Hodan District Mogadishu,guardian1371@example.com,Mother,6a76266d63e146a4e41f6870,,,6a7621e463e146a4e41f6852,2026-08-07,Somali,false
Omar,Ibrahim,Hersi,2015-08-20,Male,Khadra Hersi,+252610001372,House 1372 Waberi District Mogadishu,guardian1372@example.com,Father,6a76266d63e146a4e41f6870,,,6a7621e463e146a4e41f6852,2026-08-07,Somali,false
Yasmin,Abdullahi,Hersi,2016-09-21,Female,Omar Hersi,+252610001373,House 1373 Hamar Weyne District Mogadishu,guardian1373@example.com,Mother,6a76266d63e146a4e41f6870,,,6a7621e463e146a4e41f6852,2026-08-07,Somali,false
Ali,Samatar,Hersi,2015-10-22,Male,Ifrah Hersi,+252610001374,House 1374 Yaqshid District Mogadishu,guardian1374@example.com,Father,6a76266d63e146a4e41f6870,,,6a7621e463e146a4e41f6852,2026-08-07,Somali,false
Ikram,Elmi,Hersi,2016-11-23,Female,Said Hersi,+252610001375,House 1375 Karaan District Mogadishu,guardian1375@example.com,Mother,6a76266d63e146a4e41f6870,,,6a7621e463e146a4e41f6852,2026-08-07,Somali,false
Ismail,Mohamed,Hersi,2015-12-24,Male,Sahra Hersi,+252610001376,House 1376 Wadajir District Mogadishu,guardian1376@example.com,Father,6a76266d63e146a4e41f6870,,,6a7621e463e146a4e41f6852,2026-08-07,Somali,false
Nasteho,Farah,Hersi,2016-01-25,Female,Ismail Hersi,+252610001377,House 1377 Dharkenley District Mogadishu,guardian1377@example.com,Mother,6a76266d63e146a4e41f6870,,,6a7621e463e146a4e41f6852,2026-08-07,Somali,false
Ibrahim,Muse,Hersi,2015-02-26,Male,Sumaya Hersi,+252610001378,House 1378 Shangani District Mogadishu,guardian1378@example.com,Father,6a76266d63e146a4e41f6870,,,6a7621e463e146a4e41f6852,2026-08-07,Somali,false
Deqa,Roble,Hersi,2016-03-27,Female,Samatar Hersi,+252610001379,House 1379 Bondhere District Mogadishu,guardian1379@example.com,Mother,6a76266d63e146a4e41f6870,,,6a7621e463e146a4e41f6852,2026-08-07,Somali,false
Zakariya,Omar,Hersi,2015-04-28,Male,Maryan Hersi,+252610001380,House 1380 Daynile District Mogadishu,guardian1380@example.com,Father,6a76266d63e146a4e41f6870,,,6a7621e463e146a4e41f6852,2026-08-07,Somali,false
Asha,Osman,Hersi,2016-05-01,Female,Osman Hersi,+252610001381,House 1381 Hodan District Mogadishu,guardian1381@example.com,Mother,6a76266d63e146a4e41f6870,,,6a7621e463e146a4e41f6852,2026-08-07,Somali,false
Abdullahi,Bashir,Hersi,2015-06-02,Male,Muna Hersi,+252610001382,House 1382 Waberi District Mogadishu,guardian1382@example.com,Father,6a76266d63e146a4e41f6870,,,6a7621e463e146a4e41f6852,2026-08-07,Somali,false
Khadija,Khalif,Hersi,2016-07-03,Female,Mohamed Hersi,+252610001383,House 1383 Hamar Weyne District Mogadishu,guardian1383@example.com,Mother,6a76266d63e146a4e41f6870,,,6a7621e463e146a4e41f6852,2026-08-07,Somali,false
Bashir,Hassan,Hersi,2015-08-04,Male,Asha Hersi,+252610001384,House 1384 Yaqshid District Mogadishu,guardian1384@example.com,Father,6a76266d63e146a4e41f6870,,,6a7621e463e146a4e41f6852,2026-08-07,Somali,false
Hibo,Ismail,Hersi,2016-09-05,Female,Farah Hersi,+252610001385,House 1385 Karaan District Mogadishu,guardian1385@example.com,Mother,6a76266d63e146a4e41f6870,,,6a7621e463e146a4e41f6852,2026-08-07,Somali,false
Mahad,Mahad,Hersi,2015-10-06,Male,Amal Hersi,+252610001386,House 1386 Wadajir District Mogadishu,guardian1386@example.com,Father,6a76266d63e146a4e41f6870,,,6a7621e463e146a4e41f6852,2026-08-07,Somali,false
Rahma,Abshir,Hersi,2016-11-07,Female,Yusuf Hersi,+252610001387,House 1387 Dharkenley District Mogadishu,guardian1387@example.com,Mother,6a76266d63e146a4e41f6870,,,6a7621e463e146a4e41f6852,2026-08-07,Somali,false
Adan,Aden,Hersi,2015-12-08,Male,Nasteho Hersi,+252610001388,House 1388 Shangani District Mogadishu,guardian1388@example.com,Father,6a76266d63e146a4e41f6870,,,6a7621e463e146a4e41f6852,2026-08-07,Somali,false
Ifrah,Ahmed,Hersi,2016-01-09,Female,Bashir Hersi,+252610001389,House 1389 Bondhere District Mogadishu,guardian1389@example.com,Mother,6a76266d63e146a4e41f6870,,,6a7621e463e146a4e41f6852,2026-08-07,Somali,false
Farah,Warsame,Hersi,2015-02-10,Male,Khadija Hersi,+252610001390,House 1390 Daynile District Mogadishu,guardian1390@example.com,Father,6a76266d63e146a4e41f6870,,,6a7621e463e146a4e41f6852,2026-08-07,Somali,false
Sumaya,Daud,Hersi,2016-03-11,Female,Hassan Hersi,+252610001391,House 1391 Hodan District Mogadishu,guardian1391@example.com,Mother,6a76266d63e146a4e41f6870,,,6a7621e463e146a4e41f6852,2026-08-07,Somali,false
Jama,Guled,Hersi,2015-04-12,Male,Rahma Hersi,+252610001392,House 1392 Waberi District Mogadishu,guardian1392@example.com,Father,6a76266d63e146a4e41f6870,,,6a7621e463e146a4e41f6852,2026-08-07,Somali,false
Muna,Yusuf,Hersi,2016-05-13,Female,Warsame Hersi,+252610001393,House 1393 Hamar Weyne District Mogadishu,guardian1393@example.com,Mother,6a76266d63e146a4e41f6870,,,6a7621e463e146a4e41f6852,2026-08-07,Somali,false
Osman,Jama,Hersi,2015-06-14,Male,Hawa Hersi,+252610001394,House 1394 Yaqshid District Mogadishu,guardian1394@example.com,Father,6a76266d63e146a4e41f6870,,,6a7621e463e146a4e41f6852,2026-08-07,Somali,false
Ruqiya,Said,Hersi,2016-07-15,Female,Ibrahim Hersi,+252610001395,House 1395 Karaan District Mogadishu,guardian1395@example.com,Mother,6a76266d63e146a4e41f6870,,,6a7621e463e146a4e41f6852,2026-08-07,Somali,false
Said,Shire,Hersi,2015-08-16,Male,Hibo Hersi,+252610001396,House 1396 Wadajir District Mogadishu,guardian1396@example.com,Father,6a76266d63e146a4e41f6870,,,6a7621e463e146a4e41f6852,2026-08-07,Somali,false
Luul,Abdi,Hersi,2016-09-17,Female,Daud Hersi,+252610001397,House 1397 Dharkenley District Mogadishu,guardian1397@example.com,Mother,6a76266d63e146a4e41f6870,,,6a7621e463e146a4e41f6852,2026-08-07,Somali,false
Muse,Nur,Hersi,2015-10-18,Male,Fadumo Hersi,+252610001398,House 1398 Shangani District Mogadishu,guardian1398@example.com,Father,6a76266d63e146a4e41f6870,,,6a7621e463e146a4e41f6852,2026-08-07,Somali,false
Amal,Adan,Hersi,2016-11-19,Female,Mahad Hersi,+252610001399,House 1399 Bondhere District Mogadishu,guardian1399@example.com,Mother,6a76266d63e146a4e41f6870,,,6a7621e463e146a4e41f6852,2026-08-07,Somali,false
Warsame,Liban,Hersi,2015-12-20,Male,Luul Hersi,+252610001400,House 1400 Daynile District Mogadishu,guardian1400@example.com,Father,6a76266d63e146a4e41f6870,,,6a7621e463e146a4e41f6852,2026-08-07,Somali,false
Amina,Ali,Abdi,2016-01-21,Female,Abdullahi Abdi,+252610001401,House 1401 Hodan District Mogadishu,guardian1401@example.com,Mother,6a76266d63e146a4e41f6870,,,6a7621e463e146a4e41f6852,2026-08-07,Somali,false
Ahmed,Ibrahim,Abdi,2015-02-22,Male,Halima Abdi,+252610001402,House 1402 Waberi District Mogadishu,guardian1402@example.com,Father,6a76266d63e146a4e41f6870,,,6a7621e463e146a4e41f6852,2026-08-07,Somali,false
Hodan,Abdullahi,Abdi,2016-03-23,Female,Jama Abdi,+252610001403,House 1403 Hamar Weyne District Mogadishu,guardian1403@example.com,Mother,6a76266d63e146a4e41f6870,,,6a7621e463e146a4e41f6852,2026-08-07,Somali,false
Mohamed,Samatar,Abdi,2015-04-24,Male,Ruqiya Abdi,+252610001404,House 1404 Yaqshid District Mogadishu,guardian1404@example.com,Father,6a76266d63e146a4e41f6870,,,6a7621e463e146a4e41f6852,2026-08-07,Somali,false
Sahra,Elmi,Abdi,2016-05-25,Female,Ahmed Abdi,+252610001405,House 1405 Karaan District Mogadishu,guardian1405@example.com,Mother,6a76266d63e146a4e41f6870,,,6a7621e463e146a4e41f6852,2026-08-07,Somali,false
Abdi,Mohamed,Abdi,2015-06-26,Male,Deqa Abdi,+252610001406,House 1406 Wadajir District Mogadishu,guardian1406@example.com,Father,6a76266d63e146a4e41f6870,,,6a7621e463e146a4e41f6852,2026-08-07,Somali,false
Fadumo,Farah,Abdi,2016-07-27,Female,Adan Abdi,+252610001407,House 1407 Dharkenley District Mogadishu,guardian1407@example.com,Mother,6a76266d63e146a4e41f6870,,,6a7621e463e146a4e41f6852,2026-08-07,Somali,false
Yusuf,Muse,Abdi,2015-08-28,Male,Ikram Abdi,+252610001408,House 1408 Shangani District Mogadishu,guardian1408@example.com,Father,6a76266d63e146a4e41f6870,,,6a7621e463e146a4e41f6852,2026-08-07,Somali,false
Maryan,Roble,Abdi,2016-09-01,Female,Ali Abdi,+252610001409,House 1409 Bondhere District Mogadishu,guardian1409@example.com,Mother,6a76266d63e146a4e41f6870,,,6a7621e463e146a4e41f6852,2026-08-07,Somali,false
Hassan,Omar,Abdi,2015-10-02,Male,Yasmin Abdi,+252610001410,House 1410 Daynile District Mogadishu,guardian1410@example.com,Father,6a76266d63e146a4e41f6870,,,6a7621e463e146a4e41f6852,2026-08-07,Somali,false
Halima,Osman,Abdi,2016-11-03,Female,Muse Abdi,+252610001411,House 1411 Hodan District Mogadishu,guardian1411@example.com,Mother,6a76266d63e146a4e41f6870,,,6a7621e463e146a4e41f6852,2026-08-07,Somali,false
Omar,Bashir,Abdi,2015-12-04,Male,Khadra Abdi,+252610001412,House 1412 Waberi District Mogadishu,guardian1412@example.com,Father,6a76266d63e146a4e41f6870,,,6a7621e463e146a4e41f6852,2026-08-07,Somali,false
Yasmin,Khalif,Abdi,2016-01-05,Female,Omar Abdi,+252610001413,House 1413 Hamar Weyne District Mogadishu,guardian1413@example.com,Mother,6a76266d63e146a4e41f6870,,,6a7621e463e146a4e41f6852,2026-08-07,Somali,false
Ali,Hassan,Abdi,2015-02-06,Male,Ifrah Abdi,+252610001414,House 1414 Yaqshid District Mogadishu,guardian1414@example.com,Father,6a76266d63e146a4e41f6870,,,6a7621e463e146a4e41f6852,2026-08-07,Somali,false
Ikram,Ismail,Abdi,2016-03-07,Female,Said Abdi,+252610001415,House 1415 Karaan District Mogadishu,guardian1415@example.com,Mother,6a76266d63e146a4e41f6870,,,6a7621e463e146a4e41f6852,2026-08-07,Somali,false
Ismail,Mahad,Abdi,2015-04-08,Male,Sahra Abdi,+252610001416,House 1416 Wadajir District Mogadishu,guardian1416@example.com,Father,6a76266d63e146a4e41f6870,,,6a7621e463e146a4e41f6852,2026-08-07,Somali,false
Nasteho,Abshir,Abdi,2016-05-09,Female,Ismail Abdi,+252610001417,House 1417 Dharkenley District Mogadishu,guardian1417@example.com,Mother,6a76266d63e146a4e41f6870,,,6a7621e463e146a4e41f6852,2026-08-07,Somali,false
Ibrahim,Aden,Abdi,2015-06-10,Male,Sumaya Abdi,+252610001418,House 1418 Shangani District Mogadishu,guardian1418@example.com,Father,6a76266d63e146a4e41f6870,,,6a7621e463e146a4e41f6852,2026-08-07,Somali,false
Deqa,Ahmed,Abdi,2016-07-11,Female,Samatar Abdi,+252610001419,House 1419 Bondhere District Mogadishu,guardian1419@example.com,Mother,6a76266d63e146a4e41f6870,,,6a7621e463e146a4e41f6852,2026-08-07,Somali,false
Zakariya,Warsame,Abdi,2015-08-12,Male,Maryan Abdi,+252610001420,House 1420 Daynile District Mogadishu,guardian1420@example.com,Father,6a76266d63e146a4e41f6870,,,6a7621e463e146a4e41f6852,2026-08-07,Somali,false
Asha,Daud,Abdi,2016-09-13,Female,Osman Abdi,+252610001421,House 1421 Hodan District Mogadishu,guardian1421@example.com,Mother,6a76266d63e146a4e41f6870,,,6a7621e463e146a4e41f6852,2026-08-07,Somali,false
Abdullahi,Guled,Abdi,2015-10-14,Male,Muna Abdi,+252610001422,House 1422 Waberi District Mogadishu,guardian1422@example.com,Father,6a76266d63e146a4e41f6870,,,6a7621e463e146a4e41f6852,2026-08-07,Somali,false
Khadija,Yusuf,Abdi,2016-11-15,Female,Mohamed Abdi,+252610001423,House 1423 Hamar Weyne District Mogadishu,guardian1423@example.com,Mother,6a76266d63e146a4e41f6870,,,6a7621e463e146a4e41f6852,2026-08-07,Somali,false
Bashir,Jama,Abdi,2015-12-16,Male,Asha Abdi,+252610001424,House 1424 Yaqshid District Mogadishu,guardian1424@example.com,Father,6a76266d63e146a4e41f6870,,,6a7621e463e146a4e41f6852,2026-08-07,Somali,false
Hibo,Said,Abdi,2016-01-17,Female,Farah Abdi,+252610001425,House 1425 Karaan District Mogadishu,guardian1425@example.com,Mother,6a76266d63e146a4e41f6870,,,6a7621e463e146a4e41f6852,2026-08-07,Somali,false
Mahad,Shire,Abdi,2015-02-18,Male,Amal Abdi,+252610001426,House 1426 Wadajir District Mogadishu,guardian1426@example.com,Father,6a76266d63e146a4e41f6870,,,6a7621e463e146a4e41f6852,2026-08-07,Somali,false
Rahma,Abdi,Abdi,2016-03-19,Female,Yusuf Abdi,+252610001427,House 1427 Dharkenley District Mogadishu,guardian1427@example.com,Mother,6a76266d63e146a4e41f6870,,,6a7621e463e146a4e41f6852,2026-08-07,Somali,false
Adan,Nur,Abdi,2015-04-20,Male,Nasteho Abdi,+252610001428,House 1428 Shangani District Mogadishu,guardian1428@example.com,Father,6a76266d63e146a4e41f6870,,,6a7621e463e146a4e41f6852,2026-08-07,Somali,false
Ifrah,Adan,Abdi,2016-05-21,Female,Bashir Abdi,+252610001429,House 1429 Bondhere District Mogadishu,guardian1429@example.com,Mother,6a76266d63e146a4e41f6870,,,6a7621e463e146a4e41f6852,2026-08-07,Somali,false
Farah,Liban,Abdi,2015-06-22,Male,Khadija Abdi,+252610001430,House 1430 Daynile District Mogadishu,guardian1430@example.com,Father,6a76266d63e146a4e41f6870,,,6a7621e463e146a4e41f6852,2026-08-07,Somali,false
Sumaya,Ali,Abdi,2016-07-23,Female,Hassan Abdi,+252610001431,House 1431 Hodan District Mogadishu,guardian1431@example.com,Mother,6a76266d63e146a4e41f6870,,,6a7621e463e146a4e41f6852,2026-08-07,Somali,false
Jama,Ibrahim,Abdi,2015-08-24,Male,Rahma Abdi,+252610001432,House 1432 Waberi District Mogadishu,guardian1432@example.com,Father,6a76266d63e146a4e41f6870,,,6a7621e463e146a4e41f6852,2026-08-07,Somali,false
Muna,Abdullahi,Abdi,2016-09-25,Female,Warsame Abdi,+252610001433,House 1433 Hamar Weyne District Mogadishu,guardian1433@example.com,Mother,6a76266d63e146a4e41f6870,,,6a7621e463e146a4e41f6852,2026-08-07,Somali,false
Osman,Samatar,Abdi,2015-10-26,Male,Hawa Abdi,+252610001434,House 1434 Yaqshid District Mogadishu,guardian1434@example.com,Father,6a76266d63e146a4e41f6870,,,6a7621e463e146a4e41f6852,2026-08-07,Somali,false
Ruqiya,Elmi,Abdi,2016-11-27,Female,Ibrahim Abdi,+252610001435,House 1435 Karaan District Mogadishu,guardian1435@example.com,Mother,6a76266d63e146a4e41f6870,,,6a7621e463e146a4e41f6852,2026-08-07,Somali,false
Said,Mohamed,Abdi,2015-12-28,Male,Hibo Abdi,+252610001436,House 1436 Wadajir District Mogadishu,guardian1436@example.com,Father,6a76266d63e146a4e41f6870,,,6a7621e463e146a4e41f6852,2026-08-07,Somali,false
Luul,Farah,Abdi,2016-01-01,Female,Daud Abdi,+252610001437,House 1437 Dharkenley District Mogadishu,guardian1437@example.com,Mother,6a76266d63e146a4e41f6870,,,6a7621e463e146a4e41f6852,2026-08-07,Somali,false
Muse,Muse,Abdi,2015-02-02,Male,Fadumo Abdi,+252610001438,House 1438 Shangani District Mogadishu,guardian1438@example.com,Father,6a76266d63e146a4e41f6870,,,6a7621e463e146a4e41f6852,2026-08-07,Somali,false
Amal,Roble,Abdi,2016-03-03,Female,Mahad Abdi,+252610001439,House 1439 Bondhere District Mogadishu,guardian1439@example.com,Mother,6a76266d63e146a4e41f6870,,,6a7621e463e146a4e41f6852,2026-08-07,Somali,false
Warsame,Omar,Abdi,2015-04-04,Male,Luul Abdi,+252610001440,House 1440 Daynile District Mogadishu,guardian1440@example.com,Father,6a76266d63e146a4e41f6870,,,6a7621e463e146a4e41f6852,2026-08-07,Somali,false
Amina,Osman,Diriye,2016-05-05,Female,Abdullahi Diriye,+252610001441,House 1441 Hodan District Mogadishu,guardian1441@example.com,Mother,6a76266d63e146a4e41f6870,,,6a7621e463e146a4e41f6852,2026-08-07,Somali,false
Ahmed,Bashir,Diriye,2015-06-06,Male,Halima Diriye,+252610001442,House 1442 Waberi District Mogadishu,guardian1442@example.com,Father,6a76266d63e146a4e41f6870,,,6a7621e463e146a4e41f6852,2026-08-07,Somali,false
Hodan,Khalif,Diriye,2016-07-07,Female,Jama Diriye,+252610001443,House 1443 Hamar Weyne District Mogadishu,guardian1443@example.com,Mother,6a76266d63e146a4e41f6870,,,6a7621e463e146a4e41f6852,2026-08-07,Somali,false
Mohamed,Hassan,Diriye,2015-08-08,Male,Ruqiya Diriye,+252610001444,House 1444 Yaqshid District Mogadishu,guardian1444@example.com,Father,6a76266d63e146a4e41f6870,,,6a7621e463e146a4e41f6852,2026-08-07,Somali,false
Sahra,Ismail,Diriye,2016-09-09,Female,Ahmed Diriye,+252610001445,House 1445 Karaan District Mogadishu,guardian1445@example.com,Mother,6a76266d63e146a4e41f6870,,,6a7621e463e146a4e41f6852,2026-08-07,Somali,false
Abdi,Mahad,Diriye,2015-10-10,Male,Deqa Diriye,+252610001446,House 1446 Wadajir District Mogadishu,guardian1446@example.com,Father,6a76266d63e146a4e41f6870,,,6a7621e463e146a4e41f6852,2026-08-07,Somali,false
Fadumo,Abshir,Diriye,2016-11-11,Female,Adan Diriye,+252610001447,House 1447 Dharkenley District Mogadishu,guardian1447@example.com,Mother,6a76266d63e146a4e41f6870,,,6a7621e463e146a4e41f6852,2026-08-07,Somali,false
Yusuf,Aden,Diriye,2015-12-12,Male,Ikram Diriye,+252610001448,House 1448 Shangani District Mogadishu,guardian1448@example.com,Father,6a76266d63e146a4e41f6870,,,6a7621e463e146a4e41f6852,2026-08-07,Somali,false
Maryan,Ahmed,Diriye,2016-01-13,Female,Ali Diriye,+252610001449,House 1449 Bondhere District Mogadishu,guardian1449@example.com,Mother,6a76266d63e146a4e41f6870,,,6a7621e463e146a4e41f6852,2026-08-07,Somali,false
Hassan,Warsame,Diriye,2015-02-14,Male,Yasmin Diriye,+252610001450,House 1450 Daynile District Mogadishu,guardian1450@example.com,Father,6a76266d63e146a4e41f6870,,,6a7621e463e146a4e41f6852,2026-08-07,Somali,false
Halima,Daud,Diriye,2016-03-15,Female,Muse Diriye,+252610001451,House 1451 Hodan District Mogadishu,guardian1451@example.com,Mother,6a76266d63e146a4e41f6870,,,6a7621e463e146a4e41f6852,2026-08-07,Somali,false
Omar,Guled,Diriye,2015-04-16,Male,Khadra Diriye,+252610001452,House 1452 Waberi District Mogadishu,guardian1452@example.com,Father,6a76266d63e146a4e41f6870,,,6a7621e463e146a4e41f6852,2026-08-07,Somali,false
Yasmin,Yusuf,Diriye,2016-05-17,Female,Omar Diriye,+252610001453,House 1453 Hamar Weyne District Mogadishu,guardian1453@example.com,Mother,6a76266d63e146a4e41f6870,,,6a7621e463e146a4e41f6852,2026-08-07,Somali,false
Ali,Jama,Diriye,2015-06-18,Male,Ifrah Diriye,+252610001454,House 1454 Yaqshid District Mogadishu,guardian1454@example.com,Father,6a76266d63e146a4e41f6870,,,6a7621e463e146a4e41f6852,2026-08-07,Somali,false
Ikram,Said,Diriye,2016-07-19,Female,Said Diriye,+252610001455,House 1455 Karaan District Mogadishu,guardian1455@example.com,Mother,6a76266d63e146a4e41f6870,,,6a7621e463e146a4e41f6852,2026-08-07,Somali,false
Ismail,Shire,Diriye,2015-08-20,Male,Sahra Diriye,+252610001456,House 1456 Wadajir District Mogadishu,guardian1456@example.com,Father,6a76266d63e146a4e41f6870,,,6a7621e463e146a4e41f6852,2026-08-07,Somali,false
Nasteho,Abdi,Diriye,2016-09-21,Female,Ismail Diriye,+252610001457,House 1457 Dharkenley District Mogadishu,guardian1457@example.com,Mother,6a76266d63e146a4e41f6870,,,6a7621e463e146a4e41f6852,2026-08-07,Somali,false
Ibrahim,Nur,Diriye,2015-10-22,Male,Sumaya Diriye,+252610001458,House 1458 Shangani District Mogadishu,guardian1458@example.com,Father,6a76266d63e146a4e41f6870,,,6a7621e463e146a4e41f6852,2026-08-07,Somali,false
Deqa,Adan,Diriye,2016-11-23,Female,Samatar Diriye,+252610001459,House 1459 Bondhere District Mogadishu,guardian1459@example.com,Mother,6a76266d63e146a4e41f6870,,,6a7621e463e146a4e41f6852,2026-08-07,Somali,false
Zakariya,Liban,Diriye,2015-12-24,Male,Maryan Diriye,+252610001460,House 1460 Daynile District Mogadishu,guardian1460@example.com,Father,6a76266d63e146a4e41f6870,,,6a7621e463e146a4e41f6852,2026-08-07,Somali,false
Asha,Ali,Diriye,2016-01-25,Female,Osman Diriye,+252610001461,House 1461 Hodan District Mogadishu,guardian1461@example.com,Mother,6a76266d63e146a4e41f6870,,,6a7621e463e146a4e41f6852,2026-08-07,Somali,false
Abdullahi,Ibrahim,Diriye,2015-02-26,Male,Muna Diriye,+252610001462,House 1462 Waberi District Mogadishu,guardian1462@example.com,Father,6a76266d63e146a4e41f6870,,,6a7621e463e146a4e41f6852,2026-08-07,Somali,false
Khadija,Abdullahi,Diriye,2016-03-27,Female,Mohamed Diriye,+252610001463,House 1463 Hamar Weyne District Mogadishu,guardian1463@example.com,Mother,6a76266d63e146a4e41f6870,,,6a7621e463e146a4e41f6852,2026-08-07,Somali,false
Bashir,Samatar,Diriye,2015-04-28,Male,Asha Diriye,+252610001464,House 1464 Yaqshid District Mogadishu,guardian1464@example.com,Father,6a76266d63e146a4e41f6870,,,6a7621e463e146a4e41f6852,2026-08-07,Somali,false
Hibo,Elmi,Diriye,2016-05-01,Female,Farah Diriye,+252610001465,House 1465 Karaan District Mogadishu,guardian1465@example.com,Mother,6a76266d63e146a4e41f6870,,,6a7621e463e146a4e41f6852,2026-08-07,Somali,false
Mahad,Mohamed,Diriye,2015-06-02,Male,Amal Diriye,+252610001466,House 1466 Wadajir District Mogadishu,guardian1466@example.com,Father,6a76266d63e146a4e41f6870,,,6a7621e463e146a4e41f6852,2026-08-07,Somali,false
Rahma,Farah,Diriye,2016-07-03,Female,Yusuf Diriye,+252610001467,House 1467 Dharkenley District Mogadishu,guardian1467@example.com,Mother,6a76266d63e146a4e41f6870,,,6a7621e463e146a4e41f6852,2026-08-07,Somali,false
Adan,Muse,Diriye,2015-08-04,Male,Nasteho Diriye,+252610001468,House 1468 Shangani District Mogadishu,guardian1468@example.com,Father,6a76266d63e146a4e41f6870,,,6a7621e463e146a4e41f6852,2026-08-07,Somali,false
Ifrah,Roble,Diriye,2016-09-05,Female,Bashir Diriye,+252610001469,House 1469 Bondhere District Mogadishu,guardian1469@example.com,Mother,6a76266d63e146a4e41f6870,,,6a7621e463e146a4e41f6852,2026-08-07,Somali,false
Farah,Omar,Diriye,2015-10-06,Male,Khadija Diriye,+252610001470,House 1470 Daynile District Mogadishu,guardian1470@example.com,Father,6a76266d63e146a4e41f6870,,,6a7621e463e146a4e41f6852,2026-08-07,Somali,false
Sumaya,Osman,Diriye,2016-11-07,Female,Hassan Diriye,+252610001471,House 1471 Hodan District Mogadishu,guardian1471@example.com,Mother,6a76266d63e146a4e41f6870,,,6a7621e463e146a4e41f6852,2026-08-07,Somali,false
Jama,Bashir,Diriye,2015-12-08,Male,Rahma Diriye,+252610001472,House 1472 Waberi District Mogadishu,guardian1472@example.com,Father,6a76266d63e146a4e41f6870,,,6a7621e463e146a4e41f6852,2026-08-07,Somali,false
Muna,Khalif,Diriye,2016-01-09,Female,Warsame Diriye,+252610001473,House 1473 Hamar Weyne District Mogadishu,guardian1473@example.com,Mother,6a76266d63e146a4e41f6870,,,6a7621e463e146a4e41f6852,2026-08-07,Somali,false
Osman,Hassan,Diriye,2015-02-10,Male,Hawa Diriye,+252610001474,House 1474 Yaqshid District Mogadishu,guardian1474@example.com,Father,6a76266d63e146a4e41f6870,,,6a7621e463e146a4e41f6852,2026-08-07,Somali,false
Ruqiya,Ismail,Diriye,2016-03-11,Female,Ibrahim Diriye,+252610001475,House 1475 Karaan District Mogadishu,guardian1475@example.com,Mother,6a76266d63e146a4e41f6870,,,6a7621e463e146a4e41f6852,2026-08-07,Somali,false
Said,Mahad,Diriye,2015-04-12,Male,Hibo Diriye,+252610001476,House 1476 Wadajir District Mogadishu,guardian1476@example.com,Father,6a76266d63e146a4e41f6870,,,6a7621e463e146a4e41f6852,2026-08-07,Somali,false
Luul,Abshir,Diriye,2016-05-13,Female,Daud Diriye,+252610001477,House 1477 Dharkenley District Mogadishu,guardian1477@example.com,Mother,6a76266d63e146a4e41f6870,,,6a7621e463e146a4e41f6852,2026-08-07,Somali,false
Muse,Aden,Diriye,2015-06-14,Male,Fadumo Diriye,+252610001478,House 1478 Shangani District Mogadishu,guardian1478@example.com,Father,6a76266d63e146a4e41f6870,,,6a7621e463e146a4e41f6852,2026-08-07,Somali,false
Amal,Ahmed,Diriye,2016-07-15,Female,Mahad Diriye,+252610001479,House 1479 Bondhere District Mogadishu,guardian1479@example.com,Mother,6a76266d63e146a4e41f6870,,,6a7621e463e146a4e41f6852,2026-08-07,Somali,false
Warsame,Warsame,Diriye,2015-08-16,Male,Luul Diriye,+252610001480,House 1480 Daynile District Mogadishu,guardian1480@example.com,Father,6a76266d63e146a4e41f6870,,,6a7621e463e146a4e41f6852,2026-08-07,Somali,false
Amina,Daud,Gedi,2016-09-17,Female,Abdullahi Gedi,+252610001481,House 1481 Hodan District Mogadishu,guardian1481@example.com,Mother,6a76266d63e146a4e41f6870,,,6a7621e463e146a4e41f6852,2026-08-07,Somali,false
Ahmed,Guled,Gedi,2015-10-18,Male,Halima Gedi,+252610001482,House 1482 Waberi District Mogadishu,guardian1482@example.com,Father,6a76266d63e146a4e41f6870,,,6a7621e463e146a4e41f6852,2026-08-07,Somali,false
Hodan,Yusuf,Gedi,2016-11-19,Female,Jama Gedi,+252610001483,House 1483 Hamar Weyne District Mogadishu,guardian1483@example.com,Mother,6a76266d63e146a4e41f6870,,,6a7621e463e146a4e41f6852,2026-08-07,Somali,false
Mohamed,Jama,Gedi,2015-12-20,Male,Ruqiya Gedi,+252610001484,House 1484 Yaqshid District Mogadishu,guardian1484@example.com,Father,6a76266d63e146a4e41f6870,,,6a7621e463e146a4e41f6852,2026-08-07,Somali,false
Sahra,Said,Gedi,2016-01-21,Female,Ahmed Gedi,+252610001485,House 1485 Karaan District Mogadishu,guardian1485@example.com,Mother,6a76266d63e146a4e41f6870,,,6a7621e463e146a4e41f6852,2026-08-07,Somali,false
Abdi,Shire,Gedi,2015-02-22,Male,Deqa Gedi,+252610001486,House 1486 Wadajir District Mogadishu,guardian1486@example.com,Father,6a76266d63e146a4e41f6870,,,6a7621e463e146a4e41f6852,2026-08-07,Somali,false
Fadumo,Abdi,Gedi,2016-03-23,Female,Adan Gedi,+252610001487,House 1487 Dharkenley District Mogadishu,guardian1487@example.com,Mother,6a76266d63e146a4e41f6870,,,6a7621e463e146a4e41f6852,2026-08-07,Somali,false
Yusuf,Nur,Gedi,2015-04-24,Male,Ikram Gedi,+252610001488,House 1488 Shangani District Mogadishu,guardian1488@example.com,Father,6a76266d63e146a4e41f6870,,,6a7621e463e146a4e41f6852,2026-08-07,Somali,false
Maryan,Adan,Gedi,2016-05-25,Female,Ali Gedi,+252610001489,House 1489 Bondhere District Mogadishu,guardian1489@example.com,Mother,6a76266d63e146a4e41f6870,,,6a7621e463e146a4e41f6852,2026-08-07,Somali,false
Hassan,Liban,Gedi,2015-06-26,Male,Yasmin Gedi,+252610001490,House 1490 Daynile District Mogadishu,guardian1490@example.com,Father,6a76266d63e146a4e41f6870,,,6a7621e463e146a4e41f6852,2026-08-07,Somali,false
Halima,Ali,Gedi,2016-07-27,Female,Muse Gedi,+252610001491,House 1491 Hodan District Mogadishu,guardian1491@example.com,Mother,6a76266d63e146a4e41f6870,,,6a7621e463e146a4e41f6852,2026-08-07,Somali,false
Omar,Ibrahim,Gedi,2015-08-28,Male,Khadra Gedi,+252610001492,House 1492 Waberi District Mogadishu,guardian1492@example.com,Father,6a76266d63e146a4e41f6870,,,6a7621e463e146a4e41f6852,2026-08-07,Somali,false
Yasmin,Abdullahi,Gedi,2016-09-01,Female,Omar Gedi,+252610001493,House 1493 Hamar Weyne District Mogadishu,guardian1493@example.com,Mother,6a76266d63e146a4e41f6870,,,6a7621e463e146a4e41f6852,2026-08-07,Somali,false
Ali,Samatar,Gedi,2015-10-02,Male,Ifrah Gedi,+252610001494,House 1494 Yaqshid District Mogadishu,guardian1494@example.com,Father,6a76266d63e146a4e41f6870,,,6a7621e463e146a4e41f6852,2026-08-07,Somali,false
Ikram,Elmi,Gedi,2016-11-03,Female,Said Gedi,+252610001495,House 1495 Karaan District Mogadishu,guardian1495@example.com,Mother,6a76266d63e146a4e41f6870,,,6a7621e463e146a4e41f6852,2026-08-07,Somali,false
Ismail,Mohamed,Gedi,2015-12-04,Male,Sahra Gedi,+252610001496,House 1496 Wadajir District Mogadishu,guardian1496@example.com,Father,6a76266d63e146a4e41f6870,,,6a7621e463e146a4e41f6852,2026-08-07,Somali,false
Nasteho,Farah,Gedi,2016-01-05,Female,Ismail Gedi,+252610001497,House 1497 Dharkenley District Mogadishu,guardian1497@example.com,Mother,6a76266d63e146a4e41f6870,,,6a7621e463e146a4e41f6852,2026-08-07,Somali,false
Ibrahim,Muse,Gedi,2015-02-06,Male,Sumaya Gedi,+252610001498,House 1498 Shangani District Mogadishu,guardian1498@example.com,Father,6a76266d63e146a4e41f6870,,,6a7621e463e146a4e41f6852,2026-08-07,Somali,false
Deqa,Roble,Gedi,2016-03-07,Female,Samatar Gedi,+252610001499,House 1499 Bondhere District Mogadishu,guardian1499@example.com,Mother,6a76266d63e146a4e41f6870,,,6a7621e463e146a4e41f6852,2026-08-07,Somali,false
Zakariya,Omar,Gedi,2015-04-08,Male,Maryan Gedi,+252610001500,House 1500 Daynile District Mogadishu,guardian1500@example.com,Father,6a76266d63e146a4e41f6870,,,6a7621e463e146a4e41f6852,2026-08-07,Somali,false
Asha,Osman,Gedi,2016-05-09,Female,Osman Gedi,+252610001501,House 1501 Hodan District Mogadishu,guardian1501@example.com,Mother,6a76266d63e146a4e41f6870,,,6a7621e463e146a4e41f6852,2026-08-07,Somali,false
Abdullahi,Bashir,Gedi,2015-06-10,Male,Muna Gedi,+252610001502,House 1502 Waberi District Mogadishu,guardian1502@example.com,Father,6a76266d63e146a4e41f6870,,,6a7621e463e146a4e41f6852,2026-08-07,Somali,false
Khadija,Khalif,Gedi,2016-07-11,Female,Mohamed Gedi,+252610001503,House 1503 Hamar Weyne District Mogadishu,guardian1503@example.com,Mother,6a76266d63e146a4e41f6870,,,6a7621e463e146a4e41f6852,2026-08-07,Somali,false
Bashir,Hassan,Gedi,2015-08-12,Male,Asha Gedi,+252610001504,House 1504 Yaqshid District Mogadishu,guardian1504@example.com,Father,6a76266d63e146a4e41f6870,,,6a7621e463e146a4e41f6852,2026-08-07,Somali,false
Hibo,Ismail,Gedi,2016-09-13,Female,Farah Gedi,+252610001505,House 1505 Karaan District Mogadishu,guardian1505@example.com,Mother,6a76266d63e146a4e41f6870,,,6a7621e463e146a4e41f6852,2026-08-07,Somali,false
Mahad,Mahad,Gedi,2015-10-14,Male,Amal Gedi,+252610001506,House 1506 Wadajir District Mogadishu,guardian1506@example.com,Father,6a76266d63e146a4e41f6870,,,6a7621e463e146a4e41f6852,2026-08-07,Somali,false
Rahma,Abshir,Gedi,2016-11-15,Female,Yusuf Gedi,+252610001507,House 1507 Dharkenley District Mogadishu,guardian1507@example.com,Mother,6a76266d63e146a4e41f6870,,,6a7621e463e146a4e41f6852,2026-08-07,Somali,false
Adan,Aden,Gedi,2015-12-16,Male,Nasteho Gedi,+252610001508,House 1508 Shangani District Mogadishu,guardian1508@example.com,Father,6a76266d63e146a4e41f6870,,,6a7621e463e146a4e41f6852,2026-08-07,Somali,false
Ifrah,Ahmed,Gedi,2016-01-17,Female,Bashir Gedi,+252610001509,House 1509 Bondhere District Mogadishu,guardian1509@example.com,Mother,6a76266d63e146a4e41f6870,,,6a7621e463e146a4e41f6852,2026-08-07,Somali,false
Farah,Warsame,Gedi,2015-02-18,Male,Khadija Gedi,+252610001510,House 1510 Daynile District Mogadishu,guardian1510@example.com,Father,6a76266d63e146a4e41f6870,,,6a7621e463e146a4e41f6852,2026-08-07,Somali,false
Sumaya,Daud,Gedi,2016-03-19,Female,Hassan Gedi,+252610001511,House 1511 Hodan District Mogadishu,guardian1511@example.com,Mother,6a76266d63e146a4e41f6870,,,6a7621e463e146a4e41f6852,2026-08-07,Somali,false
Jama,Guled,Gedi,2015-04-20,Male,Rahma Gedi,+252610001512,House 1512 Waberi District Mogadishu,guardian1512@example.com,Father,6a76266d63e146a4e41f6870,,,6a7621e463e146a4e41f6852,2026-08-07,Somali,false
Muna,Yusuf,Gedi,2016-05-21,Female,Warsame Gedi,+252610001513,House 1513 Hamar Weyne District Mogadishu,guardian1513@example.com,Mother,6a76266d63e146a4e41f6870,,,6a7621e463e146a4e41f6852,2026-08-07,Somali,false
Osman,Jama,Gedi,2015-06-22,Male,Hawa Gedi,+252610001514,House 1514 Yaqshid District Mogadishu,guardian1514@example.com,Father,6a76266d63e146a4e41f6870,,,6a7621e463e146a4e41f6852,2026-08-07,Somali,false
Ruqiya,Said,Gedi,2016-07-23,Female,Ibrahim Gedi,+252610001515,House 1515 Karaan District Mogadishu,guardian1515@example.com,Mother,6a76266d63e146a4e41f6870,,,6a7621e463e146a4e41f6852,2026-08-07,Somali,false
Said,Shire,Gedi,2015-08-24,Male,Hibo Gedi,+252610001516,House 1516 Wadajir District Mogadishu,guardian1516@example.com,Father,6a76266d63e146a4e41f6870,,,6a7621e463e146a4e41f6852,2026-08-07,Somali,false
Luul,Abdi,Gedi,2016-09-25,Female,Daud Gedi,+252610001517,House 1517 Dharkenley District Mogadishu,guardian1517@example.com,Mother,6a76266d63e146a4e41f6870,,,6a7621e463e146a4e41f6852,2026-08-07,Somali,false
Muse,Nur,Gedi,2015-10-26,Male,Fadumo Gedi,+252610001518,House 1518 Shangani District Mogadishu,guardian1518@example.com,Father,6a76266d63e146a4e41f6870,,,6a7621e463e146a4e41f6852,2026-08-07,Somali,false
Amal,Adan,Gedi,2016-11-27,Female,Mahad Gedi,+252610001519,House 1519 Bondhere District Mogadishu,guardian1519@example.com,Mother,6a76266d63e146a4e41f6870,,,6a7621e463e146a4e41f6852,2026-08-07,Somali,false
Warsame,Liban,Gedi,2015-12-28,Male,Luul Gedi,+252610001520,House 1520 Daynile District Mogadishu,guardian1520@example.com,Father,6a76266d63e146a4e41f6870,,,6a7621e463e146a4e41f6852,2026-08-07,Somali,false
Amina,Ali,Awale,2016-01-01,Female,Abdullahi Awale,+252610001521,House 1521 Hodan District Mogadishu,guardian1521@example.com,Mother,6a76266d63e146a4e41f6870,,,6a7621e463e146a4e41f6852,2026-08-07,Somali,false
Ahmed,Ibrahim,Awale,2015-02-02,Male,Halima Awale,+252610001522,House 1522 Waberi District Mogadishu,guardian1522@example.com,Father,6a76266d63e146a4e41f6870,,,6a7621e463e146a4e41f6852,2026-08-07,Somali,false
Hodan,Abdullahi,Awale,2016-03-03,Female,Jama Awale,+252610001523,House 1523 Hamar Weyne District Mogadishu,guardian1523@example.com,Mother,6a76266d63e146a4e41f6870,,,6a7621e463e146a4e41f6852,2026-08-07,Somali,false
Mohamed,Samatar,Awale,2015-04-04,Male,Ruqiya Awale,+252610001524,House 1524 Yaqshid District Mogadishu,guardian1524@example.com,Father,6a76266d63e146a4e41f6870,,,6a7621e463e146a4e41f6852,2026-08-07,Somali,false
Sahra,Elmi,Awale,2016-05-05,Female,Ahmed Awale,+252610001525,House 1525 Karaan District Mogadishu,guardian1525@example.com,Mother,6a76266d63e146a4e41f6870,,,6a7621e463e146a4e41f6852,2026-08-07,Somali,false
Abdi,Mohamed,Awale,2015-06-06,Male,Deqa Awale,+252610001526,House 1526 Wadajir District Mogadishu,guardian1526@example.com,Father,6a76266d63e146a4e41f6870,,,6a7621e463e146a4e41f6852,2026-08-07,Somali,false
Fadumo,Farah,Awale,2016-07-07,Female,Adan Awale,+252610001527,House 1527 Dharkenley District Mogadishu,guardian1527@example.com,Mother,6a76266d63e146a4e41f6870,,,6a7621e463e146a4e41f6852,2026-08-07,Somali,false
Yusuf,Muse,Awale,2015-08-08,Male,Ikram Awale,+252610001528,House 1528 Shangani District Mogadishu,guardian1528@example.com,Father,6a76266d63e146a4e41f6870,,,6a7621e463e146a4e41f6852,2026-08-07,Somali,false
Maryan,Roble,Awale,2016-09-09,Female,Ali Awale,+252610001529,House 1529 Bondhere District Mogadishu,guardian1529@example.com,Mother,6a76266d63e146a4e41f6870,,,6a7621e463e146a4e41f6852,2026-08-07,Somali,false
Hassan,Omar,Awale,2015-10-10,Male,Yasmin Awale,+252610001530,House 1530 Daynile District Mogadishu,guardian1530@example.com,Father,6a76266d63e146a4e41f6870,,,6a7621e463e146a4e41f6852,2026-08-07,Somali,false
Halima,Osman,Awale,2016-11-11,Female,Muse Awale,+252610001531,House 1531 Hodan District Mogadishu,guardian1531@example.com,Mother,6a76266d63e146a4e41f6870,,,6a7621e463e146a4e41f6852,2026-08-07,Somali,false
Omar,Bashir,Awale,2015-12-12,Male,Khadra Awale,+252610001532,House 1532 Waberi District Mogadishu,guardian1532@example.com,Father,6a76266d63e146a4e41f6870,,,6a7621e463e146a4e41f6852,2026-08-07,Somali,false
Yasmin,Khalif,Awale,2016-01-13,Female,Omar Awale,+252610001533,House 1533 Hamar Weyne District Mogadishu,guardian1533@example.com,Mother,6a76266d63e146a4e41f6870,,,6a7621e463e146a4e41f6852,2026-08-07,Somali,false
Ali,Hassan,Awale,2015-02-14,Male,Ifrah Awale,+252610001534,House 1534 Yaqshid District Mogadishu,guardian1534@example.com,Father,6a76266d63e146a4e41f6870,,,6a7621e463e146a4e41f6852,2026-08-07,Somali,false
Ikram,Ismail,Awale,2016-03-15,Female,Said Awale,+252610001535,House 1535 Karaan District Mogadishu,guardian1535@example.com,Mother,6a76266d63e146a4e41f6870,,,6a7621e463e146a4e41f6852,2026-08-07,Somali,false
Ismail,Mahad,Awale,2015-04-16,Male,Sahra Awale,+252610001536,House 1536 Wadajir District Mogadishu,guardian1536@example.com,Father,6a76266d63e146a4e41f6870,,,6a7621e463e146a4e41f6852,2026-08-07,Somali,false
Nasteho,Abshir,Awale,2016-05-17,Female,Ismail Awale,+252610001537,House 1537 Dharkenley District Mogadishu,guardian1537@example.com,Mother,6a76266d63e146a4e41f6870,,,6a7621e463e146a4e41f6852,2026-08-07,Somali,false
Ibrahim,Aden,Awale,2015-06-18,Male,Sumaya Awale,+252610001538,House 1538 Shangani District Mogadishu,guardian1538@example.com,Father,6a76266d63e146a4e41f6870,,,6a7621e463e146a4e41f6852,2026-08-07,Somali,false
Deqa,Ahmed,Awale,2016-07-19,Female,Samatar Awale,+252610001539,House 1539 Bondhere District Mogadishu,guardian1539@example.com,Mother,6a76266d63e146a4e41f6870,,,6a7621e463e146a4e41f6852,2026-08-07,Somali,false
Zakariya,Warsame,Awale,2015-08-20,Male,Maryan Awale,+252610001540,House 1540 Daynile District Mogadishu,guardian1540@example.com,Father,6a76266d63e146a4e41f6870,,,6a7621e463e146a4e41f6852,2026-08-07,Somali,false
Asha,Daud,Awale,2016-09-21,Female,Osman Awale,+252610001541,House 1541 Hodan District Mogadishu,guardian1541@example.com,Mother,6a76266d63e146a4e41f6870,,,6a7621e463e146a4e41f6852,2026-08-07,Somali,false
Abdullahi,Guled,Awale,2015-10-22,Male,Muna Awale,+252610001542,House 1542 Waberi District Mogadishu,guardian1542@example.com,Father,6a76266d63e146a4e41f6870,,,6a7621e463e146a4e41f6852,2026-08-07,Somali,false
Khadija,Yusuf,Awale,2016-11-23,Female,Mohamed Awale,+252610001543,House 1543 Hamar Weyne District Mogadishu,guardian1543@example.com,Mother,6a76266d63e146a4e41f6870,,,6a7621e463e146a4e41f6852,2026-08-07,Somali,false
Bashir,Jama,Awale,2015-12-24,Male,Asha Awale,+252610001544,House 1544 Yaqshid District Mogadishu,guardian1544@example.com,Father,6a76266d63e146a4e41f6870,,,6a7621e463e146a4e41f6852,2026-08-07,Somali,false
Hibo,Said,Awale,2016-01-25,Female,Farah Awale,+252610001545,House 1545 Karaan District Mogadishu,guardian1545@example.com,Mother,6a76266d63e146a4e41f6870,,,6a7621e463e146a4e41f6852,2026-08-07,Somali,false
Mahad,Shire,Awale,2015-02-26,Male,Amal Awale,+252610001546,House 1546 Wadajir District Mogadishu,guardian1546@example.com,Father,6a76266d63e146a4e41f6870,,,6a7621e463e146a4e41f6852,2026-08-07,Somali,false
Rahma,Abdi,Awale,2016-03-27,Female,Yusuf Awale,+252610001547,House 1547 Dharkenley District Mogadishu,guardian1547@example.com,Mother,6a76266d63e146a4e41f6870,,,6a7621e463e146a4e41f6852,2026-08-07,Somali,false
Adan,Nur,Awale,2015-04-28,Male,Nasteho Awale,+252610001548,House 1548 Shangani District Mogadishu,guardian1548@example.com,Father,6a76266d63e146a4e41f6870,,,6a7621e463e146a4e41f6852,2026-08-07,Somali,false
Ifrah,Adan,Awale,2016-05-01,Female,Bashir Awale,+252610001549,House 1549 Bondhere District Mogadishu,guardian1549@example.com,Mother,6a76266d63e146a4e41f6870,,,6a7621e463e146a4e41f6852,2026-08-07,Somali,false
Farah,Liban,Awale,2015-06-02,Male,Khadija Awale,+252610001550,House 1550 Daynile District Mogadishu,guardian1550@example.com,Father,6a76266d63e146a4e41f6870,,,6a7621e463e146a4e41f6852,2026-08-07,Somali,false
Sumaya,Ali,Awale,2016-07-03,Female,Hassan Awale,+252610001551,House 1551 Hodan District Mogadishu,guardian1551@example.com,Mother,6a76266d63e146a4e41f6870,,,6a7621e463e146a4e41f6852,2026-08-07,Somali,false
Jama,Ibrahim,Awale,2015-08-04,Male,Rahma Awale,+252610001552,House 1552 Waberi District Mogadishu,guardian1552@example.com,Father,6a76266d63e146a4e41f6870,,,6a7621e463e146a4e41f6852,2026-08-07,Somali,false
Muna,Abdullahi,Awale,2016-09-05,Female,Warsame Awale,+252610001553,House 1553 Hamar Weyne District Mogadishu,guardian1553@example.com,Mother,6a76266d63e146a4e41f6870,,,6a7621e463e146a4e41f6852,2026-08-07,Somali,false
Osman,Samatar,Awale,2015-10-06,Male,Hawa Awale,+252610001554,House 1554 Yaqshid District Mogadishu,guardian1554@example.com,Father,6a76266d63e146a4e41f6870,,,6a7621e463e146a4e41f6852,2026-08-07,Somali,false
Ruqiya,Elmi,Awale,2016-11-07,Female,Ibrahim Awale,+252610001555,House 1555 Karaan District Mogadishu,guardian1555@example.com,Mother,6a76266d63e146a4e41f6870,,,6a7621e463e146a4e41f6852,2026-08-07,Somali,false
Said,Mohamed,Awale,2015-12-08,Male,Hibo Awale,+252610001556,House 1556 Wadajir District Mogadishu,guardian1556@example.com,Father,6a76266d63e146a4e41f6870,,,6a7621e463e146a4e41f6852,2026-08-07,Somali,false
Luul,Farah,Awale,2016-01-09,Female,Daud Awale,+252610001557,House 1557 Dharkenley District Mogadishu,guardian1557@example.com,Mother,6a76266d63e146a4e41f6870,,,6a7621e463e146a4e41f6852,2026-08-07,Somali,false
Muse,Muse,Awale,2015-02-10,Male,Fadumo Awale,+252610001558,House 1558 Shangani District Mogadishu,guardian1558@example.com,Father,6a76266d63e146a4e41f6870,,,6a7621e463e146a4e41f6852,2026-08-07,Somali,false
Amal,Roble,Awale,2016-03-11,Female,Mahad Awale,+252610001559,House 1559 Bondhere District Mogadishu,guardian1559@example.com,Mother,6a76266d63e146a4e41f6870,,,6a7621e463e146a4e41f6852,2026-08-07,Somali,false
Warsame,Omar,Awale,2015-04-12,Male,Luul Awale,+252610001560,House 1560 Daynile District Mogadishu,guardian1560@example.com,Father,6a76266d63e146a4e41f6870,,,6a7621e463e146a4e41f6852,2026-08-07,Somali,false
Amina,Osman,Mire,2016-05-13,Female,Abdullahi Mire,+252610001561,House 1561 Hodan District Mogadishu,guardian1561@example.com,Mother,6a76266d63e146a4e41f6870,,,6a7621e463e146a4e41f6852,2026-08-07,Somali,false
Ahmed,Bashir,Mire,2015-06-14,Male,Halima Mire,+252610001562,House 1562 Waberi District Mogadishu,guardian1562@example.com,Father,6a76266d63e146a4e41f6870,,,6a7621e463e146a4e41f6852,2026-08-07,Somali,false
Hodan,Khalif,Mire,2016-07-15,Female,Jama Mire,+252610001563,House 1563 Hamar Weyne District Mogadishu,guardian1563@example.com,Mother,6a76266d63e146a4e41f6870,,,6a7621e463e146a4e41f6852,2026-08-07,Somali,false
Mohamed,Hassan,Mire,2015-08-16,Male,Ruqiya Mire,+252610001564,House 1564 Yaqshid District Mogadishu,guardian1564@example.com,Father,6a76266d63e146a4e41f6870,,,6a7621e463e146a4e41f6852,2026-08-07,Somali,false
Sahra,Ismail,Mire,2016-09-17,Female,Ahmed Mire,+252610001565,House 1565 Karaan District Mogadishu,guardian1565@example.com,Mother,6a76266d63e146a4e41f6870,,,6a7621e463e146a4e41f6852,2026-08-07,Somali,false
Abdi,Mahad,Mire,2015-10-18,Male,Deqa Mire,+252610001566,House 1566 Wadajir District Mogadishu,guardian1566@example.com,Father,6a76266d63e146a4e41f6870,,,6a7621e463e146a4e41f6852,2026-08-07,Somali,false
Fadumo,Abshir,Mire,2016-11-19,Female,Adan Mire,+252610001567,House 1567 Dharkenley District Mogadishu,guardian1567@example.com,Mother,6a76266d63e146a4e41f6870,,,6a7621e463e146a4e41f6852,2026-08-07,Somali,false
Yusuf,Aden,Mire,2015-12-20,Male,Ikram Mire,+252610001568,House 1568 Shangani District Mogadishu,guardian1568@example.com,Father,6a76266d63e146a4e41f6870,,,6a7621e463e146a4e41f6852,2026-08-07,Somali,false
Maryan,Ahmed,Mire,2016-01-21,Female,Ali Mire,+252610001569,House 1569 Bondhere District Mogadishu,guardian1569@example.com,Mother,6a76266d63e146a4e41f6870,,,6a7621e463e146a4e41f6852,2026-08-07,Somali,false
Hassan,Warsame,Mire,2015-02-22,Male,Yasmin Mire,+252610001570,House 1570 Daynile District Mogadishu,guardian1570@example.com,Father,6a76266d63e146a4e41f6870,,,6a7621e463e146a4e41f6852,2026-08-07,Somali,false
Halima,Daud,Mire,2016-03-23,Female,Muse Mire,+252610001571,House 1571 Hodan District Mogadishu,guardian1571@example.com,Mother,6a76266d63e146a4e41f6870,,,6a7621e463e146a4e41f6852,2026-08-07,Somali,false
Omar,Guled,Mire,2015-04-24,Male,Khadra Mire,+252610001572,House 1572 Waberi District Mogadishu,guardian1572@example.com,Father,6a76266d63e146a4e41f6870,,,6a7621e463e146a4e41f6852,2026-08-07,Somali,false
Yasmin,Yusuf,Mire,2016-05-25,Female,Omar Mire,+252610001573,House 1573 Hamar Weyne District Mogadishu,guardian1573@example.com,Mother,6a76266d63e146a4e41f6870,,,6a7621e463e146a4e41f6852,2026-08-07,Somali,false
Ali,Jama,Mire,2015-06-26,Male,Ifrah Mire,+252610001574,House 1574 Yaqshid District Mogadishu,guardian1574@example.com,Father,6a76266d63e146a4e41f6870,,,6a7621e463e146a4e41f6852,2026-08-07,Somali,false
Ikram,Said,Mire,2016-07-27,Female,Said Mire,+252610001575,House 1575 Karaan District Mogadishu,guardian1575@example.com,Mother,6a76266d63e146a4e41f6870,,,6a7621e463e146a4e41f6852,2026-08-07,Somali,false
Ismail,Shire,Mire,2015-08-28,Male,Sahra Mire,+252610001576,House 1576 Wadajir District Mogadishu,guardian1576@example.com,Father,6a76266d63e146a4e41f6870,,,6a7621e463e146a4e41f6852,2026-08-07,Somali,false
Nasteho,Abdi,Mire,2016-09-01,Female,Ismail Mire,+252610001577,House 1577 Dharkenley District Mogadishu,guardian1577@example.com,Mother,6a76266d63e146a4e41f6870,,,6a7621e463e146a4e41f6852,2026-08-07,Somali,false
Ibrahim,Nur,Mire,2015-10-02,Male,Sumaya Mire,+252610001578,House 1578 Shangani District Mogadishu,guardian1578@example.com,Father,6a76266d63e146a4e41f6870,,,6a7621e463e146a4e41f6852,2026-08-07,Somali,false
Deqa,Adan,Mire,2016-11-03,Female,Samatar Mire,+252610001579,House 1579 Bondhere District Mogadishu,guardian1579@example.com,Mother,6a76266d63e146a4e41f6870,,,6a7621e463e146a4e41f6852,2026-08-07,Somali,false
Zakariya,Liban,Mire,2015-12-04,Male,Maryan Mire,+252610001580,House 1580 Daynile District Mogadishu,guardian1580@example.com,Father,6a76266d63e146a4e41f6870,,,6a7621e463e146a4e41f6852,2026-08-07,Somali,false
Asha,Ali,Mire,2016-01-05,Female,Osman Mire,+252610001581,House 1581 Hodan District Mogadishu,guardian1581@example.com,Mother,6a76266d63e146a4e41f6870,,,6a7621e463e146a4e41f6852,2026-08-07,Somali,false
Abdullahi,Ibrahim,Mire,2015-02-06,Male,Muna Mire,+252610001582,House 1582 Waberi District Mogadishu,guardian1582@example.com,Father,6a76266d63e146a4e41f6870,,,6a7621e463e146a4e41f6852,2026-08-07,Somali,false
Khadija,Abdullahi,Mire,2016-03-07,Female,Mohamed Mire,+252610001583,House 1583 Hamar Weyne District Mogadishu,guardian1583@example.com,Mother,6a76266d63e146a4e41f6870,,,6a7621e463e146a4e41f6852,2026-08-07,Somali,false
Bashir,Samatar,Mire,2015-04-08,Male,Asha Mire,+252610001584,House 1584 Yaqshid District Mogadishu,guardian1584@example.com,Father,6a76266d63e146a4e41f6870,,,6a7621e463e146a4e41f6852,2026-08-07,Somali,false
Hibo,Elmi,Mire,2016-05-09,Female,Farah Mire,+252610001585,House 1585 Karaan District Mogadishu,guardian1585@example.com,Mother,6a76266d63e146a4e41f6870,,,6a7621e463e146a4e41f6852,2026-08-07,Somali,false
Mahad,Mohamed,Mire,2015-06-10,Male,Amal Mire,+252610001586,House 1586 Wadajir District Mogadishu,guardian1586@example.com,Father,6a76266d63e146a4e41f6870,,,6a7621e463e146a4e41f6852,2026-08-07,Somali,false
Rahma,Farah,Mire,2016-07-11,Female,Yusuf Mire,+252610001587,House 1587 Dharkenley District Mogadishu,guardian1587@example.com,Mother,6a76266d63e146a4e41f6870,,,6a7621e463e146a4e41f6852,2026-08-07,Somali,false
Adan,Muse,Mire,2015-08-12,Male,Nasteho Mire,+252610001588,House 1588 Shangani District Mogadishu,guardian1588@example.com,Father,6a76266d63e146a4e41f6870,,,6a7621e463e146a4e41f6852,2026-08-07,Somali,false
Ifrah,Roble,Mire,2016-09-13,Female,Bashir Mire,+252610001589,House 1589 Bondhere District Mogadishu,guardian1589@example.com,Mother,6a76266d63e146a4e41f6870,,,6a7621e463e146a4e41f6852,2026-08-07,Somali,false
Farah,Omar,Mire,2015-10-14,Male,Khadija Mire,+252610001590,House 1590 Daynile District Mogadishu,guardian1590@example.com,Father,6a76266d63e146a4e41f6870,,,6a7621e463e146a4e41f6852,2026-08-07,Somali,false
Sumaya,Osman,Mire,2016-11-15,Female,Hassan Mire,+252610001591,House 1591 Hodan District Mogadishu,guardian1591@example.com,Mother,6a76266d63e146a4e41f6870,,,6a7621e463e146a4e41f6852,2026-08-07,Somali,false
Jama,Bashir,Mire,2015-12-16,Male,Rahma Mire,+252610001592,House 1592 Waberi District Mogadishu,guardian1592@example.com,Father,6a76266d63e146a4e41f6870,,,6a7621e463e146a4e41f6852,2026-08-07,Somali,false
Muna,Khalif,Mire,2016-01-17,Female,Warsame Mire,+252610001593,House 1593 Hamar Weyne District Mogadishu,guardian1593@example.com,Mother,6a76266d63e146a4e41f6870,,,6a7621e463e146a4e41f6852,2026-08-07,Somali,false
Osman,Hassan,Mire,2015-02-18,Male,Hawa Mire,+252610001594,House 1594 Yaqshid District Mogadishu,guardian1594@example.com,Father,6a76266d63e146a4e41f6870,,,6a7621e463e146a4e41f6852,2026-08-07,Somali,false
Ruqiya,Ismail,Mire,2016-03-19,Female,Ibrahim Mire,+252610001595,House 1595 Karaan District Mogadishu,guardian1595@example.com,Mother,6a76266d63e146a4e41f6870,,,6a7621e463e146a4e41f6852,2026-08-07,Somali,false
Said,Mahad,Mire,2015-04-20,Male,Hibo Mire,+252610001596,House 1596 Wadajir District Mogadishu,guardian1596@example.com,Father,6a76266d63e146a4e41f6870,,,6a7621e463e146a4e41f6852,2026-08-07,Somali,false
Luul,Abshir,Mire,2016-05-21,Female,Daud Mire,+252610001597,House 1597 Dharkenley District Mogadishu,guardian1597@example.com,Mother,6a76266d63e146a4e41f6870,,,6a7621e463e146a4e41f6852,2026-08-07,Somali,false
Muse,Aden,Mire,2015-06-22,Male,Fadumo Mire,+252610001598,House 1598 Shangani District Mogadishu,guardian1598@example.com,Father,6a76266d63e146a4e41f6870,,,6a7621e463e146a4e41f6852,2026-08-07,Somali,false
Amal,Ahmed,Mire,2016-07-23,Female,Mahad Mire,+252610001599,House 1599 Bondhere District Mogadishu,guardian1599@example.com,Mother,6a76266d63e146a4e41f6870,,,6a7621e463e146a4e41f6852,2026-08-07,Somali,false
Warsame,Warsame,Mire,2015-08-24,Male,Luul Mire,+252610001600,House 1600 Daynile District Mogadishu,guardian1600@example.com,Father,6a76266d63e146a4e41f6870,,,6a7621e463e146a4e41f6852,2026-08-07,Somali,false
Amina,Daud,Artan,2016-09-25,Female,Abdullahi Artan,+252610001601,House 1601 Hodan District Mogadishu,guardian1601@example.com,Mother,6a76266d63e146a4e41f6870,,,6a7621e463e146a4e41f6852,2026-08-07,Somali,false
Ahmed,Guled,Artan,2015-10-26,Male,Halima Artan,+252610001602,House 1602 Waberi District Mogadishu,guardian1602@example.com,Father,6a76266d63e146a4e41f6870,,,6a7621e463e146a4e41f6852,2026-08-07,Somali,false
Hodan,Yusuf,Artan,2016-11-27,Female,Jama Artan,+252610001603,House 1603 Hamar Weyne District Mogadishu,guardian1603@example.com,Mother,6a76266d63e146a4e41f6870,,,6a7621e463e146a4e41f6852,2026-08-07,Somali,false
Mohamed,Jama,Artan,2015-12-28,Male,Ruqiya Artan,+252610001604,House 1604 Yaqshid District Mogadishu,guardian1604@example.com,Father,6a76266d63e146a4e41f6870,,,6a7621e463e146a4e41f6852,2026-08-07,Somali,false
Sahra,Said,Artan,2016-01-01,Female,Ahmed Artan,+252610001605,House 1605 Karaan District Mogadishu,guardian1605@example.com,Mother,6a76266d63e146a4e41f6870,,,6a7621e463e146a4e41f6852,2026-08-07,Somali,false
Abdi,Shire,Artan,2015-02-02,Male,Deqa Artan,+252610001606,House 1606 Wadajir District Mogadishu,guardian1606@example.com,Father,6a76266d63e146a4e41f6870,,,6a7621e463e146a4e41f6852,2026-08-07,Somali,false
Fadumo,Abdi,Artan,2016-03-03,Female,Adan Artan,+252610001607,House 1607 Dharkenley District Mogadishu,guardian1607@example.com,Mother,6a76266d63e146a4e41f6870,,,6a7621e463e146a4e41f6852,2026-08-07,Somali,false
Yusuf,Nur,Artan,2015-04-04,Male,Ikram Artan,+252610001608,House 1608 Shangani District Mogadishu,guardian1608@example.com,Father,6a76266d63e146a4e41f6870,,,6a7621e463e146a4e41f6852,2026-08-07,Somali,false
Maryan,Adan,Artan,2016-05-05,Female,Ali Artan,+252610001609,House 1609 Bondhere District Mogadishu,guardian1609@example.com,Mother,6a76266d63e146a4e41f6870,,,6a7621e463e146a4e41f6852,2026-08-07,Somali,false
Hassan,Liban,Artan,2015-06-06,Male,Yasmin Artan,+252610001610,House 1610 Daynile District Mogadishu,guardian1610@example.com,Father,6a76266d63e146a4e41f6870,,,6a7621e463e146a4e41f6852,2026-08-07,Somali,false
Halima,Ali,Artan,2016-07-07,Female,Muse Artan,+252610001611,House 1611 Hodan District Mogadishu,guardian1611@example.com,Mother,6a76266d63e146a4e41f6870,,,6a7621e463e146a4e41f6852,2026-08-07,Somali,false
Omar,Ibrahim,Artan,2015-08-08,Male,Khadra Artan,+252610001612,House 1612 Waberi District Mogadishu,guardian1612@example.com,Father,6a76266d63e146a4e41f6870,,,6a7621e463e146a4e41f6852,2026-08-07,Somali,false
Yasmin,Abdullahi,Artan,2016-09-09,Female,Omar Artan,+252610001613,House 1613 Hamar Weyne District Mogadishu,guardian1613@example.com,Mother,6a76266d63e146a4e41f6870,,,6a7621e463e146a4e41f6852,2026-08-07,Somali,false
Ali,Samatar,Artan,2015-10-10,Male,Ifrah Artan,+252610001614,House 1614 Yaqshid District Mogadishu,guardian1614@example.com,Father,6a76266d63e146a4e41f6870,,,6a7621e463e146a4e41f6852,2026-08-07,Somali,false
Ikram,Elmi,Artan,2016-11-11,Female,Said Artan,+252610001615,House 1615 Karaan District Mogadishu,guardian1615@example.com,Mother,6a76266d63e146a4e41f6870,,,6a7621e463e146a4e41f6852,2026-08-07,Somali,false
Ismail,Mohamed,Artan,2015-12-12,Male,Sahra Artan,+252610001616,House 1616 Wadajir District Mogadishu,guardian1616@example.com,Father,6a76266d63e146a4e41f6870,,,6a7621e463e146a4e41f6852,2026-08-07,Somali,false
Nasteho,Farah,Artan,2016-01-13,Female,Ismail Artan,+252610001617,House 1617 Dharkenley District Mogadishu,guardian1617@example.com,Mother,6a76266d63e146a4e41f6870,,,6a7621e463e146a4e41f6852,2026-08-07,Somali,false
Ibrahim,Muse,Artan,2015-02-14,Male,Sumaya Artan,+252610001618,House 1618 Shangani District Mogadishu,guardian1618@example.com,Father,6a76266d63e146a4e41f6870,,,6a7621e463e146a4e41f6852,2026-08-07,Somali,false
Deqa,Roble,Artan,2016-03-15,Female,Samatar Artan,+252610001619,House 1619 Bondhere District Mogadishu,guardian1619@example.com,Mother,6a76266d63e146a4e41f6870,,,6a7621e463e146a4e41f6852,2026-08-07,Somali,false
Zakariya,Omar,Artan,2015-04-16,Male,Maryan Artan,+252610001620,House 1620 Daynile District Mogadishu,guardian1620@example.com,Father,6a76266d63e146a4e41f6870,,,6a7621e463e146a4e41f6852,2026-08-07,Somali,false
Asha,Osman,Artan,2016-05-17,Female,Osman Artan,+252610001621,House 1621 Hodan District Mogadishu,guardian1621@example.com,Mother,6a76266d63e146a4e41f6870,,,6a7621e463e146a4e41f6852,2026-08-07,Somali,false
Abdullahi,Bashir,Artan,2015-06-18,Male,Muna Artan,+252610001622,House 1622 Waberi District Mogadishu,guardian1622@example.com,Father,6a76266d63e146a4e41f6870,,,6a7621e463e146a4e41f6852,2026-08-07,Somali,false
Khadija,Khalif,Artan,2016-07-19,Female,Mohamed Artan,+252610001623,House 1623 Hamar Weyne District Mogadishu,guardian1623@example.com,Mother,6a76266d63e146a4e41f6870,,,6a7621e463e146a4e41f6852,2026-08-07,Somali,false
Bashir,Hassan,Artan,2015-08-20,Male,Asha Artan,+252610001624,House 1624 Yaqshid District Mogadishu,guardian1624@example.com,Father,6a76266d63e146a4e41f6870,,,6a7621e463e146a4e41f6852,2026-08-07,Somali,false
Hibo,Ismail,Artan,2016-09-21,Female,Farah Artan,+252610001625,House 1625 Karaan District Mogadishu,guardian1625@example.com,Mother,6a76266d63e146a4e41f6870,,,6a7621e463e146a4e41f6852,2026-08-07,Somali,false
Mahad,Mahad,Artan,2015-10-22,Male,Amal Artan,+252610001626,House 1626 Wadajir District Mogadishu,guardian1626@example.com,Father,6a76266d63e146a4e41f6870,,,6a7621e463e146a4e41f6852,2026-08-07,Somali,false
Rahma,Abshir,Artan,2016-11-23,Female,Yusuf Artan,+252610001627,House 1627 Dharkenley District Mogadishu,guardian1627@example.com,Mother,6a76266d63e146a4e41f6870,,,6a7621e463e146a4e41f6852,2026-08-07,Somali,false
Adan,Aden,Artan,2015-12-24,Male,Nasteho Artan,+252610001628,House 1628 Shangani District Mogadishu,guardian1628@example.com,Father,6a76266d63e146a4e41f6870,,,6a7621e463e146a4e41f6852,2026-08-07,Somali,false
Ifrah,Ahmed,Artan,2016-01-25,Female,Bashir Artan,+252610001629,House 1629 Bondhere District Mogadishu,guardian1629@example.com,Mother,6a76266d63e146a4e41f6870,,,6a7621e463e146a4e41f6852,2026-08-07,Somali,false
Farah,Warsame,Artan,2015-02-26,Male,Khadija Artan,+252610001630,House 1630 Daynile District Mogadishu,guardian1630@example.com,Father,6a76266d63e146a4e41f6870,,,6a7621e463e146a4e41f6852,2026-08-07,Somali,false
Sumaya,Daud,Artan,2016-03-27,Female,Hassan Artan,+252610001631,House 1631 Hodan District Mogadishu,guardian1631@example.com,Mother,6a76266d63e146a4e41f6870,,,6a7621e463e146a4e41f6852,2026-08-07,Somali,false
Jama,Guled,Artan,2015-04-28,Male,Rahma Artan,+252610001632,House 1632 Waberi District Mogadishu,guardian1632@example.com,Father,6a76266d63e146a4e41f6870,,,6a7621e463e146a4e41f6852,2026-08-07,Somali,false
Muna,Yusuf,Artan,2016-05-01,Female,Warsame Artan,+252610001633,House 1633 Hamar Weyne District Mogadishu,guardian1633@example.com,Mother,6a76266d63e146a4e41f6870,,,6a7621e463e146a4e41f6852,2026-08-07,Somali,false
Osman,Jama,Artan,2015-06-02,Male,Hawa Artan,+252610001634,House 1634 Yaqshid District Mogadishu,guardian1634@example.com,Father,6a76266d63e146a4e41f6870,,,6a7621e463e146a4e41f6852,2026-08-07,Somali,false
Ruqiya,Said,Artan,2016-07-03,Female,Ibrahim Artan,+252610001635,House 1635 Karaan District Mogadishu,guardian1635@example.com,Mother,6a76266d63e146a4e41f6870,,,6a7621e463e146a4e41f6852,2026-08-07,Somali,false
Said,Shire,Artan,2015-08-04,Male,Hibo Artan,+252610001636,House 1636 Wadajir District Mogadishu,guardian1636@example.com,Father,6a76266d63e146a4e41f6870,,,6a7621e463e146a4e41f6852,2026-08-07,Somali,false
Luul,Abdi,Artan,2016-09-05,Female,Daud Artan,+252610001637,House 1637 Dharkenley District Mogadishu,guardian1637@example.com,Mother,6a76266d63e146a4e41f6870,,,6a7621e463e146a4e41f6852,2026-08-07,Somali,false
Muse,Nur,Artan,2015-10-06,Male,Fadumo Artan,+252610001638,House 1638 Shangani District Mogadishu,guardian1638@example.com,Father,6a76266d63e146a4e41f6870,,,6a7621e463e146a4e41f6852,2026-08-07,Somali,false
Amal,Adan,Artan,2016-11-07,Female,Mahad Artan,+252610001639,House 1639 Bondhere District Mogadishu,guardian1639@example.com,Mother,6a76266d63e146a4e41f6870,,,6a7621e463e146a4e41f6852,2026-08-07,Somali,false
Warsame,Liban,Artan,2015-12-08,Male,Luul Artan,+252610001640,House 1640 Daynile District Mogadishu,guardian1640@example.com,Father,6a76266d63e146a4e41f6870,,,6a7621e463e146a4e41f6852,2026-08-07,Somali,false
Amina,Ali,Ilmi,2016-01-09,Female,Abdullahi Ilmi,+252610001641,House 1641 Hodan District Mogadishu,guardian1641@example.com,Mother,6a76266d63e146a4e41f6870,,,6a7621e463e146a4e41f6852,2026-08-07,Somali,false
Ahmed,Ibrahim,Ilmi,2015-02-10,Male,Halima Ilmi,+252610001642,House 1642 Waberi District Mogadishu,guardian1642@example.com,Father,6a76266d63e146a4e41f6870,,,6a7621e463e146a4e41f6852,2026-08-07,Somali,false
Hodan,Abdullahi,Ilmi,2016-03-11,Female,Jama Ilmi,+252610001643,House 1643 Hamar Weyne District Mogadishu,guardian1643@example.com,Mother,6a76266d63e146a4e41f6870,,,6a7621e463e146a4e41f6852,2026-08-07,Somali,false
Mohamed,Samatar,Ilmi,2015-04-12,Male,Ruqiya Ilmi,+252610001644,House 1644 Yaqshid District Mogadishu,guardian1644@example.com,Father,6a76266d63e146a4e41f6870,,,6a7621e463e146a4e41f6852,2026-08-07,Somali,false
Sahra,Elmi,Ilmi,2016-05-13,Female,Ahmed Ilmi,+252610001645,House 1645 Karaan District Mogadishu,guardian1645@example.com,Mother,6a76266d63e146a4e41f6870,,,6a7621e463e146a4e41f6852,2026-08-07,Somali,false
Abdi,Mohamed,Ilmi,2015-06-14,Male,Deqa Ilmi,+252610001646,House 1646 Wadajir District Mogadishu,guardian1646@example.com,Father,6a76266d63e146a4e41f6870,,,6a7621e463e146a4e41f6852,2026-08-07,Somali,false
Fadumo,Farah,Ilmi,2016-07-15,Female,Adan Ilmi,+252610001647,House 1647 Dharkenley District Mogadishu,guardian1647@example.com,Mother,6a76266d63e146a4e41f6870,,,6a7621e463e146a4e41f6852,2026-08-07,Somali,false
Yusuf,Muse,Ilmi,2015-08-16,Male,Ikram Ilmi,+252610001648,House 1648 Shangani District Mogadishu,guardian1648@example.com,Father,6a76266d63e146a4e41f6870,,,6a7621e463e146a4e41f6852,2026-08-07,Somali,false
Maryan,Roble,Ilmi,2016-09-17,Female,Ali Ilmi,+252610001649,House 1649 Bondhere District Mogadishu,guardian1649@example.com,Mother,6a76266d63e146a4e41f6870,,,6a7621e463e146a4e41f6852,2026-08-07,Somali,false
Hassan,Omar,Ilmi,2015-10-18,Male,Yasmin Ilmi,+252610001650,House 1650 Daynile District Mogadishu,guardian1650@example.com,Father,6a76266d63e146a4e41f6870,,,6a7621e463e146a4e41f6852,2026-08-07,Somali,false
Halima,Osman,Ilmi,2016-11-19,Female,Muse Ilmi,+252610001651,House 1651 Hodan District Mogadishu,guardian1651@example.com,Mother,6a76266d63e146a4e41f6870,,,6a7621e463e146a4e41f6852,2026-08-07,Somali,false
Omar,Bashir,Ilmi,2015-12-20,Male,Khadra Ilmi,+252610001652,House 1652 Waberi District Mogadishu,guardian1652@example.com,Father,6a76266d63e146a4e41f6870,,,6a7621e463e146a4e41f6852,2026-08-07,Somali,false
Yasmin,Khalif,Ilmi,2016-01-21,Female,Omar Ilmi,+252610001653,House 1653 Hamar Weyne District Mogadishu,guardian1653@example.com,Mother,6a76266d63e146a4e41f6870,,,6a7621e463e146a4e41f6852,2026-08-07,Somali,false
Ali,Hassan,Ilmi,2015-02-22,Male,Ifrah Ilmi,+252610001654,House 1654 Yaqshid District Mogadishu,guardian1654@example.com,Father,6a76266d63e146a4e41f6870,,,6a7621e463e146a4e41f6852,2026-08-07,Somali,false
Ikram,Ismail,Ilmi,2016-03-23,Female,Said Ilmi,+252610001655,House 1655 Karaan District Mogadishu,guardian1655@example.com,Mother,6a76266d63e146a4e41f6870,,,6a7621e463e146a4e41f6852,2026-08-07,Somali,false
Ismail,Mahad,Ilmi,2015-04-24,Male,Sahra Ilmi,+252610001656,House 1656 Wadajir District Mogadishu,guardian1656@example.com,Father,6a76266d63e146a4e41f6870,,,6a7621e463e146a4e41f6852,2026-08-07,Somali,false
Nasteho,Abshir,Ilmi,2016-05-25,Female,Ismail Ilmi,+252610001657,House 1657 Dharkenley District Mogadishu,guardian1657@example.com,Mother,6a76266d63e146a4e41f6870,,,6a7621e463e146a4e41f6852,2026-08-07,Somali,false
Ibrahim,Aden,Ilmi,2015-06-26,Male,Sumaya Ilmi,+252610001658,House 1658 Shangani District Mogadishu,guardian1658@example.com,Father,6a76266d63e146a4e41f6870,,,6a7621e463e146a4e41f6852,2026-08-07,Somali,false
Deqa,Ahmed,Ilmi,2016-07-27,Female,Samatar Ilmi,+252610001659,House 1659 Bondhere District Mogadishu,guardian1659@example.com,Mother,6a76266d63e146a4e41f6870,,,6a7621e463e146a4e41f6852,2026-08-07,Somali,false
Zakariya,Warsame,Ilmi,2015-08-28,Male,Maryan Ilmi,+252610001660,House 1660 Daynile District Mogadishu,guardian1660@example.com,Father,6a76266d63e146a4e41f6870,,,6a7621e463e146a4e41f6852,2026-08-07,Somali,false
Asha,Daud,Ilmi,2016-09-01,Female,Osman Ilmi,+252610001661,House 1661 Hodan District Mogadishu,guardian1661@example.com,Mother,6a76266d63e146a4e41f6870,,,6a7621e463e146a4e41f6852,2026-08-07,Somali,false
Abdullahi,Guled,Ilmi,2015-10-02,Male,Muna Ilmi,+252610001662,House 1662 Waberi District Mogadishu,guardian1662@example.com,Father,6a76266d63e146a4e41f6870,,,6a7621e463e146a4e41f6852,2026-08-07,Somali,false
Khadija,Yusuf,Ilmi,2016-11-03,Female,Mohamed Ilmi,+252610001663,House 1663 Hamar Weyne District Mogadishu,guardian1663@example.com,Mother,6a76266d63e146a4e41f6870,,,6a7621e463e146a4e41f6852,2026-08-07,Somali,false
Bashir,Jama,Ilmi,2015-12-04,Male,Asha Ilmi,+252610001664,House 1664 Yaqshid District Mogadishu,guardian1664@example.com,Father,6a76266d63e146a4e41f6870,,,6a7621e463e146a4e41f6852,2026-08-07,Somali,false
Hibo,Said,Ilmi,2016-01-05,Female,Farah Ilmi,+252610001665,House 1665 Karaan District Mogadishu,guardian1665@example.com,Mother,6a76266d63e146a4e41f6870,,,6a7621e463e146a4e41f6852,2026-08-07,Somali,false
Mahad,Shire,Ilmi,2015-02-06,Male,Amal Ilmi,+252610001666,House 1666 Wadajir District Mogadishu,guardian1666@example.com,Father,6a76266d63e146a4e41f6870,,,6a7621e463e146a4e41f6852,2026-08-07,Somali,false
Rahma,Abdi,Ilmi,2016-03-07,Female,Yusuf Ilmi,+252610001667,House 1667 Dharkenley District Mogadishu,guardian1667@example.com,Mother,6a76266d63e146a4e41f6870,,,6a7621e463e146a4e41f6852,2026-08-07,Somali,false
Adan,Nur,Ilmi,2015-04-08,Male,Nasteho Ilmi,+252610001668,House 1668 Shangani District Mogadishu,guardian1668@example.com,Father,6a76266d63e146a4e41f6870,,,6a7621e463e146a4e41f6852,2026-08-07,Somali,false
Ifrah,Adan,Ilmi,2016-05-09,Female,Bashir Ilmi,+252610001669,House 1669 Bondhere District Mogadishu,guardian1669@example.com,Mother,6a76266d63e146a4e41f6870,,,6a7621e463e146a4e41f6852,2026-08-07,Somali,false
Farah,Liban,Ilmi,2015-06-10,Male,Khadija Ilmi,+252610001670,House 1670 Daynile District Mogadishu,guardian1670@example.com,Father,6a76266d63e146a4e41f6870,,,6a7621e463e146a4e41f6852,2026-08-07,Somali,false
Sumaya,Ali,Ilmi,2016-07-11,Female,Hassan Ilmi,+252610001671,House 1671 Hodan District Mogadishu,guardian1671@example.com,Mother,6a76266d63e146a4e41f6870,,,6a7621e463e146a4e41f6852,2026-08-07,Somali,false
Jama,Ibrahim,Ilmi,2015-08-12,Male,Rahma Ilmi,+252610001672,House 1672 Waberi District Mogadishu,guardian1672@example.com,Father,6a76266d63e146a4e41f6870,,,6a7621e463e146a4e41f6852,2026-08-07,Somali,false
Muna,Abdullahi,Ilmi,2016-09-13,Female,Warsame Ilmi,+252610001673,House 1673 Hamar Weyne District Mogadishu,guardian1673@example.com,Mother,6a76266d63e146a4e41f6870,,,6a7621e463e146a4e41f6852,2026-08-07,Somali,false
Osman,Samatar,Ilmi,2015-10-14,Male,Hawa Ilmi,+252610001674,House 1674 Yaqshid District Mogadishu,guardian1674@example.com,Father,6a76266d63e146a4e41f6870,,,6a7621e463e146a4e41f6852,2026-08-07,Somali,false
Ruqiya,Elmi,Ilmi,2016-11-15,Female,Ibrahim Ilmi,+252610001675,House 1675 Karaan District Mogadishu,guardian1675@example.com,Mother,6a76266d63e146a4e41f6870,,,6a7621e463e146a4e41f6852,2026-08-07,Somali,false
Said,Mohamed,Ilmi,2015-12-16,Male,Hibo Ilmi,+252610001676,House 1676 Wadajir District Mogadishu,guardian1676@example.com,Father,6a76266d63e146a4e41f6870,,,6a7621e463e146a4e41f6852,2026-08-07,Somali,false
Luul,Farah,Ilmi,2016-01-17,Female,Daud Ilmi,+252610001677,House 1677 Dharkenley District Mogadishu,guardian1677@example.com,Mother,6a76266d63e146a4e41f6870,,,6a7621e463e146a4e41f6852,2026-08-07,Somali,false
Muse,Muse,Ilmi,2015-02-18,Male,Fadumo Ilmi,+252610001678,House 1678 Shangani District Mogadishu,guardian1678@example.com,Father,6a76266d63e146a4e41f6870,,,6a7621e463e146a4e41f6852,2026-08-07,Somali,false
Amal,Roble,Ilmi,2016-03-19,Female,Mahad Ilmi,+252610001679,House 1679 Bondhere District Mogadishu,guardian1679@example.com,Mother,6a76266d63e146a4e41f6870,,,6a7621e463e146a4e41f6852,2026-08-07,Somali,false
Warsame,Omar,Ilmi,2015-04-20,Male,Luul Ilmi,+252610001680,House 1680 Daynile District Mogadishu,guardian1680@example.com,Father,6a76266d63e146a4e41f6870,,,6a7621e463e146a4e41f6852,2026-08-07,Somali,false
Amina,Osman,Dualeh,2016-05-21,Female,Abdullahi Dualeh,+252610001681,House 1681 Hodan District Mogadishu,guardian1681@example.com,Mother,6a76266d63e146a4e41f6870,,,6a7621e463e146a4e41f6852,2026-08-07,Somali,false
Ahmed,Bashir,Dualeh,2015-06-22,Male,Halima Dualeh,+252610001682,House 1682 Waberi District Mogadishu,guardian1682@example.com,Father,6a76266d63e146a4e41f6870,,,6a7621e463e146a4e41f6852,2026-08-07,Somali,false
Hodan,Khalif,Dualeh,2016-07-23,Female,Jama Dualeh,+252610001683,House 1683 Hamar Weyne District Mogadishu,guardian1683@example.com,Mother,6a76266d63e146a4e41f6870,,,6a7621e463e146a4e41f6852,2026-08-07,Somali,false
Mohamed,Hassan,Dualeh,2015-08-24,Male,Ruqiya Dualeh,+252610001684,House 1684 Yaqshid District Mogadishu,guardian1684@example.com,Father,6a76266d63e146a4e41f6870,,,6a7621e463e146a4e41f6852,2026-08-07,Somali,false
Sahra,Ismail,Dualeh,2016-09-25,Female,Ahmed Dualeh,+252610001685,House 1685 Karaan District Mogadishu,guardian1685@example.com,Mother,6a76266d63e146a4e41f6870,,,6a7621e463e146a4e41f6852,2026-08-07,Somali,false
Abdi,Mahad,Dualeh,2015-10-26,Male,Deqa Dualeh,+252610001686,House 1686 Wadajir District Mogadishu,guardian1686@example.com,Father,6a76266d63e146a4e41f6870,,,6a7621e463e146a4e41f6852,2026-08-07,Somali,false
Fadumo,Abshir,Dualeh,2016-11-27,Female,Adan Dualeh,+252610001687,House 1687 Dharkenley District Mogadishu,guardian1687@example.com,Mother,6a76266d63e146a4e41f6870,,,6a7621e463e146a4e41f6852,2026-08-07,Somali,false
Yusuf,Aden,Dualeh,2015-12-28,Male,Ikram Dualeh,+252610001688,House 1688 Shangani District Mogadishu,guardian1688@example.com,Father,6a76266d63e146a4e41f6870,,,6a7621e463e146a4e41f6852,2026-08-07,Somali,false
Maryan,Ahmed,Dualeh,2016-01-01,Female,Ali Dualeh,+252610001689,House 1689 Bondhere District Mogadishu,guardian1689@example.com,Mother,6a76266d63e146a4e41f6870,,,6a7621e463e146a4e41f6852,2026-08-07,Somali,false
Hassan,Warsame,Dualeh,2015-02-02,Male,Yasmin Dualeh,+252610001690,House 1690 Daynile District Mogadishu,guardian1690@example.com,Father,6a76266d63e146a4e41f6870,,,6a7621e463e146a4e41f6852,2026-08-07,Somali,false
Halima,Daud,Dualeh,2016-03-03,Female,Muse Dualeh,+252610001691,House 1691 Hodan District Mogadishu,guardian1691@example.com,Mother,6a76266d63e146a4e41f6870,,,6a7621e463e146a4e41f6852,2026-08-07,Somali,false
Omar,Guled,Dualeh,2015-04-04,Male,Khadra Dualeh,+252610001692,House 1692 Waberi District Mogadishu,guardian1692@example.com,Father,6a76266d63e146a4e41f6870,,,6a7621e463e146a4e41f6852,2026-08-07,Somali,false
Yasmin,Yusuf,Dualeh,2016-05-05,Female,Omar Dualeh,+252610001693,House 1693 Hamar Weyne District Mogadishu,guardian1693@example.com,Mother,6a76266d63e146a4e41f6870,,,6a7621e463e146a4e41f6852,2026-08-07,Somali,false
Ali,Jama,Dualeh,2015-06-06,Male,Ifrah Dualeh,+252610001694,House 1694 Yaqshid District Mogadishu,guardian1694@example.com,Father,6a76266d63e146a4e41f6870,,,6a7621e463e146a4e41f6852,2026-08-07,Somali,false
Ikram,Said,Dualeh,2016-07-07,Female,Said Dualeh,+252610001695,House 1695 Karaan District Mogadishu,guardian1695@example.com,Mother,6a76266d63e146a4e41f6870,,,6a7621e463e146a4e41f6852,2026-08-07,Somali,false
Ismail,Shire,Dualeh,2015-08-08,Male,Sahra Dualeh,+252610001696,House 1696 Wadajir District Mogadishu,guardian1696@example.com,Father,6a76266d63e146a4e41f6870,,,6a7621e463e146a4e41f6852,2026-08-07,Somali,false
Nasteho,Abdi,Dualeh,2016-09-09,Female,Ismail Dualeh,+252610001697,House 1697 Dharkenley District Mogadishu,guardian1697@example.com,Mother,6a76266d63e146a4e41f6870,,,6a7621e463e146a4e41f6852,2026-08-07,Somali,false
Ibrahim,Nur,Dualeh,2015-10-10,Male,Sumaya Dualeh,+252610001698,House 1698 Shangani District Mogadishu,guardian1698@example.com,Father,6a76266d63e146a4e41f6870,,,6a7621e463e146a4e41f6852,2026-08-07,Somali,false
Deqa,Adan,Dualeh,2016-11-11,Female,Samatar Dualeh,+252610001699,House 1699 Bondhere District Mogadishu,guardian1699@example.com,Mother,6a76266d63e146a4e41f6870,,,6a7621e463e146a4e41f6852,2026-08-07,Somali,false
Zakariya,Liban,Dualeh,2015-12-12,Male,Maryan Dualeh,+252610001700,House 1700 Daynile District Mogadishu,guardian1700@example.com,Father,6a76266d63e146a4e41f6870,,,6a7621e463e146a4e41f6852,2026-08-07,Somali,false
Asha,Ali,Dualeh,2016-01-13,Female,Osman Dualeh,+252610001701,House 1701 Hodan District Mogadishu,guardian1701@example.com,Mother,6a76266d63e146a4e41f6870,,,6a7621e463e146a4e41f6852,2026-08-07,Somali,false
Abdullahi,Ibrahim,Dualeh,2015-02-14,Male,Muna Dualeh,+252610001702,House 1702 Waberi District Mogadishu,guardian1702@example.com,Father,6a76266d63e146a4e41f6870,,,6a7621e463e146a4e41f6852,2026-08-07,Somali,false
Khadija,Abdullahi,Dualeh,2016-03-15,Female,Mohamed Dualeh,+252610001703,House 1703 Hamar Weyne District Mogadishu,guardian1703@example.com,Mother,6a76266d63e146a4e41f6870,,,6a7621e463e146a4e41f6852,2026-08-07,Somali,false
Bashir,Samatar,Dualeh,2015-04-16,Male,Asha Dualeh,+252610001704,House 1704 Yaqshid District Mogadishu,guardian1704@example.com,Father,6a76266d63e146a4e41f6870,,,6a7621e463e146a4e41f6852,2026-08-07,Somali,false
Hibo,Elmi,Dualeh,2016-05-17,Female,Farah Dualeh,+252610001705,House 1705 Karaan District Mogadishu,guardian1705@example.com,Mother,6a76266d63e146a4e41f6870,,,6a7621e463e146a4e41f6852,2026-08-07,Somali,false
Mahad,Mohamed,Dualeh,2015-06-18,Male,Amal Dualeh,+252610001706,House 1706 Wadajir District Mogadishu,guardian1706@example.com,Father,6a76266d63e146a4e41f6870,,,6a7621e463e146a4e41f6852,2026-08-07,Somali,false
Rahma,Farah,Dualeh,2016-07-19,Female,Yusuf Dualeh,+252610001707,House 1707 Dharkenley District Mogadishu,guardian1707@example.com,Mother,6a76266d63e146a4e41f6870,,,6a7621e463e146a4e41f6852,2026-08-07,Somali,false
Adan,Muse,Dualeh,2015-08-20,Male,Nasteho Dualeh,+252610001708,House 1708 Shangani District Mogadishu,guardian1708@example.com,Father,6a76266d63e146a4e41f6870,,,6a7621e463e146a4e41f6852,2026-08-07,Somali,false
Ifrah,Roble,Dualeh,2016-09-21,Female,Bashir Dualeh,+252610001709,House 1709 Bondhere District Mogadishu,guardian1709@example.com,Mother,6a76266d63e146a4e41f6870,,,6a7621e463e146a4e41f6852,2026-08-07,Somali,false
Farah,Omar,Dualeh,2015-10-22,Male,Khadija Dualeh,+252610001710,House 1710 Daynile District Mogadishu,guardian1710@example.com,Father,6a76266d63e146a4e41f6870,,,6a7621e463e146a4e41f6852,2026-08-07,Somali,false
Sumaya,Osman,Dualeh,2016-11-23,Female,Hassan Dualeh,+252610001711,House 1711 Hodan District Mogadishu,guardian1711@example.com,Mother,6a76266d63e146a4e41f6870,,,6a7621e463e146a4e41f6852,2026-08-07,Somali,false
Jama,Bashir,Dualeh,2015-12-24,Male,Rahma Dualeh,+252610001712,House 1712 Waberi District Mogadishu,guardian1712@example.com,Father,6a76266d63e146a4e41f6870,,,6a7621e463e146a4e41f6852,2026-08-07,Somali,false
Muna,Khalif,Dualeh,2016-01-25,Female,Warsame Dualeh,+252610001713,House 1713 Hamar Weyne District Mogadishu,guardian1713@example.com,Mother,6a76266d63e146a4e41f6870,,,6a7621e463e146a4e41f6852,2026-08-07,Somali,false
Osman,Hassan,Dualeh,2015-02-26,Male,Hawa Dualeh,+252610001714,House 1714 Yaqshid District Mogadishu,guardian1714@example.com,Father,6a76266d63e146a4e41f6870,,,6a7621e463e146a4e41f6852,2026-08-07,Somali,false
Ruqiya,Ismail,Dualeh,2016-03-27,Female,Ibrahim Dualeh,+252610001715,House 1715 Karaan District Mogadishu,guardian1715@example.com,Mother,6a76266d63e146a4e41f6870,,,6a7621e463e146a4e41f6852,2026-08-07,Somali,false
Said,Mahad,Dualeh,2015-04-28,Male,Hibo Dualeh,+252610001716,House 1716 Wadajir District Mogadishu,guardian1716@example.com,Father,6a76266d63e146a4e41f6870,,,6a7621e463e146a4e41f6852,2026-08-07,Somali,false
Luul,Abshir,Dualeh,2016-05-01,Female,Daud Dualeh,+252610001717,House 1717 Dharkenley District Mogadishu,guardian1717@example.com,Mother,6a76266d63e146a4e41f6870,,,6a7621e463e146a4e41f6852,2026-08-07,Somali,false
Muse,Aden,Dualeh,2015-06-02,Male,Fadumo Dualeh,+252610001718,House 1718 Shangani District Mogadishu,guardian1718@example.com,Father,6a76266d63e146a4e41f6870,,,6a7621e463e146a4e41f6852,2026-08-07,Somali,false
Amal,Ahmed,Dualeh,2016-07-03,Female,Mahad Dualeh,+252610001719,House 1719 Bondhere District Mogadishu,guardian1719@example.com,Mother,6a76266d63e146a4e41f6870,,,6a7621e463e146a4e41f6852,2026-08-07,Somali,false
Warsame,Warsame,Dualeh,2015-08-04,Male,Luul Dualeh,+252610001720,House 1720 Daynile District Mogadishu,guardian1720@example.com,Father,6a76266d63e146a4e41f6870,,,6a7621e463e146a4e41f6852,2026-08-07,Somali,false
Amina,Daud,Barre,2016-09-05,Female,Abdullahi Barre,+252610001721,House 1721 Hodan District Mogadishu,guardian1721@example.com,Mother,6a76266d63e146a4e41f6870,,,6a7621e463e146a4e41f6852,2026-08-07,Somali,false
Ahmed,Guled,Barre,2015-10-06,Male,Halima Barre,+252610001722,House 1722 Waberi District Mogadishu,guardian1722@example.com,Father,6a76266d63e146a4e41f6870,,,6a7621e463e146a4e41f6852,2026-08-07,Somali,false
Hodan,Yusuf,Barre,2016-11-07,Female,Jama Barre,+252610001723,House 1723 Hamar Weyne District Mogadishu,guardian1723@example.com,Mother,6a76266d63e146a4e41f6870,,,6a7621e463e146a4e41f6852,2026-08-07,Somali,false
Mohamed,Jama,Barre,2015-12-08,Male,Ruqiya Barre,+252610001724,House 1724 Yaqshid District Mogadishu,guardian1724@example.com,Father,6a76266d63e146a4e41f6870,,,6a7621e463e146a4e41f6852,2026-08-07,Somali,false
Sahra,Said,Barre,2016-01-09,Female,Ahmed Barre,+252610001725,House 1725 Karaan District Mogadishu,guardian1725@example.com,Mother,6a76266d63e146a4e41f6870,,,6a7621e463e146a4e41f6852,2026-08-07,Somali,false
Abdi,Shire,Barre,2015-02-10,Male,Deqa Barre,+252610001726,House 1726 Wadajir District Mogadishu,guardian1726@example.com,Father,6a76266d63e146a4e41f6870,,,6a7621e463e146a4e41f6852,2026-08-07,Somali,false
Fadumo,Abdi,Barre,2016-03-11,Female,Adan Barre,+252610001727,House 1727 Dharkenley District Mogadishu,guardian1727@example.com,Mother,6a76266d63e146a4e41f6870,,,6a7621e463e146a4e41f6852,2026-08-07,Somali,false
Yusuf,Nur,Barre,2015-04-12,Male,Ikram Barre,+252610001728,House 1728 Shangani District Mogadishu,guardian1728@example.com,Father,6a76266d63e146a4e41f6870,,,6a7621e463e146a4e41f6852,2026-08-07,Somali,false
Maryan,Adan,Barre,2016-05-13,Female,Ali Barre,+252610001729,House 1729 Bondhere District Mogadishu,guardian1729@example.com,Mother,6a76266d63e146a4e41f6870,,,6a7621e463e146a4e41f6852,2026-08-07,Somali,false
Hassan,Liban,Barre,2015-06-14,Male,Yasmin Barre,+252610001730,House 1730 Daynile District Mogadishu,guardian1730@example.com,Father,6a76266d63e146a4e41f6870,,,6a7621e463e146a4e41f6852,2026-08-07,Somali,false
Halima,Ali,Barre,2016-07-15,Female,Muse Barre,+252610001731,House 1731 Hodan District Mogadishu,guardian1731@example.com,Mother,6a76266d63e146a4e41f6870,,,6a7621e463e146a4e41f6852,2026-08-07,Somali,false
Omar,Ibrahim,Barre,2015-08-16,Male,Khadra Barre,+252610001732,House 1732 Waberi District Mogadishu,guardian1732@example.com,Father,6a76266d63e146a4e41f6870,,,6a7621e463e146a4e41f6852,2026-08-07,Somali,false
Yasmin,Abdullahi,Barre,2016-09-17,Female,Omar Barre,+252610001733,House 1733 Hamar Weyne District Mogadishu,guardian1733@example.com,Mother,6a76266d63e146a4e41f6870,,,6a7621e463e146a4e41f6852,2026-08-07,Somali,false
Ali,Samatar,Barre,2015-10-18,Male,Ifrah Barre,+252610001734,House 1734 Yaqshid District Mogadishu,guardian1734@example.com,Father,6a76266d63e146a4e41f6870,,,6a7621e463e146a4e41f6852,2026-08-07,Somali,false
Ikram,Elmi,Barre,2016-11-19,Female,Said Barre,+252610001735,House 1735 Karaan District Mogadishu,guardian1735@example.com,Mother,6a76266d63e146a4e41f6870,,,6a7621e463e146a4e41f6852,2026-08-07,Somali,false
Ismail,Mohamed,Barre,2015-12-20,Male,Sahra Barre,+252610001736,House 1736 Wadajir District Mogadishu,guardian1736@example.com,Father,6a76266d63e146a4e41f6870,,,6a7621e463e146a4e41f6852,2026-08-07,Somali,false
Nasteho,Farah,Barre,2016-01-21,Female,Ismail Barre,+252610001737,House 1737 Dharkenley District Mogadishu,guardian1737@example.com,Mother,6a76266d63e146a4e41f6870,,,6a7621e463e146a4e41f6852,2026-08-07,Somali,false
Ibrahim,Muse,Barre,2015-02-22,Male,Sumaya Barre,+252610001738,House 1738 Shangani District Mogadishu,guardian1738@example.com,Father,6a76266d63e146a4e41f6870,,,6a7621e463e146a4e41f6852,2026-08-07,Somali,false
Deqa,Roble,Barre,2016-03-23,Female,Samatar Barre,+252610001739,House 1739 Bondhere District Mogadishu,guardian1739@example.com,Mother,6a76266d63e146a4e41f6870,,,6a7621e463e146a4e41f6852,2026-08-07,Somali,false
Zakariya,Omar,Barre,2015-04-24,Male,Maryan Barre,+252610001740,House 1740 Daynile District Mogadishu,guardian1740@example.com,Father,6a76266d63e146a4e41f6870,,,6a7621e463e146a4e41f6852,2026-08-07,Somali,false
Asha,Osman,Barre,2016-05-25,Female,Osman Barre,+252610001741,House 1741 Hodan District Mogadishu,guardian1741@example.com,Mother,6a76266d63e146a4e41f6870,,,6a7621e463e146a4e41f6852,2026-08-07,Somali,false
Abdullahi,Bashir,Barre,2015-06-26,Male,Muna Barre,+252610001742,House 1742 Waberi District Mogadishu,guardian1742@example.com,Father,6a76266d63e146a4e41f6870,,,6a7621e463e146a4e41f6852,2026-08-07,Somali,false
Khadija,Khalif,Barre,2016-07-27,Female,Mohamed Barre,+252610001743,House 1743 Hamar Weyne District Mogadishu,guardian1743@example.com,Mother,6a76266d63e146a4e41f6870,,,6a7621e463e146a4e41f6852,2026-08-07,Somali,false
Bashir,Hassan,Barre,2015-08-28,Male,Asha Barre,+252610001744,House 1744 Yaqshid District Mogadishu,guardian1744@example.com,Father,6a76266d63e146a4e41f6870,,,6a7621e463e146a4e41f6852,2026-08-07,Somali,false
Hibo,Ismail,Barre,2016-09-01,Female,Farah Barre,+252610001745,House 1745 Karaan District Mogadishu,guardian1745@example.com,Mother,6a76266d63e146a4e41f6870,,,6a7621e463e146a4e41f6852,2026-08-07,Somali,false
Mahad,Mahad,Barre,2015-10-02,Male,Amal Barre,+252610001746,House 1746 Wadajir District Mogadishu,guardian1746@example.com,Father,6a76266d63e146a4e41f6870,,,6a7621e463e146a4e41f6852,2026-08-07,Somali,false
Rahma,Abshir,Barre,2016-11-03,Female,Yusuf Barre,+252610001747,House 1747 Dharkenley District Mogadishu,guardian1747@example.com,Mother,6a76266d63e146a4e41f6870,,,6a7621e463e146a4e41f6852,2026-08-07,Somali,false
Adan,Aden,Barre,2015-12-04,Male,Nasteho Barre,+252610001748,House 1748 Shangani District Mogadishu,guardian1748@example.com,Father,6a76266d63e146a4e41f6870,,,6a7621e463e146a4e41f6852,2026-08-07,Somali,false
Ifrah,Ahmed,Barre,2016-01-05,Female,Bashir Barre,+252610001749,House 1749 Bondhere District Mogadishu,guardian1749@example.com,Mother,6a76266d63e146a4e41f6870,,,6a7621e463e146a4e41f6852,2026-08-07,Somali,false
Farah,Warsame,Barre,2015-02-06,Male,Khadija Barre,+252610001750,House 1750 Daynile District Mogadishu,guardian1750@example.com,Father,6a76266d63e146a4e41f6870,,,6a7621e463e146a4e41f6852,2026-08-07,Somali,false
Sumaya,Daud,Barre,2016-03-07,Female,Hassan Barre,+252610001751,House 1751 Hodan District Mogadishu,guardian1751@example.com,Mother,6a76266d63e146a4e41f6870,,,6a7621e463e146a4e41f6852,2026-08-07,Somali,false
Jama,Guled,Barre,2015-04-08,Male,Rahma Barre,+252610001752,House 1752 Waberi District Mogadishu,guardian1752@example.com,Father,6a76266d63e146a4e41f6870,,,6a7621e463e146a4e41f6852,2026-08-07,Somali,false
Muna,Yusuf,Barre,2016-05-09,Female,Warsame Barre,+252610001753,House 1753 Hamar Weyne District Mogadishu,guardian1753@example.com,Mother,6a76266d63e146a4e41f6870,,,6a7621e463e146a4e41f6852,2026-08-07,Somali,false
Osman,Jama,Barre,2015-06-10,Male,Hawa Barre,+252610001754,House 1754 Yaqshid District Mogadishu,guardian1754@example.com,Father,6a76266d63e146a4e41f6870,,,6a7621e463e146a4e41f6852,2026-08-07,Somali,false
Ruqiya,Said,Barre,2016-07-11,Female,Ibrahim Barre,+252610001755,House 1755 Karaan District Mogadishu,guardian1755@example.com,Mother,6a76266d63e146a4e41f6870,,,6a7621e463e146a4e41f6852,2026-08-07,Somali,false
Said,Shire,Barre,2015-08-12,Male,Hibo Barre,+252610001756,House 1756 Wadajir District Mogadishu,guardian1756@example.com,Father,6a76266d63e146a4e41f6870,,,6a7621e463e146a4e41f6852,2026-08-07,Somali,false
Luul,Abdi,Barre,2016-09-13,Female,Daud Barre,+252610001757,House 1757 Dharkenley District Mogadishu,guardian1757@example.com,Mother,6a76266d63e146a4e41f6870,,,6a7621e463e146a4e41f6852,2026-08-07,Somali,false
Muse,Nur,Barre,2015-10-14,Male,Fadumo Barre,+252610001758,House 1758 Shangani District Mogadishu,guardian1758@example.com,Father,6a76266d63e146a4e41f6870,,,6a7621e463e146a4e41f6852,2026-08-07,Somali,false
Amal,Adan,Barre,2016-11-15,Female,Mahad Barre,+252610001759,House 1759 Bondhere District Mogadishu,guardian1759@example.com,Mother,6a76266d63e146a4e41f6870,,,6a7621e463e146a4e41f6852,2026-08-07,Somali,false
Warsame,Liban,Barre,2015-12-16,Male,Luul Barre,+252610001760,House 1760 Daynile District Mogadishu,guardian1760@example.com,Father,6a76266d63e146a4e41f6870,,,6a7621e463e146a4e41f6852,2026-08-07,Somali,false
Amina,Ali,Rage,2016-01-17,Female,Abdullahi Rage,+252610001761,House 1761 Hodan District Mogadishu,guardian1761@example.com,Mother,6a76266d63e146a4e41f6870,,,6a7621e463e146a4e41f6852,2026-08-07,Somali,false
Ahmed,Ibrahim,Rage,2015-02-18,Male,Halima Rage,+252610001762,House 1762 Waberi District Mogadishu,guardian1762@example.com,Father,6a76266d63e146a4e41f6870,,,6a7621e463e146a4e41f6852,2026-08-07,Somali,false
Hodan,Abdullahi,Rage,2016-03-19,Female,Jama Rage,+252610001763,House 1763 Hamar Weyne District Mogadishu,guardian1763@example.com,Mother,6a76266d63e146a4e41f6870,,,6a7621e463e146a4e41f6852,2026-08-07,Somali,false
Mohamed,Samatar,Rage,2015-04-20,Male,Ruqiya Rage,+252610001764,House 1764 Yaqshid District Mogadishu,guardian1764@example.com,Father,6a76266d63e146a4e41f6870,,,6a7621e463e146a4e41f6852,2026-08-07,Somali,false
Sahra,Elmi,Rage,2016-05-21,Female,Ahmed Rage,+252610001765,House 1765 Karaan District Mogadishu,guardian1765@example.com,Mother,6a76266d63e146a4e41f6870,,,6a7621e463e146a4e41f6852,2026-08-07,Somali,false
Abdi,Mohamed,Rage,2015-06-22,Male,Deqa Rage,+252610001766,House 1766 Wadajir District Mogadishu,guardian1766@example.com,Father,6a76266d63e146a4e41f6870,,,6a7621e463e146a4e41f6852,2026-08-07,Somali,false
Fadumo,Farah,Rage,2016-07-23,Female,Adan Rage,+252610001767,House 1767 Dharkenley District Mogadishu,guardian1767@example.com,Mother,6a76266d63e146a4e41f6870,,,6a7621e463e146a4e41f6852,2026-08-07,Somali,false
Yusuf,Muse,Rage,2015-08-24,Male,Ikram Rage,+252610001768,House 1768 Shangani District Mogadishu,guardian1768@example.com,Father,6a76266d63e146a4e41f6870,,,6a7621e463e146a4e41f6852,2026-08-07,Somali,false
Maryan,Roble,Rage,2016-09-25,Female,Ali Rage,+252610001769,House 1769 Bondhere District Mogadishu,guardian1769@example.com,Mother,6a76266d63e146a4e41f6870,,,6a7621e463e146a4e41f6852,2026-08-07,Somali,false
Hassan,Omar,Rage,2015-10-26,Male,Yasmin Rage,+252610001770,House 1770 Daynile District Mogadishu,guardian1770@example.com,Father,6a76266d63e146a4e41f6870,,,6a7621e463e146a4e41f6852,2026-08-07,Somali,false
Halima,Osman,Rage,2016-11-27,Female,Muse Rage,+252610001771,House 1771 Hodan District Mogadishu,guardian1771@example.com,Mother,6a76266d63e146a4e41f6870,,,6a7621e463e146a4e41f6852,2026-08-07,Somali,false
Omar,Bashir,Rage,2015-12-28,Male,Khadra Rage,+252610001772,House 1772 Waberi District Mogadishu,guardian1772@example.com,Father,6a76266d63e146a4e41f6870,,,6a7621e463e146a4e41f6852,2026-08-07,Somali,false
Yasmin,Khalif,Rage,2016-01-01,Female,Omar Rage,+252610001773,House 1773 Hamar Weyne District Mogadishu,guardian1773@example.com,Mother,6a76266d63e146a4e41f6870,,,6a7621e463e146a4e41f6852,2026-08-07,Somali,false
Ali,Hassan,Rage,2015-02-02,Male,Ifrah Rage,+252610001774,House 1774 Yaqshid District Mogadishu,guardian1774@example.com,Father,6a76266d63e146a4e41f6870,,,6a7621e463e146a4e41f6852,2026-08-07,Somali,false
Ikram,Ismail,Rage,2016-03-03,Female,Said Rage,+252610001775,House 1775 Karaan District Mogadishu,guardian1775@example.com,Mother,6a76266d63e146a4e41f6870,,,6a7621e463e146a4e41f6852,2026-08-07,Somali,false
Ismail,Mahad,Rage,2015-04-04,Male,Sahra Rage,+252610001776,House 1776 Wadajir District Mogadishu,guardian1776@example.com,Father,6a76266d63e146a4e41f6870,,,6a7621e463e146a4e41f6852,2026-08-07,Somali,false
Nasteho,Abshir,Rage,2016-05-05,Female,Ismail Rage,+252610001777,House 1777 Dharkenley District Mogadishu,guardian1777@example.com,Mother,6a76266d63e146a4e41f6870,,,6a7621e463e146a4e41f6852,2026-08-07,Somali,false
Ibrahim,Aden,Rage,2015-06-06,Male,Sumaya Rage,+252610001778,House 1778 Shangani District Mogadishu,guardian1778@example.com,Father,6a76266d63e146a4e41f6870,,,6a7621e463e146a4e41f6852,2026-08-07,Somali,false
Deqa,Ahmed,Rage,2016-07-07,Female,Samatar Rage,+252610001779,House 1779 Bondhere District Mogadishu,guardian1779@example.com,Mother,6a76266d63e146a4e41f6870,,,6a7621e463e146a4e41f6852,2026-08-07,Somali,false
Zakariya,Warsame,Rage,2015-08-08,Male,Maryan Rage,+252610001780,House 1780 Daynile District Mogadishu,guardian1780@example.com,Father,6a76266d63e146a4e41f6870,,,6a7621e463e146a4e41f6852,2026-08-07,Somali,false
Asha,Daud,Rage,2016-09-09,Female,Osman Rage,+252610001781,House 1781 Hodan District Mogadishu,guardian1781@example.com,Mother,6a76266d63e146a4e41f6870,,,6a7621e463e146a4e41f6852,2026-08-07,Somali,false
Abdullahi,Guled,Rage,2015-10-10,Male,Muna Rage,+252610001782,House 1782 Waberi District Mogadishu,guardian1782@example.com,Father,6a76266d63e146a4e41f6870,,,6a7621e463e146a4e41f6852,2026-08-07,Somali,false
Khadija,Yusuf,Rage,2016-11-11,Female,Mohamed Rage,+252610001783,House 1783 Hamar Weyne District Mogadishu,guardian1783@example.com,Mother,6a76266d63e146a4e41f6870,,,6a7621e463e146a4e41f6852,2026-08-07,Somali,false
Bashir,Jama,Rage,2015-12-12,Male,Asha Rage,+252610001784,House 1784 Yaqshid District Mogadishu,guardian1784@example.com,Father,6a76266d63e146a4e41f6870,,,6a7621e463e146a4e41f6852,2026-08-07,Somali,false
Hibo,Said,Rage,2016-01-13,Female,Farah Rage,+252610001785,House 1785 Karaan District Mogadishu,guardian1785@example.com,Mother,6a76266d63e146a4e41f6870,,,6a7621e463e146a4e41f6852,2026-08-07,Somali,false
Mahad,Shire,Rage,2015-02-14,Male,Amal Rage,+252610001786,House 1786 Wadajir District Mogadishu,guardian1786@example.com,Father,6a76266d63e146a4e41f6870,,,6a7621e463e146a4e41f6852,2026-08-07,Somali,false
Rahma,Abdi,Rage,2016-03-15,Female,Yusuf Rage,+252610001787,House 1787 Dharkenley District Mogadishu,guardian1787@example.com,Mother,6a76266d63e146a4e41f6870,,,6a7621e463e146a4e41f6852,2026-08-07,Somali,false
Adan,Nur,Rage,2015-04-16,Male,Nasteho Rage,+252610001788,House 1788 Shangani District Mogadishu,guardian1788@example.com,Father,6a76266d63e146a4e41f6870,,,6a7621e463e146a4e41f6852,2026-08-07,Somali,false
Ifrah,Adan,Rage,2016-05-17,Female,Bashir Rage,+252610001789,House 1789 Bondhere District Mogadishu,guardian1789@example.com,Mother,6a76266d63e146a4e41f6870,,,6a7621e463e146a4e41f6852,2026-08-07,Somali,false
Farah,Liban,Rage,2015-06-18,Male,Khadija Rage,+252610001790,House 1790 Daynile District Mogadishu,guardian1790@example.com,Father,6a76266d63e146a4e41f6870,,,6a7621e463e146a4e41f6852,2026-08-07,Somali,false
Sumaya,Ali,Rage,2016-07-19,Female,Hassan Rage,+252610001791,House 1791 Hodan District Mogadishu,guardian1791@example.com,Mother,6a76266d63e146a4e41f6870,,,6a7621e463e146a4e41f6852,2026-08-07,Somali,false
Jama,Ibrahim,Rage,2015-08-20,Male,Rahma Rage,+252610001792,House 1792 Waberi District Mogadishu,guardian1792@example.com,Father,6a76266d63e146a4e41f6870,,,6a7621e463e146a4e41f6852,2026-08-07,Somali,false
Muna,Abdullahi,Rage,2016-09-21,Female,Warsame Rage,+252610001793,House 1793 Hamar Weyne District Mogadishu,guardian1793@example.com,Mother,6a76266d63e146a4e41f6870,,,6a7621e463e146a4e41f6852,2026-08-07,Somali,false
Osman,Samatar,Rage,2015-10-22,Male,Hawa Rage,+252610001794,House 1794 Yaqshid District Mogadishu,guardian1794@example.com,Father,6a76266d63e146a4e41f6870,,,6a7621e463e146a4e41f6852,2026-08-07,Somali,false
Ruqiya,Elmi,Rage,2016-11-23,Female,Ibrahim Rage,+252610001795,House 1795 Karaan District Mogadishu,guardian1795@example.com,Mother,6a76266d63e146a4e41f6870,,,6a7621e463e146a4e41f6852,2026-08-07,Somali,false
Said,Mohamed,Rage,2015-12-24,Male,Hibo Rage,+252610001796,House 1796 Wadajir District Mogadishu,guardian1796@example.com,Father,6a76266d63e146a4e41f6870,,,6a7621e463e146a4e41f6852,2026-08-07,Somali,false
Luul,Farah,Rage,2016-01-25,Female,Daud Rage,+252610001797,House 1797 Dharkenley District Mogadishu,guardian1797@example.com,Mother,6a76266d63e146a4e41f6870,,,6a7621e463e146a4e41f6852,2026-08-07,Somali,false
Muse,Muse,Rage,2015-02-26,Male,Fadumo Rage,+252610001798,House 1798 Shangani District Mogadishu,guardian1798@example.com,Father,6a76266d63e146a4e41f6870,,,6a7621e463e146a4e41f6852,2026-08-07,Somali,false
Amal,Roble,Rage,2016-03-27,Female,Mahad Rage,+252610001799,House 1799 Bondhere District Mogadishu,guardian1799@example.com,Mother,6a76266d63e146a4e41f6870,,,6a7621e463e146a4e41f6852,2026-08-07,Somali,false
Warsame,Omar,Rage,2015-04-28,Male,Luul Rage,+252610001800,House 1800 Daynile District Mogadishu,guardian1800@example.com,Father,6a76266d63e146a4e41f6870,,,6a7621e463e146a4e41f6852,2026-08-07,Somali,false
Amina,Osman,Hashi,2016-05-01,Female,Abdullahi Hashi,+252610001801,House 1801 Hodan District Mogadishu,guardian1801@example.com,Mother,6a76266d63e146a4e41f6870,,,6a7621e463e146a4e41f6852,2026-08-07,Somali,false
Ahmed,Bashir,Hashi,2015-06-02,Male,Halima Hashi,+252610001802,House 1802 Waberi District Mogadishu,guardian1802@example.com,Father,6a76266d63e146a4e41f6870,,,6a7621e463e146a4e41f6852,2026-08-07,Somali,false
Hodan,Khalif,Hashi,2016-07-03,Female,Jama Hashi,+252610001803,House 1803 Hamar Weyne District Mogadishu,guardian1803@example.com,Mother,6a76266d63e146a4e41f6870,,,6a7621e463e146a4e41f6852,2026-08-07,Somali,false
Mohamed,Hassan,Hashi,2015-08-04,Male,Ruqiya Hashi,+252610001804,House 1804 Yaqshid District Mogadishu,guardian1804@example.com,Father,6a76266d63e146a4e41f6870,,,6a7621e463e146a4e41f6852,2026-08-07,Somali,false
Sahra,Ismail,Hashi,2016-09-05,Female,Ahmed Hashi,+252610001805,House 1805 Karaan District Mogadishu,guardian1805@example.com,Mother,6a76266d63e146a4e41f6870,,,6a7621e463e146a4e41f6852,2026-08-07,Somali,false
Abdi,Mahad,Hashi,2015-10-06,Male,Deqa Hashi,+252610001806,House 1806 Wadajir District Mogadishu,guardian1806@example.com,Father,6a76266d63e146a4e41f6870,,,6a7621e463e146a4e41f6852,2026-08-07,Somali,false
Fadumo,Abshir,Hashi,2016-11-07,Female,Adan Hashi,+252610001807,House 1807 Dharkenley District Mogadishu,guardian1807@example.com,Mother,6a76266d63e146a4e41f6870,,,6a7621e463e146a4e41f6852,2026-08-07,Somali,false
Yusuf,Aden,Hashi,2015-12-08,Male,Ikram Hashi,+252610001808,House 1808 Shangani District Mogadishu,guardian1808@example.com,Father,6a76266d63e146a4e41f6870,,,6a7621e463e146a4e41f6852,2026-08-07,Somali,false
Maryan,Ahmed,Hashi,2016-01-09,Female,Ali Hashi,+252610001809,House 1809 Bondhere District Mogadishu,guardian1809@example.com,Mother,6a76266d63e146a4e41f6870,,,6a7621e463e146a4e41f6852,2026-08-07,Somali,false
Hassan,Warsame,Hashi,2015-02-10,Male,Yasmin Hashi,+252610001810,House 1810 Daynile District Mogadishu,guardian1810@example.com,Father,6a76266d63e146a4e41f6870,,,6a7621e463e146a4e41f6852,2026-08-07,Somali,false
Halima,Daud,Hashi,2016-03-11,Female,Muse Hashi,+252610001811,House 1811 Hodan District Mogadishu,guardian1811@example.com,Mother,6a76266d63e146a4e41f6870,,,6a7621e463e146a4e41f6852,2026-08-07,Somali,false
Omar,Guled,Hashi,2015-04-12,Male,Khadra Hashi,+252610001812,House 1812 Waberi District Mogadishu,guardian1812@example.com,Father,6a76266d63e146a4e41f6870,,,6a7621e463e146a4e41f6852,2026-08-07,Somali,false
Yasmin,Yusuf,Hashi,2016-05-13,Female,Omar Hashi,+252610001813,House 1813 Hamar Weyne District Mogadishu,guardian1813@example.com,Mother,6a76266d63e146a4e41f6870,,,6a7621e463e146a4e41f6852,2026-08-07,Somali,false
Ali,Jama,Hashi,2015-06-14,Male,Ifrah Hashi,+252610001814,House 1814 Yaqshid District Mogadishu,guardian1814@example.com,Father,6a76266d63e146a4e41f6870,,,6a7621e463e146a4e41f6852,2026-08-07,Somali,false
Ikram,Said,Hashi,2016-07-15,Female,Said Hashi,+252610001815,House 1815 Karaan District Mogadishu,guardian1815@example.com,Mother,6a76266d63e146a4e41f6870,,,6a7621e463e146a4e41f6852,2026-08-07,Somali,false
Ismail,Shire,Hashi,2015-08-16,Male,Sahra Hashi,+252610001816,House 1816 Wadajir District Mogadishu,guardian1816@example.com,Father,6a76266d63e146a4e41f6870,,,6a7621e463e146a4e41f6852,2026-08-07,Somali,false
Nasteho,Abdi,Hashi,2016-09-17,Female,Ismail Hashi,+252610001817,House 1817 Dharkenley District Mogadishu,guardian1817@example.com,Mother,6a76266d63e146a4e41f6870,,,6a7621e463e146a4e41f6852,2026-08-07,Somali,false
Ibrahim,Nur,Hashi,2015-10-18,Male,Sumaya Hashi,+252610001818,House 1818 Shangani District Mogadishu,guardian1818@example.com,Father,6a76266d63e146a4e41f6870,,,6a7621e463e146a4e41f6852,2026-08-07,Somali,false
Deqa,Adan,Hashi,2016-11-19,Female,Samatar Hashi,+252610001819,House 1819 Bondhere District Mogadishu,guardian1819@example.com,Mother,6a76266d63e146a4e41f6870,,,6a7621e463e146a4e41f6852,2026-08-07,Somali,false
Zakariya,Liban,Hashi,2015-12-20,Male,Maryan Hashi,+252610001820,House 1820 Daynile District Mogadishu,guardian1820@example.com,Father,6a76266d63e146a4e41f6870,,,6a7621e463e146a4e41f6852,2026-08-07,Somali,false
Asha,Ali,Hashi,2016-01-21,Female,Osman Hashi,+252610001821,House 1821 Hodan District Mogadishu,guardian1821@example.com,Mother,6a76266d63e146a4e41f6870,,,6a7621e463e146a4e41f6852,2026-08-07,Somali,false
Abdullahi,Ibrahim,Hashi,2015-02-22,Male,Muna Hashi,+252610001822,House 1822 Waberi District Mogadishu,guardian1822@example.com,Father,6a76266d63e146a4e41f6870,,,6a7621e463e146a4e41f6852,2026-08-07,Somali,false
Khadija,Abdullahi,Hashi,2016-03-23,Female,Mohamed Hashi,+252610001823,House 1823 Hamar Weyne District Mogadishu,guardian1823@example.com,Mother,6a76266d63e146a4e41f6870,,,6a7621e463e146a4e41f6852,2026-08-07,Somali,false
Bashir,Samatar,Hashi,2015-04-24,Male,Asha Hashi,+252610001824,House 1824 Yaqshid District Mogadishu,guardian1824@example.com,Father,6a76266d63e146a4e41f6870,,,6a7621e463e146a4e41f6852,2026-08-07,Somali,false
Hibo,Elmi,Hashi,2016-05-25,Female,Farah Hashi,+252610001825,House 1825 Karaan District Mogadishu,guardian1825@example.com,Mother,6a76266d63e146a4e41f6870,,,6a7621e463e146a4e41f6852,2026-08-07,Somali,false
Mahad,Mohamed,Hashi,2015-06-26,Male,Amal Hashi,+252610001826,House 1826 Wadajir District Mogadishu,guardian1826@example.com,Father,6a76266d63e146a4e41f6870,,,6a7621e463e146a4e41f6852,2026-08-07,Somali,false
Rahma,Farah,Hashi,2016-07-27,Female,Yusuf Hashi,+252610001827,House 1827 Dharkenley District Mogadishu,guardian1827@example.com,Mother,6a76266d63e146a4e41f6870,,,6a7621e463e146a4e41f6852,2026-08-07,Somali,false
Adan,Muse,Hashi,2015-08-28,Male,Nasteho Hashi,+252610001828,House 1828 Shangani District Mogadishu,guardian1828@example.com,Father,6a76266d63e146a4e41f6870,,,6a7621e463e146a4e41f6852,2026-08-07,Somali,false
Ifrah,Roble,Hashi,2016-09-01,Female,Bashir Hashi,+252610001829,House 1829 Bondhere District Mogadishu,guardian1829@example.com,Mother,6a76266d63e146a4e41f6870,,,6a7621e463e146a4e41f6852,2026-08-07,Somali,false
Farah,Omar,Hashi,2015-10-02,Male,Khadija Hashi,+252610001830,House 1830 Daynile District Mogadishu,guardian1830@example.com,Father,6a76266d63e146a4e41f6870,,,6a7621e463e146a4e41f6852,2026-08-07,Somali,false
Sumaya,Osman,Hashi,2016-11-03,Female,Hassan Hashi,+252610001831,House 1831 Hodan District Mogadishu,guardian1831@example.com,Mother,6a76266d63e146a4e41f6870,,,6a7621e463e146a4e41f6852,2026-08-07,Somali,false
Jama,Bashir,Hashi,2015-12-04,Male,Rahma Hashi,+252610001832,House 1832 Waberi District Mogadishu,guardian1832@example.com,Father,6a76266d63e146a4e41f6870,,,6a7621e463e146a4e41f6852,2026-08-07,Somali,false
Muna,Khalif,Hashi,2016-01-05,Female,Warsame Hashi,+252610001833,House 1833 Hamar Weyne District Mogadishu,guardian1833@example.com,Mother,6a76266d63e146a4e41f6870,,,6a7621e463e146a4e41f6852,2026-08-07,Somali,false
Osman,Hassan,Hashi,2015-02-06,Male,Hawa Hashi,+252610001834,House 1834 Yaqshid District Mogadishu,guardian1834@example.com,Father,6a76266d63e146a4e41f6870,,,6a7621e463e146a4e41f6852,2026-08-07,Somali,false
Ruqiya,Ismail,Hashi,2016-03-07,Female,Ibrahim Hashi,+252610001835,House 1835 Karaan District Mogadishu,guardian1835@example.com,Mother,6a76266d63e146a4e41f6870,,,6a7621e463e146a4e41f6852,2026-08-07,Somali,false
Said,Mahad,Hashi,2015-04-08,Male,Hibo Hashi,+252610001836,House 1836 Wadajir District Mogadishu,guardian1836@example.com,Father,6a76266d63e146a4e41f6870,,,6a7621e463e146a4e41f6852,2026-08-07,Somali,false
Luul,Abshir,Hashi,2016-05-09,Female,Daud Hashi,+252610001837,House 1837 Dharkenley District Mogadishu,guardian1837@example.com,Mother,6a76266d63e146a4e41f6870,,,6a7621e463e146a4e41f6852,2026-08-07,Somali,false
Muse,Aden,Hashi,2015-06-10,Male,Fadumo Hashi,+252610001838,House 1838 Shangani District Mogadishu,guardian1838@example.com,Father,6a76266d63e146a4e41f6870,,,6a7621e463e146a4e41f6852,2026-08-07,Somali,false
Amal,Ahmed,Hashi,2016-07-11,Female,Mahad Hashi,+252610001839,House 1839 Bondhere District Mogadishu,guardian1839@example.com,Mother,6a76266d63e146a4e41f6870,,,6a7621e463e146a4e41f6852,2026-08-07,Somali,false
Warsame,Warsame,Hashi,2015-08-12,Male,Luul Hashi,+252610001840,House 1840 Daynile District Mogadishu,guardian1840@example.com,Father,6a76266d63e146a4e41f6870,,,6a7621e463e146a4e41f6852,2026-08-07,Somali,false
Amina,Daud,Sugule,2016-09-13,Female,Abdullahi Sugule,+252610001841,House 1841 Hodan District Mogadishu,guardian1841@example.com,Mother,6a76266d63e146a4e41f6870,,,6a7621e463e146a4e41f6852,2026-08-07,Somali,false
Ahmed,Guled,Sugule,2015-10-14,Male,Halima Sugule,+252610001842,House 1842 Waberi District Mogadishu,guardian1842@example.com,Father,6a76266d63e146a4e41f6870,,,6a7621e463e146a4e41f6852,2026-08-07,Somali,false
Hodan,Yusuf,Sugule,2016-11-15,Female,Jama Sugule,+252610001843,House 1843 Hamar Weyne District Mogadishu,guardian1843@example.com,Mother,6a76266d63e146a4e41f6870,,,6a7621e463e146a4e41f6852,2026-08-07,Somali,false
Mohamed,Jama,Sugule,2015-12-16,Male,Ruqiya Sugule,+252610001844,House 1844 Yaqshid District Mogadishu,guardian1844@example.com,Father,6a76266d63e146a4e41f6870,,,6a7621e463e146a4e41f6852,2026-08-07,Somali,false
Sahra,Said,Sugule,2016-01-17,Female,Ahmed Sugule,+252610001845,House 1845 Karaan District Mogadishu,guardian1845@example.com,Mother,6a76266d63e146a4e41f6870,,,6a7621e463e146a4e41f6852,2026-08-07,Somali,false
Abdi,Shire,Sugule,2015-02-18,Male,Deqa Sugule,+252610001846,House 1846 Wadajir District Mogadishu,guardian1846@example.com,Father,6a76266d63e146a4e41f6870,,,6a7621e463e146a4e41f6852,2026-08-07,Somali,false
Fadumo,Abdi,Sugule,2016-03-19,Female,Adan Sugule,+252610001847,House 1847 Dharkenley District Mogadishu,guardian1847@example.com,Mother,6a76266d63e146a4e41f6870,,,6a7621e463e146a4e41f6852,2026-08-07,Somali,false
Yusuf,Nur,Sugule,2015-04-20,Male,Ikram Sugule,+252610001848,House 1848 Shangani District Mogadishu,guardian1848@example.com,Father,6a76266d63e146a4e41f6870,,,6a7621e463e146a4e41f6852,2026-08-07,Somali,false
Maryan,Adan,Sugule,2016-05-21,Female,Ali Sugule,+252610001849,House 1849 Bondhere District Mogadishu,guardian1849@example.com,Mother,6a76266d63e146a4e41f6870,,,6a7621e463e146a4e41f6852,2026-08-07,Somali,false
Hassan,Liban,Sugule,2015-06-22,Male,Yasmin Sugule,+252610001850,House 1850 Daynile District Mogadishu,guardian1850@example.com,Father,6a76266d63e146a4e41f6870,,,6a7621e463e146a4e41f6852,2026-08-07,Somali,false
Halima,Ali,Sugule,2016-07-23,Female,Muse Sugule,+252610001851,House 1851 Hodan District Mogadishu,guardian1851@example.com,Mother,6a76266d63e146a4e41f6870,,,6a7621e463e146a4e41f6852,2026-08-07,Somali,false
Omar,Ibrahim,Sugule,2015-08-24,Male,Khadra Sugule,+252610001852,House 1852 Waberi District Mogadishu,guardian1852@example.com,Father,6a76266d63e146a4e41f6870,,,6a7621e463e146a4e41f6852,2026-08-07,Somali,false
Yasmin,Abdullahi,Sugule,2016-09-25,Female,Omar Sugule,+252610001853,House 1853 Hamar Weyne District Mogadishu,guardian1853@example.com,Mother,6a76266d63e146a4e41f6870,,,6a7621e463e146a4e41f6852,2026-08-07,Somali,false
Ali,Samatar,Sugule,2015-10-26,Male,Ifrah Sugule,+252610001854,House 1854 Yaqshid District Mogadishu,guardian1854@example.com,Father,6a76266d63e146a4e41f6870,,,6a7621e463e146a4e41f6852,2026-08-07,Somali,false
Ikram,Elmi,Sugule,2016-11-27,Female,Said Sugule,+252610001855,House 1855 Karaan District Mogadishu,guardian1855@example.com,Mother,6a76266d63e146a4e41f6870,,,6a7621e463e146a4e41f6852,2026-08-07,Somali,false
Ismail,Mohamed,Sugule,2015-12-28,Male,Sahra Sugule,+252610001856,House 1856 Wadajir District Mogadishu,guardian1856@example.com,Father,6a76266d63e146a4e41f6870,,,6a7621e463e146a4e41f6852,2026-08-07,Somali,false
Nasteho,Farah,Sugule,2016-01-01,Female,Ismail Sugule,+252610001857,House 1857 Dharkenley District Mogadishu,guardian1857@example.com,Mother,6a76266d63e146a4e41f6870,,,6a7621e463e146a4e41f6852,2026-08-07,Somali,false
Ibrahim,Muse,Sugule,2015-02-02,Male,Sumaya Sugule,+252610001858,House 1858 Shangani District Mogadishu,guardian1858@example.com,Father,6a76266d63e146a4e41f6870,,,6a7621e463e146a4e41f6852,2026-08-07,Somali,false
Deqa,Roble,Sugule,2016-03-03,Female,Samatar Sugule,+252610001859,House 1859 Bondhere District Mogadishu,guardian1859@example.com,Mother,6a76266d63e146a4e41f6870,,,6a7621e463e146a4e41f6852,2026-08-07,Somali,false
Zakariya,Omar,Sugule,2015-04-04,Male,Maryan Sugule,+252610001860,House 1860 Daynile District Mogadishu,guardian1860@example.com,Father,6a76266d63e146a4e41f6870,,,6a7621e463e146a4e41f6852,2026-08-07,Somali,false
Asha,Osman,Sugule,2016-05-05,Female,Osman Sugule,+252610001861,House 1861 Hodan District Mogadishu,guardian1861@example.com,Mother,6a76266d63e146a4e41f6870,,,6a7621e463e146a4e41f6852,2026-08-07,Somali,false
Abdullahi,Bashir,Sugule,2015-06-06,Male,Muna Sugule,+252610001862,House 1862 Waberi District Mogadishu,guardian1862@example.com,Father,6a76266d63e146a4e41f6870,,,6a7621e463e146a4e41f6852,2026-08-07,Somali,false
Khadija,Khalif,Sugule,2016-07-07,Female,Mohamed Sugule,+252610001863,House 1863 Hamar Weyne District Mogadishu,guardian1863@example.com,Mother,6a76266d63e146a4e41f6870,,,6a7621e463e146a4e41f6852,2026-08-07,Somali,false
Bashir,Hassan,Sugule,2015-08-08,Male,Asha Sugule,+252610001864,House 1864 Yaqshid District Mogadishu,guardian1864@example.com,Father,6a76266d63e146a4e41f6870,,,6a7621e463e146a4e41f6852,2026-08-07,Somali,false
Hibo,Ismail,Sugule,2016-09-09,Female,Farah Sugule,+252610001865,House 1865 Karaan District Mogadishu,guardian1865@example.com,Mother,6a76266d63e146a4e41f6870,,,6a7621e463e146a4e41f6852,2026-08-07,Somali,false
Mahad,Mahad,Sugule,2015-10-10,Male,Amal Sugule,+252610001866,House 1866 Wadajir District Mogadishu,guardian1866@example.com,Father,6a76266d63e146a4e41f6870,,,6a7621e463e146a4e41f6852,2026-08-07,Somali,false
Rahma,Abshir,Sugule,2016-11-11,Female,Yusuf Sugule,+252610001867,House 1867 Dharkenley District Mogadishu,guardian1867@example.com,Mother,6a76266d63e146a4e41f6870,,,6a7621e463e146a4e41f6852,2026-08-07,Somali,false
Adan,Aden,Sugule,2015-12-12,Male,Nasteho Sugule,+252610001868,House 1868 Shangani District Mogadishu,guardian1868@example.com,Father,6a76266d63e146a4e41f6870,,,6a7621e463e146a4e41f6852,2026-08-07,Somali,false
Ifrah,Ahmed,Sugule,2016-01-13,Female,Bashir Sugule,+252610001869,House 1869 Bondhere District Mogadishu,guardian1869@example.com,Mother,6a76266d63e146a4e41f6870,,,6a7621e463e146a4e41f6852,2026-08-07,Somali,false
Farah,Warsame,Sugule,2015-02-14,Male,Khadija Sugule,+252610001870,House 1870 Daynile District Mogadishu,guardian1870@example.com,Father,6a76266d63e146a4e41f6870,,,6a7621e463e146a4e41f6852,2026-08-07,Somali,false
Sumaya,Daud,Sugule,2016-03-15,Female,Hassan Sugule,+252610001871,House 1871 Hodan District Mogadishu,guardian1871@example.com,Mother,6a76266d63e146a4e41f6870,,,6a7621e463e146a4e41f6852,2026-08-07,Somali,false
Jama,Guled,Sugule,2015-04-16,Male,Rahma Sugule,+252610001872,House 1872 Waberi District Mogadishu,guardian1872@example.com,Father,6a76266d63e146a4e41f6870,,,6a7621e463e146a4e41f6852,2026-08-07,Somali,false
Muna,Yusuf,Sugule,2016-05-17,Female,Warsame Sugule,+252610001873,House 1873 Hamar Weyne District Mogadishu,guardian1873@example.com,Mother,6a76266d63e146a4e41f6870,,,6a7621e463e146a4e41f6852,2026-08-07,Somali,false
Osman,Jama,Sugule,2015-06-18,Male,Hawa Sugule,+252610001874,House 1874 Yaqshid District Mogadishu,guardian1874@example.com,Father,6a76266d63e146a4e41f6870,,,6a7621e463e146a4e41f6852,2026-08-07,Somali,false
Ruqiya,Said,Sugule,2016-07-19,Female,Ibrahim Sugule,+252610001875,House 1875 Karaan District Mogadishu,guardian1875@example.com,Mother,6a76266d63e146a4e41f6870,,,6a7621e463e146a4e41f6852,2026-08-07,Somali,false
Said,Shire,Sugule,2015-08-20,Male,Hibo Sugule,+252610001876,House 1876 Wadajir District Mogadishu,guardian1876@example.com,Father,6a76266d63e146a4e41f6870,,,6a7621e463e146a4e41f6852,2026-08-07,Somali,false
Luul,Abdi,Sugule,2016-09-21,Female,Daud Sugule,+252610001877,House 1877 Dharkenley District Mogadishu,guardian1877@example.com,Mother,6a76266d63e146a4e41f6870,,,6a7621e463e146a4e41f6852,2026-08-07,Somali,false
Muse,Nur,Sugule,2015-10-22,Male,Fadumo Sugule,+252610001878,House 1878 Shangani District Mogadishu,guardian1878@example.com,Father,6a76266d63e146a4e41f6870,,,6a7621e463e146a4e41f6852,2026-08-07,Somali,false
Amal,Adan,Sugule,2016-11-23,Female,Mahad Sugule,+252610001879,House 1879 Bondhere District Mogadishu,guardian1879@example.com,Mother,6a76266d63e146a4e41f6870,,,6a7621e463e146a4e41f6852,2026-08-07,Somali,false
Warsame,Liban,Sugule,2015-12-24,Male,Luul Sugule,+252610001880,House 1880 Daynile District Mogadishu,guardian1880@example.com,Father,6a76266d63e146a4e41f6870,,,6a7621e463e146a4e41f6852,2026-08-07,Somali,false
Amina,Ali,Gure,2016-01-25,Female,Abdullahi Gure,+252610001881,House 1881 Hodan District Mogadishu,guardian1881@example.com,Mother,6a76266d63e146a4e41f6870,,,6a7621e463e146a4e41f6852,2026-08-07,Somali,false
Ahmed,Ibrahim,Gure,2015-02-26,Male,Halima Gure,+252610001882,House 1882 Waberi District Mogadishu,guardian1882@example.com,Father,6a76266d63e146a4e41f6870,,,6a7621e463e146a4e41f6852,2026-08-07,Somali,false
Hodan,Abdullahi,Gure,2016-03-27,Female,Jama Gure,+252610001883,House 1883 Hamar Weyne District Mogadishu,guardian1883@example.com,Mother,6a76266d63e146a4e41f6870,,,6a7621e463e146a4e41f6852,2026-08-07,Somali,false
Mohamed,Samatar,Gure,2015-04-28,Male,Ruqiya Gure,+252610001884,House 1884 Yaqshid District Mogadishu,guardian1884@example.com,Father,6a76266d63e146a4e41f6870,,,6a7621e463e146a4e41f6852,2026-08-07,Somali,false
Sahra,Elmi,Gure,2016-05-01,Female,Ahmed Gure,+252610001885,House 1885 Karaan District Mogadishu,guardian1885@example.com,Mother,6a76266d63e146a4e41f6870,,,6a7621e463e146a4e41f6852,2026-08-07,Somali,false
Abdi,Mohamed,Gure,2015-06-02,Male,Deqa Gure,+252610001886,House 1886 Wadajir District Mogadishu,guardian1886@example.com,Father,6a76266d63e146a4e41f6870,,,6a7621e463e146a4e41f6852,2026-08-07,Somali,false
Fadumo,Farah,Gure,2016-07-03,Female,Adan Gure,+252610001887,House 1887 Dharkenley District Mogadishu,guardian1887@example.com,Mother,6a76266d63e146a4e41f6870,,,6a7621e463e146a4e41f6852,2026-08-07,Somali,false
Yusuf,Muse,Gure,2015-08-04,Male,Ikram Gure,+252610001888,House 1888 Shangani District Mogadishu,guardian1888@example.com,Father,6a76266d63e146a4e41f6870,,,6a7621e463e146a4e41f6852,2026-08-07,Somali,false
Maryan,Roble,Gure,2016-09-05,Female,Ali Gure,+252610001889,House 1889 Bondhere District Mogadishu,guardian1889@example.com,Mother,6a76266d63e146a4e41f6870,,,6a7621e463e146a4e41f6852,2026-08-07,Somali,false
Hassan,Omar,Gure,2015-10-06,Male,Yasmin Gure,+252610001890,House 1890 Daynile District Mogadishu,guardian1890@example.com,Father,6a76266d63e146a4e41f6870,,,6a7621e463e146a4e41f6852,2026-08-07,Somali,false
Halima,Osman,Gure,2016-11-07,Female,Muse Gure,+252610001891,House 1891 Hodan District Mogadishu,guardian1891@example.com,Mother,6a76266d63e146a4e41f6870,,,6a7621e463e146a4e41f6852,2026-08-07,Somali,false
Omar,Bashir,Gure,2015-12-08,Male,Khadra Gure,+252610001892,House 1892 Waberi District Mogadishu,guardian1892@example.com,Father,6a76266d63e146a4e41f6870,,,6a7621e463e146a4e41f6852,2026-08-07,Somali,false
Yasmin,Khalif,Gure,2016-01-09,Female,Omar Gure,+252610001893,House 1893 Hamar Weyne District Mogadishu,guardian1893@example.com,Mother,6a76266d63e146a4e41f6870,,,6a7621e463e146a4e41f6852,2026-08-07,Somali,false
Ali,Hassan,Gure,2015-02-10,Male,Ifrah Gure,+252610001894,House 1894 Yaqshid District Mogadishu,guardian1894@example.com,Father,6a76266d63e146a4e41f6870,,,6a7621e463e146a4e41f6852,2026-08-07,Somali,false
Ikram,Ismail,Gure,2016-03-11,Female,Said Gure,+252610001895,House 1895 Karaan District Mogadishu,guardian1895@example.com,Mother,6a76266d63e146a4e41f6870,,,6a7621e463e146a4e41f6852,2026-08-07,Somali,false
Ismail,Mahad,Gure,2015-04-12,Male,Sahra Gure,+252610001896,House 1896 Wadajir District Mogadishu,guardian1896@example.com,Father,6a76266d63e146a4e41f6870,,,6a7621e463e146a4e41f6852,2026-08-07,Somali,false
Nasteho,Abshir,Gure,2016-05-13,Female,Ismail Gure,+252610001897,House 1897 Dharkenley District Mogadishu,guardian1897@example.com,Mother,6a76266d63e146a4e41f6870,,,6a7621e463e146a4e41f6852,2026-08-07,Somali,false
Ibrahim,Aden,Gure,2015-06-14,Male,Sumaya Gure,+252610001898,House 1898 Shangani District Mogadishu,guardian1898@example.com,Father,6a76266d63e146a4e41f6870,,,6a7621e463e146a4e41f6852,2026-08-07,Somali,false
Deqa,Ahmed,Gure,2016-07-15,Female,Samatar Gure,+252610001899,House 1899 Bondhere District Mogadishu,guardian1899@example.com,Mother,6a76266d63e146a4e41f6870,,,6a7621e463e146a4e41f6852,2026-08-07,Somali,false
Zakariya,Warsame,Gure,2015-08-16,Male,Maryan Gure,+252610001900,House 1900 Daynile District Mogadishu,guardian1900@example.com,Father,6a76266d63e146a4e41f6870,,,6a7621e463e146a4e41f6852,2026-08-07,Somali,false
Asha,Daud,Gure,2016-09-17,Female,Osman Gure,+252610001901,House 1901 Hodan District Mogadishu,guardian1901@example.com,Mother,6a76266d63e146a4e41f6870,,,6a7621e463e146a4e41f6852,2026-08-07,Somali,false
Abdullahi,Guled,Gure,2015-10-18,Male,Muna Gure,+252610001902,House 1902 Waberi District Mogadishu,guardian1902@example.com,Father,6a76266d63e146a4e41f6870,,,6a7621e463e146a4e41f6852,2026-08-07,Somali,false
Khadija,Yusuf,Gure,2016-11-19,Female,Mohamed Gure,+252610001903,House 1903 Hamar Weyne District Mogadishu,guardian1903@example.com,Mother,6a76266d63e146a4e41f6870,,,6a7621e463e146a4e41f6852,2026-08-07,Somali,false
Bashir,Jama,Gure,2015-12-20,Male,Asha Gure,+252610001904,House 1904 Yaqshid District Mogadishu,guardian1904@example.com,Father,6a76266d63e146a4e41f6870,,,6a7621e463e146a4e41f6852,2026-08-07,Somali,false
Hibo,Said,Gure,2016-01-21,Female,Farah Gure,+252610001905,House 1905 Karaan District Mogadishu,guardian1905@example.com,Mother,6a76266d63e146a4e41f6870,,,6a7621e463e146a4e41f6852,2026-08-07,Somali,false
Mahad,Shire,Gure,2015-02-22,Male,Amal Gure,+252610001906,House 1906 Wadajir District Mogadishu,guardian1906@example.com,Father,6a76266d63e146a4e41f6870,,,6a7621e463e146a4e41f6852,2026-08-07,Somali,false
Rahma,Abdi,Gure,2016-03-23,Female,Yusuf Gure,+252610001907,House 1907 Dharkenley District Mogadishu,guardian1907@example.com,Mother,6a76266d63e146a4e41f6870,,,6a7621e463e146a4e41f6852,2026-08-07,Somali,false
Adan,Nur,Gure,2015-04-24,Male,Nasteho Gure,+252610001908,House 1908 Shangani District Mogadishu,guardian1908@example.com,Father,6a76266d63e146a4e41f6870,,,6a7621e463e146a4e41f6852,2026-08-07,Somali,false
Ifrah,Adan,Gure,2016-05-25,Female,Bashir Gure,+252610001909,House 1909 Bondhere District Mogadishu,guardian1909@example.com,Mother,6a76266d63e146a4e41f6870,,,6a7621e463e146a4e41f6852,2026-08-07,Somali,false
Farah,Liban,Gure,2015-06-26,Male,Khadija Gure,+252610001910,House 1910 Daynile District Mogadishu,guardian1910@example.com,Father,6a76266d63e146a4e41f6870,,,6a7621e463e146a4e41f6852,2026-08-07,Somali,false
Sumaya,Ali,Gure,2016-07-27,Female,Hassan Gure,+252610001911,House 1911 Hodan District Mogadishu,guardian1911@example.com,Mother,6a76266d63e146a4e41f6870,,,6a7621e463e146a4e41f6852,2026-08-07,Somali,false
Jama,Ibrahim,Gure,2015-08-28,Male,Rahma Gure,+252610001912,House 1912 Waberi District Mogadishu,guardian1912@example.com,Father,6a76266d63e146a4e41f6870,,,6a7621e463e146a4e41f6852,2026-08-07,Somali,false
Muna,Abdullahi,Gure,2016-09-01,Female,Warsame Gure,+252610001913,House 1913 Hamar Weyne District Mogadishu,guardian1913@example.com,Mother,6a76266d63e146a4e41f6870,,,6a7621e463e146a4e41f6852,2026-08-07,Somali,false
Osman,Samatar,Gure,2015-10-02,Male,Hawa Gure,+252610001914,House 1914 Yaqshid District Mogadishu,guardian1914@example.com,Father,6a76266d63e146a4e41f6870,,,6a7621e463e146a4e41f6852,2026-08-07,Somali,false
Ruqiya,Elmi,Gure,2016-11-03,Female,Ibrahim Gure,+252610001915,House 1915 Karaan District Mogadishu,guardian1915@example.com,Mother,6a76266d63e146a4e41f6870,,,6a7621e463e146a4e41f6852,2026-08-07,Somali,false
Said,Mohamed,Gure,2015-12-04,Male,Hibo Gure,+252610001916,House 1916 Wadajir District Mogadishu,guardian1916@example.com,Father,6a76266d63e146a4e41f6870,,,6a7621e463e146a4e41f6852,2026-08-07,Somali,false
Luul,Farah,Gure,2016-01-05,Female,Daud Gure,+252610001917,House 1917 Dharkenley District Mogadishu,guardian1917@example.com,Mother,6a76266d63e146a4e41f6870,,,6a7621e463e146a4e41f6852,2026-08-07,Somali,false
Muse,Muse,Gure,2015-02-06,Male,Fadumo Gure,+252610001918,House 1918 Shangani District Mogadishu,guardian1918@example.com,Father,6a76266d63e146a4e41f6870,,,6a7621e463e146a4e41f6852,2026-08-07,Somali,false
Amal,Roble,Gure,2016-03-07,Female,Mahad Gure,+252610001919,House 1919 Bondhere District Mogadishu,guardian1919@example.com,Mother,6a76266d63e146a4e41f6870,,,6a7621e463e146a4e41f6852,2026-08-07,Somali,false
Warsame,Omar,Gure,2015-04-08,Male,Luul Gure,+252610001920,House 1920 Daynile District Mogadishu,guardian1920@example.com,Father,6a76266d63e146a4e41f6870,,,6a7621e463e146a4e41f6852,2026-08-07,Somali,false
Amina,Osman,Ayanle,2016-05-09,Female,Abdullahi Ayanle,+252610001921,House 1921 Hodan District Mogadishu,guardian1921@example.com,Mother,6a76266d63e146a4e41f6870,,,6a7621e463e146a4e41f6852,2026-08-07,Somali,false
Ahmed,Bashir,Ayanle,2015-06-10,Male,Halima Ayanle,+252610001922,House 1922 Waberi District Mogadishu,guardian1922@example.com,Father,6a76266d63e146a4e41f6870,,,6a7621e463e146a4e41f6852,2026-08-07,Somali,false
Hodan,Khalif,Ayanle,2016-07-11,Female,Jama Ayanle,+252610001923,House 1923 Hamar Weyne District Mogadishu,guardian1923@example.com,Mother,6a76266d63e146a4e41f6870,,,6a7621e463e146a4e41f6852,2026-08-07,Somali,false
Mohamed,Hassan,Ayanle,2015-08-12,Male,Ruqiya Ayanle,+252610001924,House 1924 Yaqshid District Mogadishu,guardian1924@example.com,Father,6a76266d63e146a4e41f6870,,,6a7621e463e146a4e41f6852,2026-08-07,Somali,false
Sahra,Ismail,Ayanle,2016-09-13,Female,Ahmed Ayanle,+252610001925,House 1925 Karaan District Mogadishu,guardian1925@example.com,Mother,6a76266d63e146a4e41f6870,,,6a7621e463e146a4e41f6852,2026-08-07,Somali,false
Abdi,Mahad,Ayanle,2015-10-14,Male,Deqa Ayanle,+252610001926,House 1926 Wadajir District Mogadishu,guardian1926@example.com,Father,6a76266d63e146a4e41f6870,,,6a7621e463e146a4e41f6852,2026-08-07,Somali,false
Fadumo,Abshir,Ayanle,2016-11-15,Female,Adan Ayanle,+252610001927,House 1927 Dharkenley District Mogadishu,guardian1927@example.com,Mother,6a76266d63e146a4e41f6870,,,6a7621e463e146a4e41f6852,2026-08-07,Somali,false
Yusuf,Aden,Ayanle,2015-12-16,Male,Ikram Ayanle,+252610001928,House 1928 Shangani District Mogadishu,guardian1928@example.com,Father,6a76266d63e146a4e41f6870,,,6a7621e463e146a4e41f6852,2026-08-07,Somali,false
Maryan,Ahmed,Ayanle,2016-01-17,Female,Ali Ayanle,+252610001929,House 1929 Bondhere District Mogadishu,guardian1929@example.com,Mother,6a76266d63e146a4e41f6870,,,6a7621e463e146a4e41f6852,2026-08-07,Somali,false
Hassan,Warsame,Ayanle,2015-02-18,Male,Yasmin Ayanle,+252610001930,House 1930 Daynile District Mogadishu,guardian1930@example.com,Father,6a76266d63e146a4e41f6870,,,6a7621e463e146a4e41f6852,2026-08-07,Somali,false
Halima,Daud,Ayanle,2016-03-19,Female,Muse Ayanle,+252610001931,House 1931 Hodan District Mogadishu,guardian1931@example.com,Mother,6a76266d63e146a4e41f6870,,,6a7621e463e146a4e41f6852,2026-08-07,Somali,false
Omar,Guled,Ayanle,2015-04-20,Male,Khadra Ayanle,+252610001932,House 1932 Waberi District Mogadishu,guardian1932@example.com,Father,6a76266d63e146a4e41f6870,,,6a7621e463e146a4e41f6852,2026-08-07,Somali,false
Yasmin,Yusuf,Ayanle,2016-05-21,Female,Omar Ayanle,+252610001933,House 1933 Hamar Weyne District Mogadishu,guardian1933@example.com,Mother,6a76266d63e146a4e41f6870,,,6a7621e463e146a4e41f6852,2026-08-07,Somali,false
Ali,Jama,Ayanle,2015-06-22,Male,Ifrah Ayanle,+252610001934,House 1934 Yaqshid District Mogadishu,guardian1934@example.com,Father,6a76266d63e146a4e41f6870,,,6a7621e463e146a4e41f6852,2026-08-07,Somali,false
Ikram,Said,Ayanle,2016-07-23,Female,Said Ayanle,+252610001935,House 1935 Karaan District Mogadishu,guardian1935@example.com,Mother,6a76266d63e146a4e41f6870,,,6a7621e463e146a4e41f6852,2026-08-07,Somali,false
Ismail,Shire,Ayanle,2015-08-24,Male,Sahra Ayanle,+252610001936,House 1936 Wadajir District Mogadishu,guardian1936@example.com,Father,6a76266d63e146a4e41f6870,,,6a7621e463e146a4e41f6852,2026-08-07,Somali,false
Nasteho,Abdi,Ayanle,2016-09-25,Female,Ismail Ayanle,+252610001937,House 1937 Dharkenley District Mogadishu,guardian1937@example.com,Mother,6a76266d63e146a4e41f6870,,,6a7621e463e146a4e41f6852,2026-08-07,Somali,false
Ibrahim,Nur,Ayanle,2015-10-26,Male,Sumaya Ayanle,+252610001938,House 1938 Shangani District Mogadishu,guardian1938@example.com,Father,6a76266d63e146a4e41f6870,,,6a7621e463e146a4e41f6852,2026-08-07,Somali,false
Deqa,Adan,Ayanle,2016-11-27,Female,Samatar Ayanle,+252610001939,House 1939 Bondhere District Mogadishu,guardian1939@example.com,Mother,6a76266d63e146a4e41f6870,,,6a7621e463e146a4e41f6852,2026-08-07,Somali,false
Zakariya,Liban,Ayanle,2015-12-28,Male,Maryan Ayanle,+252610001940,House 1940 Daynile District Mogadishu,guardian1940@example.com,Father,6a76266d63e146a4e41f6870,,,6a7621e463e146a4e41f6852,2026-08-07,Somali,false
Asha,Ali,Ayanle,2016-01-01,Female,Osman Ayanle,+252610001941,House 1941 Hodan District Mogadishu,guardian1941@example.com,Mother,6a76266d63e146a4e41f6870,,,6a7621e463e146a4e41f6852,2026-08-07,Somali,false
Abdullahi,Ibrahim,Ayanle,2015-02-02,Male,Muna Ayanle,+252610001942,House 1942 Waberi District Mogadishu,guardian1942@example.com,Father,6a76266d63e146a4e41f6870,,,6a7621e463e146a4e41f6852,2026-08-07,Somali,false
Khadija,Abdullahi,Ayanle,2016-03-03,Female,Mohamed Ayanle,+252610001943,House 1943 Hamar Weyne District Mogadishu,guardian1943@example.com,Mother,6a76266d63e146a4e41f6870,,,6a7621e463e146a4e41f6852,2026-08-07,Somali,false
Bashir,Samatar,Ayanle,2015-04-04,Male,Asha Ayanle,+252610001944,House 1944 Yaqshid District Mogadishu,guardian1944@example.com,Father,6a76266d63e146a4e41f6870,,,6a7621e463e146a4e41f6852,2026-08-07,Somali,false
Hibo,Elmi,Ayanle,2016-05-05,Female,Farah Ayanle,+252610001945,House 1945 Karaan District Mogadishu,guardian1945@example.com,Mother,6a76266d63e146a4e41f6870,,,6a7621e463e146a4e41f6852,2026-08-07,Somali,false
Mahad,Mohamed,Ayanle,2015-06-06,Male,Amal Ayanle,+252610001946,House 1946 Wadajir District Mogadishu,guardian1946@example.com,Father,6a76266d63e146a4e41f6870,,,6a7621e463e146a4e41f6852,2026-08-07,Somali,false
Rahma,Farah,Ayanle,2016-07-07,Female,Yusuf Ayanle,+252610001947,House 1947 Dharkenley District Mogadishu,guardian1947@example.com,Mother,6a76266d63e146a4e41f6870,,,6a7621e463e146a4e41f6852,2026-08-07,Somali,false
Adan,Muse,Ayanle,2015-08-08,Male,Nasteho Ayanle,+252610001948,House 1948 Shangani District Mogadishu,guardian1948@example.com,Father,6a76266d63e146a4e41f6870,,,6a7621e463e146a4e41f6852,2026-08-07,Somali,false
Ifrah,Roble,Ayanle,2016-09-09,Female,Bashir Ayanle,+252610001949,House 1949 Bondhere District Mogadishu,guardian1949@example.com,Mother,6a76266d63e146a4e41f6870,,,6a7621e463e146a4e41f6852,2026-08-07,Somali,false
Farah,Omar,Ayanle,2015-10-10,Male,Khadija Ayanle,+252610001950,House 1950 Daynile District Mogadishu,guardian1950@example.com,Father,6a76266d63e146a4e41f6870,,,6a7621e463e146a4e41f6852,2026-08-07,Somali,false
Sumaya,Osman,Ayanle,2016-11-11,Female,Hassan Ayanle,+252610001951,House 1951 Hodan District Mogadishu,guardian1951@example.com,Mother,6a76266d63e146a4e41f6870,,,6a7621e463e146a4e41f6852,2026-08-07,Somali,false
Jama,Bashir,Ayanle,2015-12-12,Male,Rahma Ayanle,+252610001952,House 1952 Waberi District Mogadishu,guardian1952@example.com,Father,6a76266d63e146a4e41f6870,,,6a7621e463e146a4e41f6852,2026-08-07,Somali,false
Muna,Khalif,Ayanle,2016-01-13,Female,Warsame Ayanle,+252610001953,House 1953 Hamar Weyne District Mogadishu,guardian1953@example.com,Mother,6a76266d63e146a4e41f6870,,,6a7621e463e146a4e41f6852,2026-08-07,Somali,false
Osman,Hassan,Ayanle,2015-02-14,Male,Hawa Ayanle,+252610001954,House 1954 Yaqshid District Mogadishu,guardian1954@example.com,Father,6a76266d63e146a4e41f6870,,,6a7621e463e146a4e41f6852,2026-08-07,Somali,false
Ruqiya,Ismail,Ayanle,2016-03-15,Female,Ibrahim Ayanle,+252610001955,House 1955 Karaan District Mogadishu,guardian1955@example.com,Mother,6a76266d63e146a4e41f6870,,,6a7621e463e146a4e41f6852,2026-08-07,Somali,false
Said,Mahad,Ayanle,2015-04-16,Male,Hibo Ayanle,+252610001956,House 1956 Wadajir District Mogadishu,guardian1956@example.com,Father,6a76266d63e146a4e41f6870,,,6a7621e463e146a4e41f6852,2026-08-07,Somali,false
Luul,Abshir,Ayanle,2016-05-17,Female,Daud Ayanle,+252610001957,House 1957 Dharkenley District Mogadishu,guardian1957@example.com,Mother,6a76266d63e146a4e41f6870,,,6a7621e463e146a4e41f6852,2026-08-07,Somali,false
Muse,Aden,Ayanle,2015-06-18,Male,Fadumo Ayanle,+252610001958,House 1958 Shangani District Mogadishu,guardian1958@example.com,Father,6a76266d63e146a4e41f6870,,,6a7621e463e146a4e41f6852,2026-08-07,Somali,false
Amal,Ahmed,Ayanle,2016-07-19,Female,Mahad Ayanle,+252610001959,House 1959 Bondhere District Mogadishu,guardian1959@example.com,Mother,6a76266d63e146a4e41f6870,,,6a7621e463e146a4e41f6852,2026-08-07,Somali,false
Warsame,Warsame,Ayanle,2015-08-20,Male,Luul Ayanle,+252610001960,House 1960 Daynile District Mogadishu,guardian1960@example.com,Father,6a76266d63e146a4e41f6870,,,6a7621e463e146a4e41f6852,2026-08-07,Somali,false
Amina,Daud,Bulhan,2016-09-21,Female,Abdullahi Bulhan,+252610001961,House 1961 Hodan District Mogadishu,guardian1961@example.com,Mother,6a76266d63e146a4e41f6870,,,6a7621e463e146a4e41f6852,2026-08-07,Somali,false
Ahmed,Guled,Bulhan,2015-10-22,Male,Halima Bulhan,+252610001962,House 1962 Waberi District Mogadishu,guardian1962@example.com,Father,6a76266d63e146a4e41f6870,,,6a7621e463e146a4e41f6852,2026-08-07,Somali,false
Hodan,Yusuf,Bulhan,2016-11-23,Female,Jama Bulhan,+252610001963,House 1963 Hamar Weyne District Mogadishu,guardian1963@example.com,Mother,6a76266d63e146a4e41f6870,,,6a7621e463e146a4e41f6852,2026-08-07,Somali,false
Mohamed,Jama,Bulhan,2015-12-24,Male,Ruqiya Bulhan,+252610001964,House 1964 Yaqshid District Mogadishu,guardian1964@example.com,Father,6a76266d63e146a4e41f6870,,,6a7621e463e146a4e41f6852,2026-08-07,Somali,false
Sahra,Said,Bulhan,2016-01-25,Female,Ahmed Bulhan,+252610001965,House 1965 Karaan District Mogadishu,guardian1965@example.com,Mother,6a76266d63e146a4e41f6870,,,6a7621e463e146a4e41f6852,2026-08-07,Somali,false
Abdi,Shire,Bulhan,2015-02-26,Male,Deqa Bulhan,+252610001966,House 1966 Wadajir District Mogadishu,guardian1966@example.com,Father,6a76266d63e146a4e41f6870,,,6a7621e463e146a4e41f6852,2026-08-07,Somali,false
Fadumo,Abdi,Bulhan,2016-03-27,Female,Adan Bulhan,+252610001967,House 1967 Dharkenley District Mogadishu,guardian1967@example.com,Mother,6a76266d63e146a4e41f6870,,,6a7621e463e146a4e41f6852,2026-08-07,Somali,false
Yusuf,Nur,Bulhan,2015-04-28,Male,Ikram Bulhan,+252610001968,House 1968 Shangani District Mogadishu,guardian1968@example.com,Father,6a76266d63e146a4e41f6870,,,6a7621e463e146a4e41f6852,2026-08-07,Somali,false
Maryan,Adan,Bulhan,2016-05-01,Female,Ali Bulhan,+252610001969,House 1969 Bondhere District Mogadishu,guardian1969@example.com,Mother,6a76266d63e146a4e41f6870,,,6a7621e463e146a4e41f6852,2026-08-07,Somali,false
Hassan,Liban,Bulhan,2015-06-02,Male,Yasmin Bulhan,+252610001970,House 1970 Daynile District Mogadishu,guardian1970@example.com,Father,6a76266d63e146a4e41f6870,,,6a7621e463e146a4e41f6852,2026-08-07,Somali,false
Halima,Ali,Bulhan,2016-07-03,Female,Muse Bulhan,+252610001971,House 1971 Hodan District Mogadishu,guardian1971@example.com,Mother,6a76266d63e146a4e41f6870,,,6a7621e463e146a4e41f6852,2026-08-07,Somali,false
Omar,Ibrahim,Bulhan,2015-08-04,Male,Khadra Bulhan,+252610001972,House 1972 Waberi District Mogadishu,guardian1972@example.com,Father,6a76266d63e146a4e41f6870,,,6a7621e463e146a4e41f6852,2026-08-07,Somali,false
Yasmin,Abdullahi,Bulhan,2016-09-05,Female,Omar Bulhan,+252610001973,House 1973 Hamar Weyne District Mogadishu,guardian1973@example.com,Mother,6a76266d63e146a4e41f6870,,,6a7621e463e146a4e41f6852,2026-08-07,Somali,false
Ali,Samatar,Bulhan,2015-10-06,Male,Ifrah Bulhan,+252610001974,House 1974 Yaqshid District Mogadishu,guardian1974@example.com,Father,6a76266d63e146a4e41f6870,,,6a7621e463e146a4e41f6852,2026-08-07,Somali,false
Ikram,Elmi,Bulhan,2016-11-07,Female,Said Bulhan,+252610001975,House 1975 Karaan District Mogadishu,guardian1975@example.com,Mother,6a76266d63e146a4e41f6870,,,6a7621e463e146a4e41f6852,2026-08-07,Somali,false
Ismail,Mohamed,Bulhan,2015-12-08,Male,Sahra Bulhan,+252610001976,House 1976 Wadajir District Mogadishu,guardian1976@example.com,Father,6a76266d63e146a4e41f6870,,,6a7621e463e146a4e41f6852,2026-08-07,Somali,false
Nasteho,Farah,Bulhan,2016-01-09,Female,Ismail Bulhan,+252610001977,House 1977 Dharkenley District Mogadishu,guardian1977@example.com,Mother,6a76266d63e146a4e41f6870,,,6a7621e463e146a4e41f6852,2026-08-07,Somali,false
Ibrahim,Muse,Bulhan,2015-02-10,Male,Sumaya Bulhan,+252610001978,House 1978 Shangani District Mogadishu,guardian1978@example.com,Father,6a76266d63e146a4e41f6870,,,6a7621e463e146a4e41f6852,2026-08-07,Somali,false
Deqa,Roble,Bulhan,2016-03-11,Female,Samatar Bulhan,+252610001979,House 1979 Bondhere District Mogadishu,guardian1979@example.com,Mother,6a76266d63e146a4e41f6870,,,6a7621e463e146a4e41f6852,2026-08-07,Somali,false
Zakariya,Omar,Bulhan,2015-04-12,Male,Maryan Bulhan,+252610001980,House 1980 Daynile District Mogadishu,guardian1980@example.com,Father,6a76266d63e146a4e41f6870,,,6a7621e463e146a4e41f6852,2026-08-07,Somali,false
Asha,Osman,Bulhan,2016-05-13,Female,Osman Bulhan,+252610001981,House 1981 Hodan District Mogadishu,guardian1981@example.com,Mother,6a76266d63e146a4e41f6870,,,6a7621e463e146a4e41f6852,2026-08-07,Somali,false
Abdullahi,Bashir,Bulhan,2015-06-14,Male,Muna Bulhan,+252610001982,House 1982 Waberi District Mogadishu,guardian1982@example.com,Father,6a76266d63e146a4e41f6870,,,6a7621e463e146a4e41f6852,2026-08-07,Somali,false
Khadija,Khalif,Bulhan,2016-07-15,Female,Mohamed Bulhan,+252610001983,House 1983 Hamar Weyne District Mogadishu,guardian1983@example.com,Mother,6a76266d63e146a4e41f6870,,,6a7621e463e146a4e41f6852,2026-08-07,Somali,false
Bashir,Hassan,Bulhan,2015-08-16,Male,Asha Bulhan,+252610001984,House 1984 Yaqshid District Mogadishu,guardian1984@example.com,Father,6a76266d63e146a4e41f6870,,,6a7621e463e146a4e41f6852,2026-08-07,Somali,false
Hibo,Ismail,Bulhan,2016-09-17,Female,Farah Bulhan,+252610001985,House 1985 Karaan District Mogadishu,guardian1985@example.com,Mother,6a76266d63e146a4e41f6870,,,6a7621e463e146a4e41f6852,2026-08-07,Somali,false
Mahad,Mahad,Bulhan,2015-10-18,Male,Amal Bulhan,+252610001986,House 1986 Wadajir District Mogadishu,guardian1986@example.com,Father,6a76266d63e146a4e41f6870,,,6a7621e463e146a4e41f6852,2026-08-07,Somali,false
Rahma,Abshir,Bulhan,2016-11-19,Female,Yusuf Bulhan,+252610001987,House 1987 Dharkenley District Mogadishu,guardian1987@example.com,Mother,6a76266d63e146a4e41f6870,,,6a7621e463e146a4e41f6852,2026-08-07,Somali,false
Adan,Aden,Bulhan,2015-12-20,Male,Nasteho Bulhan,+252610001988,House 1988 Shangani District Mogadishu,guardian1988@example.com,Father,6a76266d63e146a4e41f6870,,,6a7621e463e146a4e41f6852,2026-08-07,Somali,false
Ifrah,Ahmed,Bulhan,2016-01-21,Female,Bashir Bulhan,+252610001989,House 1989 Bondhere District Mogadishu,guardian1989@example.com,Mother,6a76266d63e146a4e41f6870,,,6a7621e463e146a4e41f6852,2026-08-07,Somali,false
Farah,Warsame,Bulhan,2015-02-22,Male,Khadija Bulhan,+252610001990,House 1990 Daynile District Mogadishu,guardian1990@example.com,Father,6a76266d63e146a4e41f6870,,,6a7621e463e146a4e41f6852,2026-08-07,Somali,false
Sumaya,Daud,Bulhan,2016-03-23,Female,Hassan Bulhan,+252610001991,House 1991 Hodan District Mogadishu,guardian1991@example.com,Mother,6a76266d63e146a4e41f6870,,,6a7621e463e146a4e41f6852,2026-08-07,Somali,false
Jama,Guled,Bulhan,2015-04-24,Male,Rahma Bulhan,+252610001992,House 1992 Waberi District Mogadishu,guardian1992@example.com,Father,6a76266d63e146a4e41f6870,,,6a7621e463e146a4e41f6852,2026-08-07,Somali,false
Muna,Yusuf,Bulhan,2016-05-25,Female,Warsame Bulhan,+252610001993,House 1993 Hamar Weyne District Mogadishu,guardian1993@example.com,Mother,6a76266d63e146a4e41f6870,,,6a7621e463e146a4e41f6852,2026-08-07,Somali,false
Osman,Jama,Bulhan,2015-06-26,Male,Hawa Bulhan,+252610001994,House 1994 Yaqshid District Mogadishu,guardian1994@example.com,Father,6a76266d63e146a4e41f6870,,,6a7621e463e146a4e41f6852,2026-08-07,Somali,false
Ruqiya,Said,Bulhan,2016-07-27,Female,Ibrahim Bulhan,+252610001995,House 1995 Karaan District Mogadishu,guardian1995@example.com,Mother,6a76266d63e146a4e41f6870,,,6a7621e463e146a4e41f6852,2026-08-07,Somali,false
Said,Shire,Bulhan,2015-08-28,Male,Hibo Bulhan,+252610001996,House 1996 Wadajir District Mogadishu,guardian1996@example.com,Father,6a76266d63e146a4e41f6870,,,6a7621e463e146a4e41f6852,2026-08-07,Somali,false
Luul,Abdi,Bulhan,2016-09-01,Female,Daud Bulhan,+252610001997,House 1997 Dharkenley District Mogadishu,guardian1997@example.com,Mother,6a76266d63e146a4e41f6870,,,6a7621e463e146a4e41f6852,2026-08-07,Somali,false
Muse,Nur,Bulhan,2015-10-02,Male,Fadumo Bulhan,+252610001998,House 1998 Shangani District Mogadishu,guardian1998@example.com,Father,6a76266d63e146a4e41f6870,,,6a7621e463e146a4e41f6852,2026-08-07,Somali,false
Amal,Adan,Bulhan,2016-11-03,Female,Mahad Bulhan,+252610001999,House 1999 Bondhere District Mogadishu,guardian1999@example.com,Mother,6a76266d63e146a4e41f6870,,,6a7621e463e146a4e41f6852,2026-08-07,Somali,false
Warsame,Liban,Bulhan,2015-12-04,Male,Luul Bulhan,+252610002000,House 2000 Daynile District Mogadishu,guardian2000@example.com,Father,6a76266d63e146a4e41f6870,,,6a7621e463e146a4e41f6852,2026-08-07,Somali,false
